{
    "Ar36": {
        "error": 0.00020638771622566064, 
        "filter_outliers_dict": {
            "filter_outliers": true, 
            "iterations": 1, 
            "std_devs": 2
        }, 
        "fit": "Linear", 
        "value": 0.007698074547071781
    }, 
    "Ar37": {
        "error": 0.009384322138276958, 
        "filter_outliers_dict": {
            "filter_outliers": true, 
            "iterations": 1, 
            "std_devs": 2
        }, 
        "fit": "linear", 
        "value": 0.34434832645430125
    }, 
    "Ar38": {
        "error": 0.004270040388479078, 
        "filter_outliers_dict": {
            "filter_outliers": true, 
            "iterations": 1, 
            "std_devs": 2
        }, 
        "fit": "linear", 
        "value": 0.6629149824311082
    }, 
    "Ar39": {
        "error": 0.013335146231565516, 
        "filter_outliers_dict": {
            "filter_outliers": true, 
            "iterations": 1, 
            "std_devs": 2
        }, 
        "fit": "Linear", 
        "value": 50.37554228845885
    }, 
    "Ar40": {
        "error": 0.05111812617001032, 
        "filter_outliers_dict": {
            "filter_outliers": true, 
            "iterations": 1, 
            "std_devs": 2
        }, 
        "fit": "Linear", 
        "value": 495.23461164190815
    }, 
    "Ar41": {
        "error": 0.004314719903469739, 
        "filter_outliers_dict": {
            "filter_outliers": true, 
            "iterations": 1, 
            "std_devs": 2
        }, 
        "fit": "Average", 
        "value": 0.08789697242258315
    }
}