{
    "Ar36": {
        "error": 0.0002710425352331987, 
        "filter_outliers_dict": {
            "filter_outliers": true, 
            "iterations": 1, 
            "std_devs": 2
        }, 
        "fit": "Linear", 
        "value": 0.011784923328344618
    }, 
    "Ar37": {
        "error": 0.010535839463136337, 
        "filter_outliers_dict": {
            "filter_outliers": true, 
            "iterations": 1, 
            "std_devs": 2
        }, 
        "fit": "linear", 
        "value": 0.49136525535360814
    }, 
    "Ar38": {
        "error": 0.005642705522174062, 
        "filter_outliers_dict": {
            "filter_outliers": true, 
            "iterations": 1, 
            "std_devs": 2
        }, 
        "fit": "linear", 
        "value": 1.7380737999922895
    }, 
    "Ar39": {
        "error": 0.023734842171201653, 
        "filter_outliers_dict": {
            "filter_outliers": true, 
            "iterations": 1, 
            "std_devs": 2
        }, 
        "fit": "Linear", 
        "value": 131.81041625314788
    }, 
    "Ar40": {
        "error": 0.08853538925235302, 
        "filter_outliers_dict": {
            "filter_outliers": true, 
            "iterations": 1, 
            "std_devs": 2
        }, 
        "fit": "Linear", 
        "value": 1292.8094923694532
    }, 
    "Ar41": {
        "error": 0.00423137240044898, 
        "filter_outliers_dict": {
            "filter_outliers": true, 
            "iterations": 1, 
            "std_devs": 2
        }, 
        "fit": "Average", 
        "value": 0.11916286584406004
    }
}