{
    "Ar36": {
        "error": 0.00022579212864687738, 
        "filter_outliers_dict": {
            "filter_outliers": true, 
            "iterations": 1, 
            "std_devs": 2
        }, 
        "fit": "Linear", 
        "value": 0.007461777890883752
    }, 
    "Ar37": {
        "error": 0.011446750861953915, 
        "filter_outliers_dict": {
            "filter_outliers": true, 
            "iterations": 1, 
            "std_devs": 2
        }, 
        "fit": "linear", 
        "value": 0.3246125006155831
    }, 
    "Ar38": {
        "error": 0.004715065798139006, 
        "filter_outliers_dict": {
            "filter_outliers": true, 
            "iterations": 1, 
            "std_devs": 2
        }, 
        "fit": "linear", 
        "value": 0.14639880078736117
    }, 
    "Ar39": {
        "error": 0.011050944689958634, 
        "filter_outliers_dict": {
            "filter_outliers": true, 
            "iterations": 1, 
            "std_devs": 2
        }, 
        "fit": "Linear", 
        "value": 10.055275807402417
    }, 
    "Ar40": {
        "error": 0.15032959646851854, 
        "filter_outliers_dict": {
            "filter_outliers": true, 
            "iterations": 1, 
            "std_devs": 2
        }, 
        "fit": "Linear", 
        "value": 2615.0654695797616
    }, 
    "Ar41": {
        "error": 0.005261748507410432, 
        "filter_outliers_dict": {
            "filter_outliers": true, 
            "iterations": 1, 
            "std_devs": 2
        }, 
        "fit": "Average", 
        "value": 0.15474631961477828
    }
}