{
    "Ar36": {
        "error": 0.00022719995706347053, 
        "filter_outliers_dict": {
            "filter_outliers": true, 
            "iterations": 1, 
            "std_devs": 2
        }, 
        "fit": "Linear", 
        "value": 0.00502073565720531
    }, 
    "Ar37": {
        "error": 0.008610056901415147, 
        "filter_outliers_dict": {
            "filter_outliers": true, 
            "iterations": 1, 
            "std_devs": 2
        }, 
        "fit": "linear", 
        "value": 0.6165008248079392
    }, 
    "Ar38": {
        "error": 0.00438128869514049, 
        "filter_outliers_dict": {
            "filter_outliers": true, 
            "iterations": 1, 
            "std_devs": 2
        }, 
        "fit": "linear", 
        "value": 1.1685898424790753
    }, 
    "Ar39": {
        "error": 0.02090972177297441, 
        "filter_outliers_dict": {
            "filter_outliers": true, 
            "iterations": 1, 
            "std_devs": 2
        }, 
        "fit": "Linear", 
        "value": 88.57962492151567
    }, 
    "Ar40": {
        "error": 0.05077315051150105, 
        "filter_outliers_dict": {
            "filter_outliers": true, 
            "iterations": 1, 
            "std_devs": 2
        }, 
        "fit": "Linear", 
        "value": 803.2990893826692
    }, 
    "Ar41": {
        "error": 0.004467880744713129, 
        "filter_outliers_dict": {
            "filter_outliers": true, 
            "iterations": 1, 
            "std_devs": 2
        }, 
        "fit": "Average", 
        "value": 0.10928397839021937
    }
}