{
    "Ar36": {
        "error": 0.00030493935424289663, 
        "filter_outliers_dict": {
            "filter_outliers": true, 
            "iterations": 1, 
            "std_devs": 2
        }, 
        "fit": "Linear", 
        "value": 0.016293434371874714
    }, 
    "Ar37": {
        "error": 0.01087407301607821, 
        "filter_outliers_dict": {
            "filter_outliers": true, 
            "iterations": 1, 
            "std_devs": 2
        }, 
        "fit": "linear", 
        "value": 0.23145798838721382
    }, 
    "Ar38": {
        "error": 0.004469315392175283, 
        "filter_outliers_dict": {
            "filter_outliers": true, 
            "iterations": 1, 
            "std_devs": 2
        }, 
        "fit": "linear", 
        "value": 0.14643795202905116
    }, 
    "Ar39": {
        "error": 0.010791146297837447, 
        "filter_outliers_dict": {
            "filter_outliers": true, 
            "iterations": 1, 
            "std_devs": 2
        }, 
        "fit": "Linear", 
        "value": 10.517049723207668
    }, 
    "Ar40": {
        "error": 0.018787364569939548, 
        "filter_outliers_dict": {
            "filter_outliers": true, 
            "iterations": 1, 
            "std_devs": 2
        }, 
        "fit": "Linear", 
        "value": 100.54362068013742
    }, 
    "Ar41": {
        "error": 0.005014545804206721, 
        "filter_outliers_dict": {
            "filter_outliers": true, 
            "iterations": 1, 
            "std_devs": 2
        }, 
        "fit": "Average", 
        "value": 0.06517371310601705
    }
}