{
    "Ar36": {
        "error": 0.00029620821411849795, 
        "filter_outliers_dict": {
            "filter_outliers": true, 
            "iterations": 1, 
            "std_devs": 2
        }, 
        "fit": "Linear", 
        "value": 0.013317754317625333
    }, 
    "Ar37": {
        "error": 0.008849202966525197, 
        "filter_outliers_dict": {
            "filter_outliers": true, 
            "iterations": 1, 
            "std_devs": 2
        }, 
        "fit": "linear", 
        "value": 0.4300166046093009
    }, 
    "Ar38": {
        "error": 0.005044232932978366, 
        "filter_outliers_dict": {
            "filter_outliers": true, 
            "iterations": 1, 
            "std_devs": 2
        }, 
        "fit": "linear", 
        "value": 1.0369388924844385
    }, 
    "Ar39": {
        "error": 0.018526603300930495, 
        "filter_outliers_dict": {
            "filter_outliers": true, 
            "iterations": 1, 
            "std_devs": 2
        }, 
        "fit": "Linear", 
        "value": 77.58476228955455
    }, 
    "Ar40": {
        "error": 0.05807581035347389, 
        "filter_outliers_dict": {
            "filter_outliers": true, 
            "iterations": 1, 
            "std_devs": 2
        }, 
        "fit": "Linear", 
        "value": 761.6043453303911
    }, 
    "Ar41": {
        "error": 0.005200930445266772, 
        "filter_outliers_dict": {
            "filter_outliers": true, 
            "iterations": 1, 
            "std_devs": 2
        }, 
        "fit": "Average", 
        "value": 0.12391945804276092
    }
}