{
    "Ar36": {
        "error": 0.0005010140504227523, 
        "filter_outliers_dict": {
            "filter_outliers": true, 
            "iterations": 1, 
            "std_devs": 2
        }, 
        "fit": "Linear", 
        "value": 0.0328293541753292
    }, 
    "Ar37": {
        "error": 0.011738708137990475, 
        "filter_outliers_dict": {
            "filter_outliers": true, 
            "iterations": 1, 
            "std_devs": 2
        }, 
        "fit": "linear", 
        "value": 0.3095878208630085
    }, 
    "Ar38": {
        "error": 0.005072815448002478, 
        "filter_outliers_dict": {
            "filter_outliers": true, 
            "iterations": 1, 
            "std_devs": 2
        }, 
        "fit": "linear", 
        "value": 1.3907700530608933
    }, 
    "Ar39": {
        "error": 0.021318555029351427, 
        "filter_outliers_dict": {
            "filter_outliers": true, 
            "iterations": 1, 
            "std_devs": 2
        }, 
        "fit": "Linear", 
        "value": 104.34601352171272
    }, 
    "Ar40": {
        "error": 0.01097067326746681, 
        "filter_outliers_dict": {
            "filter_outliers": true, 
            "iterations": 1, 
            "std_devs": 2
        }, 
        "fit": "Linear", 
        "value": 5112.5606789164385
    }, 
    "Ar41": {
        "error": 0.005760727508414331, 
        "filter_outliers_dict": {
            "filter_outliers": true, 
            "iterations": 1, 
            "std_devs": 2
        }, 
        "fit": "Average", 
        "value": 1.3320398433695761
    }
}