{
    "Ar36": {
        "error": 0.000278488730683107, 
        "filter_outliers_dict": {
            "filter_outliers": true, 
            "iterations": 1, 
            "std_devs": 2
        }, 
        "fit": "Linear", 
        "value": 0.00930959413446512
    }, 
    "Ar37": {
        "error": 0.009882592945837963, 
        "filter_outliers_dict": {
            "filter_outliers": true, 
            "iterations": 1, 
            "std_devs": 2
        }, 
        "fit": "linear", 
        "value": 0.5585385965200823
    }, 
    "Ar38": {
        "error": 0.004366611984060831, 
        "filter_outliers_dict": {
            "filter_outliers": true, 
            "iterations": 1, 
            "std_devs": 2
        }, 
        "fit": "linear", 
        "value": 1.0096222322902006
    }, 
    "Ar39": {
        "error": 0.018546074453594668, 
        "filter_outliers_dict": {
            "filter_outliers": true, 
            "iterations": 1, 
            "std_devs": 2
        }, 
        "fit": "Linear", 
        "value": 76.08073916773975
    }, 
    "Ar40": {
        "error": 0.06364195860522184, 
        "filter_outliers_dict": {
            "filter_outliers": true, 
            "iterations": 1, 
            "std_devs": 2
        }, 
        "fit": "Linear", 
        "value": 699.9917434880682
    }, 
    "Ar41": {
        "error": 0.005339961084759981, 
        "filter_outliers_dict": {
            "filter_outliers": true, 
            "iterations": 1, 
            "std_devs": 2
        }, 
        "fit": "Average", 
        "value": 0.1415463463119622
    }
}