{
    "Ar36": {
        "error": 0.0004020695557835706, 
        "filter_outliers_dict": {
            "filter_outliers": true, 
            "iterations": 1, 
            "std_devs": 2
        }, 
        "fit": "Linear", 
        "value": 0.025050269844937155
    }, 
    "Ar37": {
        "error": 0.009970175328948432, 
        "filter_outliers_dict": {
            "filter_outliers": true, 
            "iterations": 1, 
            "std_devs": 2
        }, 
        "fit": "linear", 
        "value": 0.4078134752498406
    }, 
    "Ar38": {
        "error": 0.005424588204532484, 
        "filter_outliers_dict": {
            "filter_outliers": true, 
            "iterations": 1, 
            "std_devs": 2
        }, 
        "fit": "linear", 
        "value": 1.3208766670276024
    }, 
    "Ar39": {
        "error": 0.018193686006247347, 
        "filter_outliers_dict": {
            "filter_outliers": true, 
            "iterations": 1, 
            "std_devs": 2
        }, 
        "fit": "Linear", 
        "value": 100.09071063772468
    }, 
    "Ar40": {
        "error": 0.08053129760139742, 
        "filter_outliers_dict": {
            "filter_outliers": true, 
            "iterations": 1, 
            "std_devs": 2
        }, 
        "fit": "Linear", 
        "value": 983.453920037486
    }, 
    "Ar41": {
        "error": 0.004470722241333086, 
        "filter_outliers_dict": {
            "filter_outliers": true, 
            "iterations": 1, 
            "std_devs": 2
        }, 
        "fit": "Average", 
        "value": 0.14524312438563905
    }
}