{
    "Ar36": {
        "error": 0.0001973398621919646, 
        "filter_outliers_dict": {
            "filter_outliers": true, 
            "iterations": 1, 
            "std_devs": 2
        }, 
        "fit": "Linear", 
        "value": 0.005748301910211626
    }, 
    "Ar37": {
        "error": 0.01017212183611899, 
        "filter_outliers_dict": {
            "filter_outliers": true, 
            "iterations": 1, 
            "std_devs": 2
        }, 
        "fit": "linear", 
        "value": 0.266962764652851
    }, 
    "Ar38": {
        "error": 0.00427671141050628, 
        "filter_outliers_dict": {
            "filter_outliers": true, 
            "iterations": 1, 
            "std_devs": 2
        }, 
        "fit": "linear", 
        "value": 0.11821094964681152
    }, 
    "Ar39": {
        "error": 0.01147193638583361, 
        "filter_outliers_dict": {
            "filter_outliers": true, 
            "iterations": 1, 
            "std_devs": 2
        }, 
        "fit": "Linear", 
        "value": 7.8847248356446675
    }, 
    "Ar40": {
        "error": 0.015610924893442558, 
        "filter_outliers_dict": {
            "filter_outliers": true, 
            "iterations": 1, 
            "std_devs": 2
        }, 
        "fit": "Linear", 
        "value": 73.22493773134933
    }, 
    "Ar41": {
        "error": 0.004653073557613583, 
        "filter_outliers_dict": {
            "filter_outliers": true, 
            "iterations": 1, 
            "std_devs": 2
        }, 
        "fit": "Average", 
        "value": 0.10553816450515335
    }
}