{
    "Ar36": {
        "error": 0.0002841197620338092, 
        "filter_outliers_dict": {
            "filter_outliers": true, 
            "iterations": 1, 
            "std_devs": 2
        }, 
        "fit": "Linear", 
        "value": 0.012147048842639863
    }, 
    "Ar37": {
        "error": 0.010153284868212438, 
        "filter_outliers_dict": {
            "filter_outliers": true, 
            "iterations": 1, 
            "std_devs": 2
        }, 
        "fit": "linear", 
        "value": 0.31993346814894164
    }, 
    "Ar38": {
        "error": 0.0044153183980183055, 
        "filter_outliers_dict": {
            "filter_outliers": true, 
            "iterations": 1, 
            "std_devs": 2
        }, 
        "fit": "linear", 
        "value": 0.8220380211806546
    }, 
    "Ar39": {
        "error": 0.01643418402194163, 
        "filter_outliers_dict": {
            "filter_outliers": true, 
            "iterations": 1, 
            "std_devs": 2
        }, 
        "fit": "Linear", 
        "value": 61.61534229694638
    }, 
    "Ar40": {
        "error": 0.04445413702512387, 
        "filter_outliers_dict": {
            "filter_outliers": true, 
            "iterations": 1, 
            "std_devs": 2
        }, 
        "fit": "Linear", 
        "value": 605.0486778293441
    }, 
    "Ar41": {
        "error": 0.0050964650705122815, 
        "filter_outliers_dict": {
            "filter_outliers": true, 
            "iterations": 1, 
            "std_devs": 2
        }, 
        "fit": "Average", 
        "value": 0.09695845958840747
    }
}