{
    "Ar36": {
        "error": 0.00020902610324655796, 
        "filter_outliers_dict": {
            "filter_outliers": true, 
            "iterations": 1, 
            "std_devs": 2
        }, 
        "fit": "Linear", 
        "value": 0.007096875276592259
    }, 
    "Ar37": {
        "error": 0.009570122317083703, 
        "filter_outliers_dict": {
            "filter_outliers": true, 
            "iterations": 1, 
            "std_devs": 2
        }, 
        "fit": "linear", 
        "value": 0.5105200836522249
    }, 
    "Ar38": {
        "error": 0.0040962414858262295, 
        "filter_outliers_dict": {
            "filter_outliers": true, 
            "iterations": 1, 
            "std_devs": 2
        }, 
        "fit": "linear", 
        "value": 0.15447056979066648
    }, 
    "Ar39": {
        "error": 0.012432995991770637, 
        "filter_outliers_dict": {
            "filter_outliers": true, 
            "iterations": 1, 
            "std_devs": 2
        }, 
        "fit": "Linear", 
        "value": 12.246571891800938
    }, 
    "Ar40": {
        "error": 0.016695679845672027, 
        "filter_outliers_dict": {
            "filter_outliers": true, 
            "iterations": 1, 
            "std_devs": 2
        }, 
        "fit": "Linear", 
        "value": 125.89059041076067
    }, 
    "Ar41": {
        "error": 0.004589889774967735, 
        "filter_outliers_dict": {
            "filter_outliers": true, 
            "iterations": 1, 
            "std_devs": 2
        }, 
        "fit": "Average", 
        "value": 0.08532743201406348
    }
}