{
    "Ar36": {
        "error": 0.001163906818081066, 
        "filter_outliers_dict": {
            "filter_outliers": true, 
            "iterations": 1, 
            "std_devs": 2
        }, 
        "fit": "Linear", 
        "value": 0.2708536499871278
    }, 
    "Ar37": {
        "error": 0.008513571540855129, 
        "filter_outliers_dict": {
            "filter_outliers": true, 
            "iterations": 1, 
            "std_devs": 2
        }, 
        "fit": "linear", 
        "value": 0.9376262442395746
    }, 
    "Ar38": {
        "error": 0.004696698953917711, 
        "filter_outliers_dict": {
            "filter_outliers": true, 
            "iterations": 1, 
            "std_devs": 2
        }, 
        "fit": "linear", 
        "value": 2.1738697765688415
    }, 
    "Ar39": {
        "error": 0.02400935732792058, 
        "filter_outliers_dict": {
            "filter_outliers": true, 
            "iterations": 1, 
            "std_devs": 2
        }, 
        "fit": "Linear", 
        "value": 160.2805917644947
    }, 
    "Ar40": {
        "error": 0.09566097010352541, 
        "filter_outliers_dict": {
            "filter_outliers": true, 
            "iterations": 1, 
            "std_devs": 2
        }, 
        "fit": "Linear", 
        "value": 1527.5522400262307
    }, 
    "Ar41": {
        "error": 0.005120118766330496, 
        "filter_outliers_dict": {
            "filter_outliers": true, 
            "iterations": 1, 
            "std_devs": 2
        }, 
        "fit": "Average", 
        "value": 0.2441453497458533
    }
}