{
    "Ar36": {
        "error": 0.00020027927786164083, 
        "filter_outliers_dict": {
            "filter_outliers": true, 
            "iterations": 1, 
            "std_devs": 2
        }, 
        "fit": "Linear", 
        "value": 0.006091462988169599
    }, 
    "Ar37": {
        "error": 0.00998565360358303, 
        "filter_outliers_dict": {
            "filter_outliers": true, 
            "iterations": 1, 
            "std_devs": 2
        }, 
        "fit": "linear", 
        "value": 0.26330105150905136
    }, 
    "Ar38": {
        "error": 0.004054710218009553, 
        "filter_outliers_dict": {
            "filter_outliers": true, 
            "iterations": 1, 
            "std_devs": 2
        }, 
        "fit": "linear", 
        "value": 0.4907442541969821
    }, 
    "Ar39": {
        "error": 0.014712579766649548, 
        "filter_outliers_dict": {
            "filter_outliers": true, 
            "iterations": 1, 
            "std_devs": 2
        }, 
        "fit": "Linear", 
        "value": 37.52608071289
    }, 
    "Ar40": {
        "error": 0.0376152880147456, 
        "filter_outliers_dict": {
            "filter_outliers": true, 
            "iterations": 1, 
            "std_devs": 2
        }, 
        "fit": "Linear", 
        "value": 371.60932863712515
    }, 
    "Ar41": {
        "error": 0.004974943091974402, 
        "filter_outliers_dict": {
            "filter_outliers": true, 
            "iterations": 1, 
            "std_devs": 2
        }, 
        "fit": "Average", 
        "value": 0.19601808201265467
    }
}