{
    "Ar36": {
        "error": 0.00014307128874782503, 
        "filter_outliers_dict": {
            "filter_outliers": true, 
            "iterations": 1, 
            "std_devs": 2
        }, 
        "fit": "Linear", 
        "value": 0.003743219247894296
    }, 
    "Ar37": {
        "error": 0.008922323169690622, 
        "filter_outliers_dict": {
            "filter_outliers": true, 
            "iterations": 1, 
            "std_devs": 2
        }, 
        "fit": "linear", 
        "value": 0.20842894617241073
    }, 
    "Ar38": {
        "error": 0.004426838369905421, 
        "filter_outliers_dict": {
            "filter_outliers": true, 
            "iterations": 1, 
            "std_devs": 2
        }, 
        "fit": "linear", 
        "value": 0.17166935359937557
    }, 
    "Ar39": {
        "error": 0.012535511123546087, 
        "filter_outliers_dict": {
            "filter_outliers": true, 
            "iterations": 1, 
            "std_devs": 2
        }, 
        "fit": "Linear", 
        "value": 12.746362886068951
    }, 
    "Ar40": {
        "error": 0.020531035588766563, 
        "filter_outliers_dict": {
            "filter_outliers": true, 
            "iterations": 1, 
            "std_devs": 2
        }, 
        "fit": "Linear", 
        "value": 125.86716547702859
    }, 
    "Ar41": {
        "error": 0.004814451323359028, 
        "filter_outliers_dict": {
            "filter_outliers": true, 
            "iterations": 1, 
            "std_devs": 2
        }, 
        "fit": "Average", 
        "value": 0.07916301122252986
    }
}