{
    "Ar36": {
        "error": 0.0003050026481270771, 
        "filter_outliers_dict": {
            "filter_outliers": true, 
            "iterations": 1, 
            "std_devs": 2
        }, 
        "fit": "Linear", 
        "value": 0.01241459760217944
    }, 
    "Ar37": {
        "error": 0.011561198812149719, 
        "filter_outliers_dict": {
            "filter_outliers": true, 
            "iterations": 1, 
            "std_devs": 2
        }, 
        "fit": "linear", 
        "value": 0.2843085667623364
    }, 
    "Ar38": {
        "error": 0.00514456884169311, 
        "filter_outliers_dict": {
            "filter_outliers": true, 
            "iterations": 1, 
            "std_devs": 2
        }, 
        "fit": "linear", 
        "value": 0.5692276416421905
    }, 
    "Ar39": {
        "error": 0.016855867204431704, 
        "filter_outliers_dict": {
            "filter_outliers": true, 
            "iterations": 1, 
            "std_devs": 2
        }, 
        "fit": "Linear", 
        "value": 42.80707570420858
    }, 
    "Ar40": {
        "error": 0.04765742654574682, 
        "filter_outliers_dict": {
            "filter_outliers": true, 
            "iterations": 1, 
            "std_devs": 2
        }, 
        "fit": "Linear", 
        "value": 421.1709766498956
    }, 
    "Ar41": {
        "error": 0.004717751420000487, 
        "filter_outliers_dict": {
            "filter_outliers": true, 
            "iterations": 1, 
            "std_devs": 2
        }, 
        "fit": "Average", 
        "value": 0.10931815647514109
    }
}