{
    "Ar36": {
        "error": 0.00029004972518201173, 
        "filter_outliers_dict": {
            "filter_outliers": true, 
            "iterations": 1, 
            "std_devs": 2
        }, 
        "fit": "Linear", 
        "value": 0.013817423863233737
    }, 
    "Ar37": {
        "error": 0.010274103328663343, 
        "filter_outliers_dict": {
            "filter_outliers": true, 
            "iterations": 1, 
            "std_devs": 2
        }, 
        "fit": "linear", 
        "value": 0.23794257443698535
    }, 
    "Ar38": {
        "error": 0.004865664309188258, 
        "filter_outliers_dict": {
            "filter_outliers": true, 
            "iterations": 1, 
            "std_devs": 2
        }, 
        "fit": "linear", 
        "value": 0.3140080781038753
    }, 
    "Ar39": {
        "error": 0.013030385753083363, 
        "filter_outliers_dict": {
            "filter_outliers": true, 
            "iterations": 1, 
            "std_devs": 2
        }, 
        "fit": "Linear", 
        "value": 23.65492251357341
    }, 
    "Ar40": {
        "error": 0.02815120770287046, 
        "filter_outliers_dict": {
            "filter_outliers": true, 
            "iterations": 1, 
            "std_devs": 2
        }, 
        "fit": "Linear", 
        "value": 220.55858218456214
    }, 
    "Ar41": {
        "error": 0.004837798573209555, 
        "filter_outliers_dict": {
            "filter_outliers": true, 
            "iterations": 1, 
            "std_devs": 2
        }, 
        "fit": "Average", 
        "value": 0.09481160978632314
    }
}