{
    "Ar36": {
        "error": 0.0004413758337249921, 
        "filter_outliers_dict": {
            "filter_outliers": true, 
            "iterations": 1, 
            "std_devs": 2
        }, 
        "fit": "Linear", 
        "value": 0.020486301873503244
    }, 
    "Ar37": {
        "error": 0.010858578682097827, 
        "filter_outliers_dict": {
            "filter_outliers": true, 
            "iterations": 1, 
            "std_devs": 2
        }, 
        "fit": "linear", 
        "value": 2.207680749417597
    }, 
    "Ar38": {
        "error": 0.005076178045795631, 
        "filter_outliers_dict": {
            "filter_outliers": true, 
            "iterations": 1, 
            "std_devs": 2
        }, 
        "fit": "linear", 
        "value": 2.874437501804289
    }, 
    "Ar39": {
        "error": 0.035070755658094435, 
        "filter_outliers_dict": {
            "filter_outliers": true, 
            "iterations": 1, 
            "std_devs": 2
        }, 
        "fit": "Linear", 
        "value": 216.0969475047978
    }, 
    "Ar40": {
        "error": 0.1948355545392088, 
        "filter_outliers_dict": {
            "filter_outliers": true, 
            "iterations": 1, 
            "std_devs": 2
        }, 
        "fit": "Linear", 
        "value": 1988.4844764497268
    }, 
    "Ar41": {
        "error": 0.004894166384112773, 
        "filter_outliers_dict": {
            "filter_outliers": true, 
            "iterations": 1, 
            "std_devs": 2
        }, 
        "fit": "Average", 
        "value": 0.19191956315787054
    }
}