{
    "Ar36": {
        "error": 0.00024412408389087187, 
        "filter_outliers_dict": {
            "filter_outliers": true, 
            "iterations": 1, 
            "std_devs": 2
        }, 
        "fit": "Linear", 
        "value": 0.0076646128580635355
    }, 
    "Ar37": {
        "error": 0.01100180913425311, 
        "filter_outliers_dict": {
            "filter_outliers": true, 
            "iterations": 1, 
            "std_devs": 2
        }, 
        "fit": "linear", 
        "value": 0.3597304008493694
    }, 
    "Ar38": {
        "error": 0.004150633040265487, 
        "filter_outliers_dict": {
            "filter_outliers": true, 
            "iterations": 1, 
            "std_devs": 2
        }, 
        "fit": "linear", 
        "value": 0.756984381624312
    }, 
    "Ar39": {
        "error": 0.01475724125134657, 
        "filter_outliers_dict": {
            "filter_outliers": true, 
            "iterations": 1, 
            "std_devs": 2
        }, 
        "fit": "Linear", 
        "value": 56.86608397935969
    }, 
    "Ar40": {
        "error": 0.057593061878758595, 
        "filter_outliers_dict": {
            "filter_outliers": true, 
            "iterations": 1, 
            "std_devs": 2
        }, 
        "fit": "Linear", 
        "value": 545.8845558261615
    }, 
    "Ar41": {
        "error": 0.005387113728703601, 
        "filter_outliers_dict": {
            "filter_outliers": true, 
            "iterations": 1, 
            "std_devs": 2
        }, 
        "fit": "Average", 
        "value": 0.11426093748630628
    }
}