{
    "Ar36": {
        "error": 0.000324483188328963, 
        "filter_outliers_dict": {
            "filter_outliers": true, 
            "iterations": 1, 
            "std_devs": 2
        }, 
        "fit": "Linear", 
        "value": 0.015212721930623289
    }, 
    "Ar37": {
        "error": 0.011144310645341951, 
        "filter_outliers_dict": {
            "filter_outliers": true, 
            "iterations": 1, 
            "std_devs": 2
        }, 
        "fit": "linear", 
        "value": 0.3851584210679134
    }, 
    "Ar38": {
        "error": 0.005016079364466748, 
        "filter_outliers_dict": {
            "filter_outliers": true, 
            "iterations": 1, 
            "std_devs": 2
        }, 
        "fit": "linear", 
        "value": 0.7728449890948368
    }, 
    "Ar39": {
        "error": 0.021974049881490886, 
        "filter_outliers_dict": {
            "filter_outliers": true, 
            "iterations": 1, 
            "std_devs": 2
        }, 
        "fit": "Linear", 
        "value": 58.07367951131062
    }, 
    "Ar40": {
        "error": 0.1645269055607722, 
        "filter_outliers_dict": {
            "filter_outliers": true, 
            "iterations": 1, 
            "std_devs": 2
        }, 
        "fit": "Linear", 
        "value": 1725.377263836375
    }, 
    "Ar41": {
        "error": 0.00551556534731637, 
        "filter_outliers_dict": {
            "filter_outliers": true, 
            "iterations": 1, 
            "std_devs": 2
        }, 
        "fit": "Average", 
        "value": 0.15917318562807675
    }
}