{
    "Ar36": {
        "error": 0.0003405131030189353, 
        "filter_outliers_dict": {
            "filter_outliers": true, 
            "iterations": 1, 
            "std_devs": 2
        }, 
        "fit": "Linear", 
        "value": 0.012849531965808621
    }, 
    "Ar37": {
        "error": 0.010302392987910566, 
        "filter_outliers_dict": {
            "filter_outliers": true, 
            "iterations": 1, 
            "std_devs": 2
        }, 
        "fit": "linear", 
        "value": 3.949462546148732
    }, 
    "Ar38": {
        "error": 0.0053596221048643955, 
        "filter_outliers_dict": {
            "filter_outliers": true, 
            "iterations": 1, 
            "std_devs": 2
        }, 
        "fit": "linear", 
        "value": 2.270446666372887
    }, 
    "Ar39": {
        "error": 0.027493465729755435, 
        "filter_outliers_dict": {
            "filter_outliers": true, 
            "iterations": 1, 
            "std_devs": 2
        }, 
        "fit": "Linear", 
        "value": 171.45366373667042
    }, 
    "Ar40": {
        "error": 0.1552609117431791, 
        "filter_outliers_dict": {
            "filter_outliers": true, 
            "iterations": 1, 
            "std_devs": 2
        }, 
        "fit": "Linear", 
        "value": 1571.309535189663
    }, 
    "Ar41": {
        "error": 0.00436182325756904, 
        "filter_outliers_dict": {
            "filter_outliers": true, 
            "iterations": 1, 
            "std_devs": 2
        }, 
        "fit": "Average", 
        "value": 0.15646946696588576
    }
}