{
    "Ar36": {
        "error": 0.000263065066340325, 
        "filter_outliers_dict": {
            "filter_outliers": true, 
            "iterations": 1, 
            "std_devs": 2
        }, 
        "fit": "Linear", 
        "value": 0.0056617814991247704
    }, 
    "Ar37": {
        "error": 0.012058832630252779, 
        "filter_outliers_dict": {
            "filter_outliers": true, 
            "iterations": 1, 
            "std_devs": 2
        }, 
        "fit": "linear", 
        "value": 0.4659708527901037
    }, 
    "Ar38": {
        "error": 0.004953133647523072, 
        "filter_outliers_dict": {
            "filter_outliers": true, 
            "iterations": 1, 
            "std_devs": 2
        }, 
        "fit": "linear", 
        "value": 0.8392512463519138
    }, 
    "Ar39": {
        "error": 0.020645308818376562, 
        "filter_outliers_dict": {
            "filter_outliers": true, 
            "iterations": 1, 
            "std_devs": 2
        }, 
        "fit": "Linear", 
        "value": 63.21545381659163
    }, 
    "Ar40": {
        "error": 0.06584405285581846, 
        "filter_outliers_dict": {
            "filter_outliers": true, 
            "iterations": 1, 
            "std_devs": 2
        }, 
        "fit": "Linear", 
        "value": 571.654433804415
    }, 
    "Ar41": {
        "error": 0.004434687880395911, 
        "filter_outliers_dict": {
            "filter_outliers": true, 
            "iterations": 1, 
            "std_devs": 2
        }, 
        "fit": "Average", 
        "value": 0.1032358081550084
    }
}