{
    "Ar36": {
        "error": 0.00014134794213073568, 
        "filter_outliers_dict": {
            "filter_outliers": true, 
            "iterations": 1, 
            "std_devs": 2
        }, 
        "fit": "Linear", 
        "value": 0.0031576189979032466
    }, 
    "Ar37": {
        "error": 0.00880999381361614, 
        "filter_outliers_dict": {
            "filter_outliers": true, 
            "iterations": 1, 
            "std_devs": 2
        }, 
        "fit": "linear", 
        "value": 0.15653052233246675
    }, 
    "Ar38": {
        "error": 0.004434429530539208, 
        "filter_outliers_dict": {
            "filter_outliers": true, 
            "iterations": 1, 
            "std_devs": 2
        }, 
        "fit": "linear", 
        "value": 0.09227206514658468
    }, 
    "Ar39": {
        "error": 0.009360562377199181, 
        "filter_outliers_dict": {
            "filter_outliers": true, 
            "iterations": 1, 
            "std_devs": 2
        }, 
        "fit": "Linear", 
        "value": 5.794282772424532
    }, 
    "Ar40": {
        "error": 0.1528545647333131, 
        "filter_outliers_dict": {
            "filter_outliers": true, 
            "iterations": 1, 
            "std_devs": 2
        }, 
        "fit": "Linear", 
        "value": 1858.8814929242362
    }, 
    "Ar41": {
        "error": 0.004553404895512119, 
        "filter_outliers_dict": {
            "filter_outliers": true, 
            "iterations": 1, 
            "std_devs": 2
        }, 
        "fit": "Average", 
        "value": 0.17193345587844108
    }
}