{
    "Ar36": {
        "error": 0.00021504902762055665, 
        "filter_outliers_dict": {
            "filter_outliers": true, 
            "iterations": 1, 
            "std_devs": 2
        }, 
        "fit": "Linear", 
        "value": 0.0063519431942702835
    }, 
    "Ar37": {
        "error": 0.00992662791721221, 
        "filter_outliers_dict": {
            "filter_outliers": true, 
            "iterations": 1, 
            "std_devs": 2
        }, 
        "fit": "linear", 
        "value": 0.4821329134377608
    }, 
    "Ar38": {
        "error": 0.004519304464738461, 
        "filter_outliers_dict": {
            "filter_outliers": true, 
            "iterations": 1, 
            "std_devs": 2
        }, 
        "fit": "linear", 
        "value": 0.6718661039926777
    }, 
    "Ar39": {
        "error": 0.017379579968503304, 
        "filter_outliers_dict": {
            "filter_outliers": true, 
            "iterations": 1, 
            "std_devs": 2
        }, 
        "fit": "Linear", 
        "value": 50.34695852239603
    }, 
    "Ar40": {
        "error": 0.04939429918702094, 
        "filter_outliers_dict": {
            "filter_outliers": true, 
            "iterations": 1, 
            "std_devs": 2
        }, 
        "fit": "Linear", 
        "value": 463.60892601338537
    }, 
    "Ar41": {
        "error": 0.004464628655123457, 
        "filter_outliers_dict": {
            "filter_outliers": true, 
            "iterations": 1, 
            "std_devs": 2
        }, 
        "fit": "Average", 
        "value": 0.10066524148838846
    }
}