{
    "Ar36": {
        "error": 0.00023403838234147808, 
        "filter_outliers_dict": {
            "filter_outliers": true, 
            "iterations": 1, 
            "std_devs": 2
        }, 
        "fit": "Linear", 
        "value": 0.006481335564748933
    }, 
    "Ar37": {
        "error": 0.010781966110192553, 
        "filter_outliers_dict": {
            "filter_outliers": true, 
            "iterations": 1, 
            "std_devs": 2
        }, 
        "fit": "linear", 
        "value": 0.24824912442525346
    }, 
    "Ar38": {
        "error": 0.004714037831183233, 
        "filter_outliers_dict": {
            "filter_outliers": true, 
            "iterations": 1, 
            "std_devs": 2
        }, 
        "fit": "linear", 
        "value": 0.5020573399043292
    }, 
    "Ar39": {
        "error": 0.016244059185446812, 
        "filter_outliers_dict": {
            "filter_outliers": true, 
            "iterations": 1, 
            "std_devs": 2
        }, 
        "fit": "Linear", 
        "value": 37.633648769902464
    }, 
    "Ar40": {
        "error": 0.041638787750959146, 
        "filter_outliers_dict": {
            "filter_outliers": true, 
            "iterations": 1, 
            "std_devs": 2
        }, 
        "fit": "Linear", 
        "value": 368.3598316991405
    }, 
    "Ar41": {
        "error": 0.004426468606872796, 
        "filter_outliers_dict": {
            "filter_outliers": true, 
            "iterations": 1, 
            "std_devs": 2
        }, 
        "fit": "Average", 
        "value": 0.09093654622121597
    }
}