{
    "Ar36": {
        "error": 0.00012413067160412934, 
        "filter_outliers_dict": {
            "filter_outliers": true, 
            "iterations": 1, 
            "std_devs": 2
        }, 
        "fit": "Linear", 
        "value": 0.0026071094554311414
    }, 
    "Ar37": {
        "error": 0.009430530660775104, 
        "filter_outliers_dict": {
            "filter_outliers": true, 
            "iterations": 1, 
            "std_devs": 2
        }, 
        "fit": "linear", 
        "value": 0.19123074363484874
    }, 
    "Ar38": {
        "error": 0.0038197795498686716, 
        "filter_outliers_dict": {
            "filter_outliers": true, 
            "iterations": 1, 
            "std_devs": 2
        }, 
        "fit": "linear", 
        "value": 0.05772620494376487
    }, 
    "Ar39": {
        "error": 0.010422448362975286, 
        "filter_outliers_dict": {
            "filter_outliers": true, 
            "iterations": 1, 
            "std_devs": 2
        }, 
        "fit": "Linear", 
        "value": 3.2880871521511383
    }, 
    "Ar40": {
        "error": 0.1747547569837728, 
        "filter_outliers_dict": {
            "filter_outliers": true, 
            "iterations": 1, 
            "std_devs": 2
        }, 
        "fit": "Linear", 
        "value": 1822.7786624154403
    }, 
    "Ar41": {
        "error": 0.004383498190875109, 
        "filter_outliers_dict": {
            "filter_outliers": true, 
            "iterations": 1, 
            "std_devs": 2
        }, 
        "fit": "Average", 
        "value": 0.15534294814310548
    }
}