{
    "Ar36": {
        "error": 0.00034070200545201635, 
        "filter_outliers_dict": {
            "filter_outliers": true, 
            "iterations": 1, 
            "std_devs": 2
        }, 
        "fit": "Linear", 
        "value": 0.011572225099468503
    }, 
    "Ar37": {
        "error": 0.011882654327425801, 
        "filter_outliers_dict": {
            "filter_outliers": true, 
            "iterations": 1, 
            "std_devs": 2
        }, 
        "fit": "linear", 
        "value": 3.362962982586297
    }, 
    "Ar38": {
        "error": 0.004786603409816415, 
        "filter_outliers_dict": {
            "filter_outliers": true, 
            "iterations": 1, 
            "std_devs": 2
        }, 
        "fit": "linear", 
        "value": 1.4522731730115874
    }, 
    "Ar39": {
        "error": 0.024054478860114487, 
        "filter_outliers_dict": {
            "filter_outliers": true, 
            "iterations": 1, 
            "std_devs": 2
        }, 
        "fit": "Linear", 
        "value": 110.22553824590814
    }, 
    "Ar40": {
        "error": 0.09305015953454367, 
        "filter_outliers_dict": {
            "filter_outliers": true, 
            "iterations": 1, 
            "std_devs": 2
        }, 
        "fit": "Linear", 
        "value": 1013.8400740954421
    }, 
    "Ar41": {
        "error": 0.004983226995330586, 
        "filter_outliers_dict": {
            "filter_outliers": true, 
            "iterations": 1, 
            "std_devs": 2
        }, 
        "fit": "Average", 
        "value": 0.12676220774191943
    }
}