{
    "Ar36": {
        "error": 0.00025181841467321103, 
        "filter_outliers_dict": {
            "filter_outliers": true, 
            "iterations": 1, 
            "std_devs": 2
        }, 
        "fit": "Linear", 
        "value": 0.011325583850526089
    }, 
    "Ar37": {
        "error": 0.010835914265340078, 
        "filter_outliers_dict": {
            "filter_outliers": true, 
            "iterations": 1, 
            "std_devs": 2
        }, 
        "fit": "linear", 
        "value": 0.2676257733013765
    }, 
    "Ar38": {
        "error": 0.005396630788651625, 
        "filter_outliers_dict": {
            "filter_outliers": true, 
            "iterations": 1, 
            "std_devs": 2
        }, 
        "fit": "linear", 
        "value": 0.4385327046637605
    }, 
    "Ar39": {
        "error": 0.014127616917405775, 
        "filter_outliers_dict": {
            "filter_outliers": true, 
            "iterations": 1, 
            "std_devs": 2
        }, 
        "fit": "Linear", 
        "value": 32.005598393835314
    }, 
    "Ar40": {
        "error": 0.03831552770146312, 
        "filter_outliers_dict": {
            "filter_outliers": true, 
            "iterations": 1, 
            "std_devs": 2
        }, 
        "fit": "Linear", 
        "value": 294.87532955257944
    }, 
    "Ar41": {
        "error": 0.004564241098634595, 
        "filter_outliers_dict": {
            "filter_outliers": true, 
            "iterations": 1, 
            "std_devs": 2
        }, 
        "fit": "Average", 
        "value": 0.09708688848928743
    }
}