{
    "Ar36": {
        "error": 0.0005079088307643572, 
        "filter_outliers_dict": {
            "filter_outliers": true, 
            "iterations": 1, 
            "std_devs": 2
        }, 
        "fit": "Linear", 
        "value": 0.030520229387804236
    }, 
    "Ar37": {
        "error": 0.010577999861182732, 
        "filter_outliers_dict": {
            "filter_outliers": true, 
            "iterations": 1, 
            "std_devs": 2
        }, 
        "fit": "linear", 
        "value": 0.4869407546583476
    }, 
    "Ar38": {
        "error": 0.004193923828414956, 
        "filter_outliers_dict": {
            "filter_outliers": true, 
            "iterations": 1, 
            "std_devs": 2
        }, 
        "fit": "linear", 
        "value": 1.4129739974643263
    }, 
    "Ar39": {
        "error": 0.022185465921699562, 
        "filter_outliers_dict": {
            "filter_outliers": true, 
            "iterations": 1, 
            "std_devs": 2
        }, 
        "fit": "Linear", 
        "value": 106.31802421665549
    }, 
    "Ar40": {
        "error": 0.10892207079094371, 
        "filter_outliers_dict": {
            "filter_outliers": true, 
            "iterations": 1, 
            "std_devs": 2
        }, 
        "fit": "Linear", 
        "value": 1016.7284893352837
    }, 
    "Ar41": {
        "error": 0.004580965771935906, 
        "filter_outliers_dict": {
            "filter_outliers": true, 
            "iterations": 1, 
            "std_devs": 2
        }, 
        "fit": "Average", 
        "value": 0.12127559940135858
    }
}