{
    "Ar36": {
        "error": 0.00012429261316905234, 
        "filter_outliers_dict": {
            "filter_outliers": true, 
            "iterations": 1, 
            "std_devs": 2
        }, 
        "fit": "Linear", 
        "value": 0.002076515105227407
    }, 
    "Ar37": {
        "error": 0.009375286656394045, 
        "filter_outliers_dict": {
            "filter_outliers": true, 
            "iterations": 1, 
            "std_devs": 2
        }, 
        "fit": "linear", 
        "value": 0.1848762143865776
    }, 
    "Ar38": {
        "error": 0.004378986545741272, 
        "filter_outliers_dict": {
            "filter_outliers": true, 
            "iterations": 1, 
            "std_devs": 2
        }, 
        "fit": "linear", 
        "value": 0.030187048706369676
    }, 
    "Ar39": {
        "error": 0.011256696925073853, 
        "filter_outliers_dict": {
            "filter_outliers": true, 
            "iterations": 1, 
            "std_devs": 2
        }, 
        "fit": "Linear", 
        "value": 1.4584130058533078
    }, 
    "Ar40": {
        "error": 0.05209541494746237, 
        "filter_outliers_dict": {
            "filter_outliers": true, 
            "iterations": 1, 
            "std_devs": 2
        }, 
        "fit": "Linear", 
        "value": 546.302862364804
    }, 
    "Ar41": {
        "error": 0.003964081827354013, 
        "filter_outliers_dict": {
            "filter_outliers": true, 
            "iterations": 1, 
            "std_devs": 2
        }, 
        "fit": "Average", 
        "value": 0.11514723958618966
    }
}