{
    "Ar36": {
        "error": 0.00029103019799966886, 
        "filter_outliers_dict": {
            "filter_outliers": true, 
            "iterations": 1, 
            "std_devs": 2
        }, 
        "fit": "Linear", 
        "value": 0.011992341801552477
    }, 
    "Ar37": {
        "error": 0.010557875372394597, 
        "filter_outliers_dict": {
            "filter_outliers": true, 
            "iterations": 1, 
            "std_devs": 2
        }, 
        "fit": "linear", 
        "value": 0.5480934215825084
    }, 
    "Ar38": {
        "error": 0.0040227872299086415, 
        "filter_outliers_dict": {
            "filter_outliers": true, 
            "iterations": 1, 
            "std_devs": 2
        }, 
        "fit": "linear", 
        "value": 0.8434733308615096
    }, 
    "Ar39": {
        "error": 0.021244029915230247, 
        "filter_outliers_dict": {
            "filter_outliers": true, 
            "iterations": 1, 
            "std_devs": 2
        }, 
        "fit": "Linear", 
        "value": 63.31174562575046
    }, 
    "Ar40": {
        "error": 0.05368799572435258, 
        "filter_outliers_dict": {
            "filter_outliers": true, 
            "iterations": 1, 
            "std_devs": 2
        }, 
        "fit": "Linear", 
        "value": 575.5507275769984
    }, 
    "Ar41": {
        "error": 0.004769194240028355, 
        "filter_outliers_dict": {
            "filter_outliers": true, 
            "iterations": 1, 
            "std_devs": 2
        }, 
        "fit": "Average", 
        "value": 0.10911676008835307
    }
}