{
    "Ar36": {
        "error": 0.0001947771702387413, 
        "filter_outliers_dict": {
            "filter_outliers": true, 
            "iterations": 1, 
            "std_devs": 2
        }, 
        "fit": "Linear", 
        "value": 0.005305249728490523
    }, 
    "Ar37": {
        "error": 0.01015316048107835, 
        "filter_outliers_dict": {
            "filter_outliers": true, 
            "iterations": 1, 
            "std_devs": 2
        }, 
        "fit": "linear", 
        "value": 0.16900399816277437
    }, 
    "Ar38": {
        "error": 0.004745258893866309, 
        "filter_outliers_dict": {
            "filter_outliers": true, 
            "iterations": 1, 
            "std_devs": 2
        }, 
        "fit": "linear", 
        "value": 0.06736962110056335
    }, 
    "Ar39": {
        "error": 0.012748961449339844, 
        "filter_outliers_dict": {
            "filter_outliers": true, 
            "iterations": 1, 
            "std_devs": 2
        }, 
        "fit": "Linear", 
        "value": 5.0798459827002205
    }, 
    "Ar40": {
        "error": 0.01498699401191873, 
        "filter_outliers_dict": {
            "filter_outliers": true, 
            "iterations": 1, 
            "std_devs": 2
        }, 
        "fit": "Linear", 
        "value": 46.26039194509728
    }, 
    "Ar41": {
        "error": 0.0050080919099765335, 
        "filter_outliers_dict": {
            "filter_outliers": true, 
            "iterations": 1, 
            "std_devs": 2
        }, 
        "fit": "Average", 
        "value": 0.0866319217012209
    }
}