{
    "Ar36": {
        "error": 0.000207556633141709, 
        "filter_outliers_dict": {
            "filter_outliers": true, 
            "iterations": 1, 
            "std_devs": 2
        }, 
        "fit": "Linear", 
        "value": 0.0056381625982971206
    }, 
    "Ar37": {
        "error": 0.011530272636309895, 
        "filter_outliers_dict": {
            "filter_outliers": true, 
            "iterations": 1, 
            "std_devs": 2
        }, 
        "fit": "linear", 
        "value": 0.8852423044077515
    }, 
    "Ar38": {
        "error": 0.005101603168972321, 
        "filter_outliers_dict": {
            "filter_outliers": true, 
            "iterations": 1, 
            "std_devs": 2
        }, 
        "fit": "linear", 
        "value": 0.3937296838637764
    }, 
    "Ar39": {
        "error": 0.014389504928773595, 
        "filter_outliers_dict": {
            "filter_outliers": true, 
            "iterations": 1, 
            "std_devs": 2
        }, 
        "fit": "Linear", 
        "value": 28.81071196064167
    }, 
    "Ar40": {
        "error": 0.0371641534951582, 
        "filter_outliers_dict": {
            "filter_outliers": true, 
            "iterations": 1, 
            "std_devs": 2
        }, 
        "fit": "Linear", 
        "value": 265.7650224380104
    }, 
    "Ar41": {
        "error": 0.005196360893299584, 
        "filter_outliers_dict": {
            "filter_outliers": true, 
            "iterations": 1, 
            "std_devs": 2
        }, 
        "fit": "Average", 
        "value": 0.08270813538131035
    }
}