{
    "Ar36": {
        "error": 0.00023769644639857595, 
        "filter_outliers_dict": {
            "filter_outliers": true, 
            "iterations": 1, 
            "std_devs": 2
        }, 
        "fit": "Linear", 
        "value": 0.008349471848619134
    }, 
    "Ar37": {
        "error": 0.01158459128762813, 
        "filter_outliers_dict": {
            "filter_outliers": true, 
            "iterations": 1, 
            "std_devs": 2
        }, 
        "fit": "linear", 
        "value": 0.25307750065424806
    }, 
    "Ar38": {
        "error": 0.00441802419776275, 
        "filter_outliers_dict": {
            "filter_outliers": true, 
            "iterations": 1, 
            "std_devs": 2
        }, 
        "fit": "linear", 
        "value": 0.7377343899374516
    }, 
    "Ar39": {
        "error": 0.01828479792505767, 
        "filter_outliers_dict": {
            "filter_outliers": true, 
            "iterations": 1, 
            "std_devs": 2
        }, 
        "fit": "Linear", 
        "value": 54.71405201987921
    }, 
    "Ar40": {
        "error": 0.07786167785132085, 
        "filter_outliers_dict": {
            "filter_outliers": true, 
            "iterations": 1, 
            "std_devs": 2
        }, 
        "fit": "Linear", 
        "value": 807.5717370044974
    }, 
    "Ar41": {
        "error": 0.004389473099539959, 
        "filter_outliers_dict": {
            "filter_outliers": true, 
            "iterations": 1, 
            "std_devs": 2
        }, 
        "fit": "Average", 
        "value": 0.10003281480061534
    }
}