{
    "Ar36": {
        "error": 0.0004188298821628359, 
        "filter_outliers_dict": {
            "filter_outliers": true, 
            "iterations": 1, 
            "std_devs": 2
        }, 
        "fit": "Linear", 
        "value": 0.02730929880426919
    }, 
    "Ar37": {
        "error": 0.010202075563823826, 
        "filter_outliers_dict": {
            "filter_outliers": true, 
            "iterations": 1, 
            "std_devs": 2
        }, 
        "fit": "linear", 
        "value": 0.5184589643390426
    }, 
    "Ar38": {
        "error": 0.004623469607250454, 
        "filter_outliers_dict": {
            "filter_outliers": true, 
            "iterations": 1, 
            "std_devs": 2
        }, 
        "fit": "linear", 
        "value": 0.36241138527818395
    }, 
    "Ar39": {
        "error": 0.013747910429416038, 
        "filter_outliers_dict": {
            "filter_outliers": true, 
            "iterations": 1, 
            "std_devs": 2
        }, 
        "fit": "Linear", 
        "value": 27.658808734826238
    }, 
    "Ar40": {
        "error": 0.032904399442911667, 
        "filter_outliers_dict": {
            "filter_outliers": true, 
            "iterations": 1, 
            "std_devs": 2
        }, 
        "fit": "Linear", 
        "value": 261.1810531616802
    }, 
    "Ar41": {
        "error": 0.004755122326041001, 
        "filter_outliers_dict": {
            "filter_outliers": true, 
            "iterations": 1, 
            "std_devs": 2
        }, 
        "fit": "Average", 
        "value": 0.10024235081966447
    }
}