{
    "Ar36": {
        "error": 0.0002531619145958217, 
        "filter_outliers_dict": {
            "filter_outliers": true, 
            "iterations": 1, 
            "std_devs": 2
        }, 
        "fit": "Linear", 
        "value": 0.007403997886356238
    }, 
    "Ar37": {
        "error": 0.011087305280072532, 
        "filter_outliers_dict": {
            "filter_outliers": true, 
            "iterations": 1, 
            "std_devs": 2
        }, 
        "fit": "linear", 
        "value": 0.22962186016076153
    }, 
    "Ar38": {
        "error": 0.0043200277772646786, 
        "filter_outliers_dict": {
            "filter_outliers": true, 
            "iterations": 1, 
            "std_devs": 2
        }, 
        "fit": "linear", 
        "value": 0.3428474770878417
    }, 
    "Ar39": {
        "error": 0.01325239202346418, 
        "filter_outliers_dict": {
            "filter_outliers": true, 
            "iterations": 1, 
            "std_devs": 2
        }, 
        "fit": "Linear", 
        "value": 25.773110462932138
    }, 
    "Ar40": {
        "error": 0.03156386978250154, 
        "filter_outliers_dict": {
            "filter_outliers": true, 
            "iterations": 1, 
            "std_devs": 2
        }, 
        "fit": "Linear", 
        "value": 252.57342032427684
    }, 
    "Ar41": {
        "error": 0.004144430133647277, 
        "filter_outliers_dict": {
            "filter_outliers": true, 
            "iterations": 1, 
            "std_devs": 2
        }, 
        "fit": "Average", 
        "value": 0.07477950188723784
    }
}