{
    "Ar36": {
        "error": 0.0002855241595995177, 
        "filter_outliers_dict": {
            "filter_outliers": true, 
            "iterations": 1, 
            "std_devs": 2
        }, 
        "fit": "Linear", 
        "value": 0.00986815681149697
    }, 
    "Ar37": {
        "error": 0.011394376381726926, 
        "filter_outliers_dict": {
            "filter_outliers": true, 
            "iterations": 1, 
            "std_devs": 2
        }, 
        "fit": "linear", 
        "value": 0.5364610684523003
    }, 
    "Ar38": {
        "error": 0.004607865239290805, 
        "filter_outliers_dict": {
            "filter_outliers": true, 
            "iterations": 1, 
            "std_devs": 2
        }, 
        "fit": "linear", 
        "value": 1.71244268000089
    }, 
    "Ar39": {
        "error": 0.028069170801321923, 
        "filter_outliers_dict": {
            "filter_outliers": true, 
            "iterations": 1, 
            "std_devs": 2
        }, 
        "fit": "Linear", 
        "value": 129.60948961832023
    }, 
    "Ar40": {
        "error": 0.10795048403441092, 
        "filter_outliers_dict": {
            "filter_outliers": true, 
            "iterations": 1, 
            "std_devs": 2
        }, 
        "fit": "Linear", 
        "value": 1273.8866683705787
    }, 
    "Ar41": {
        "error": 0.004178029331260835, 
        "filter_outliers_dict": {
            "filter_outliers": true, 
            "iterations": 1, 
            "std_devs": 2
        }, 
        "fit": "Average", 
        "value": 0.12658305971642472
    }
}