{
    "Ar36": {
        "error": 0.0004927946420747321, 
        "filter_outliers_dict": {
            "filter_outliers": true, 
            "iterations": 1, 
            "std_devs": 2
        }, 
        "fit": "Linear", 
        "value": 0.031692446344257774
    }, 
    "Ar37": {
        "error": 0.009868125551281394, 
        "filter_outliers_dict": {
            "filter_outliers": true, 
            "iterations": 1, 
            "std_devs": 2
        }, 
        "fit": "linear", 
        "value": 0.4389732051385978
    }, 
    "Ar38": {
        "error": 0.0062373463511925424, 
        "filter_outliers_dict": {
            "filter_outliers": true, 
            "iterations": 1, 
            "std_devs": 2
        }, 
        "fit": "linear", 
        "value": 1.0925609951173068
    }, 
    "Ar39": {
        "error": 0.02163406346344178, 
        "filter_outliers_dict": {
            "filter_outliers": true, 
            "iterations": 1, 
            "std_devs": 2
        }, 
        "fit": "Linear", 
        "value": 81.49554061008449
    }, 
    "Ar40": {
        "error": 0.09065788301360728, 
        "filter_outliers_dict": {
            "filter_outliers": true, 
            "iterations": 1, 
            "std_devs": 2
        }, 
        "fit": "Linear", 
        "value": 770.9806332257856
    }, 
    "Ar41": {
        "error": 0.004619855923028529, 
        "filter_outliers_dict": {
            "filter_outliers": true, 
            "iterations": 1, 
            "std_devs": 2
        }, 
        "fit": "Average", 
        "value": 0.11716350607450353
    }
}