{
    "Ar36": {
        "error": 0.00029283608283382984, 
        "filter_outliers_dict": {
            "filter_outliers": true, 
            "iterations": 1, 
            "std_devs": 2
        }, 
        "fit": "Linear", 
        "value": 0.012559104299546034
    }, 
    "Ar37": {
        "error": 0.009077761908342639, 
        "filter_outliers_dict": {
            "filter_outliers": true, 
            "iterations": 1, 
            "std_devs": 2
        }, 
        "fit": "linear", 
        "value": 0.36545871345650677
    }, 
    "Ar38": {
        "error": 0.004018559417591799, 
        "filter_outliers_dict": {
            "filter_outliers": true, 
            "iterations": 1, 
            "std_devs": 2
        }, 
        "fit": "linear", 
        "value": 0.1683284892247549
    }, 
    "Ar39": {
        "error": 0.012970511072583919, 
        "filter_outliers_dict": {
            "filter_outliers": true, 
            "iterations": 1, 
            "std_devs": 2
        }, 
        "fit": "Linear", 
        "value": 11.593637865932777
    }, 
    "Ar40": {
        "error": 0.3786591416697998, 
        "filter_outliers_dict": {
            "filter_outliers": true, 
            "iterations": 1, 
            "std_devs": 2
        }, 
        "fit": "Linear", 
        "value": 4345.306267801765
    }, 
    "Ar41": {
        "error": 0.004555512637360225, 
        "filter_outliers_dict": {
            "filter_outliers": true, 
            "iterations": 1, 
            "std_devs": 2
        }, 
        "fit": "Average", 
        "value": 0.26678301021110806
    }
}