{
    "Ar36": {
        "error": 0.00026854430259096775, 
        "filter_outliers_dict": {
            "filter_outliers": true, 
            "iterations": 1, 
            "std_devs": 2
        }, 
        "fit": "Linear", 
        "value": 0.010055728255559039
    }, 
    "Ar37": {
        "error": 0.010573813694885956, 
        "filter_outliers_dict": {
            "filter_outliers": true, 
            "iterations": 1, 
            "std_devs": 2
        }, 
        "fit": "linear", 
        "value": 0.19820366541961887
    }, 
    "Ar38": {
        "error": 0.005102391725618034, 
        "filter_outliers_dict": {
            "filter_outliers": true, 
            "iterations": 1, 
            "std_devs": 2
        }, 
        "fit": "linear", 
        "value": 0.13256409709190747
    }, 
    "Ar39": {
        "error": 0.013958443041640723, 
        "filter_outliers_dict": {
            "filter_outliers": true, 
            "iterations": 1, 
            "std_devs": 2
        }, 
        "fit": "Linear", 
        "value": 9.376118337183527
    }, 
    "Ar40": {
        "error": 0.023156230077693886, 
        "filter_outliers_dict": {
            "filter_outliers": true, 
            "iterations": 1, 
            "std_devs": 2
        }, 
        "fit": "Linear", 
        "value": 142.34570856548055
    }, 
    "Ar41": {
        "error": 0.0046235253839527184, 
        "filter_outliers_dict": {
            "filter_outliers": true, 
            "iterations": 1, 
            "std_devs": 2
        }, 
        "fit": "Average", 
        "value": 0.07494340497672401
    }
}