{
    "Ar36": {
        "error": 0.0002483617982209894, 
        "filter_outliers_dict": {
            "filter_outliers": true, 
            "iterations": 1, 
            "std_devs": 2
        }, 
        "fit": "Linear", 
        "value": 0.0072526368850775146
    }, 
    "Ar37": {
        "error": 0.010873659096470029, 
        "filter_outliers_dict": {
            "filter_outliers": true, 
            "iterations": 1, 
            "std_devs": 2
        }, 
        "fit": "linear", 
        "value": 0.22292519634554117
    }, 
    "Ar38": {
        "error": 0.0041892907703752905, 
        "filter_outliers_dict": {
            "filter_outliers": true, 
            "iterations": 1, 
            "std_devs": 2
        }, 
        "fit": "linear", 
        "value": 0.21765061144523387
    }, 
    "Ar39": {
        "error": 0.012612077296900772, 
        "filter_outliers_dict": {
            "filter_outliers": true, 
            "iterations": 1, 
            "std_devs": 2
        }, 
        "fit": "Linear", 
        "value": 15.220513950818072
    }, 
    "Ar40": {
        "error": 0.026642333106922707, 
        "filter_outliers_dict": {
            "filter_outliers": true, 
            "iterations": 1, 
            "std_devs": 2
        }, 
        "fit": "Linear", 
        "value": 155.33465559106347
    }, 
    "Ar41": {
        "error": 0.004832453657987449, 
        "filter_outliers_dict": {
            "filter_outliers": true, 
            "iterations": 1, 
            "std_devs": 2
        }, 
        "fit": "Average", 
        "value": 0.09209197395184364
    }
}