{
    "Ar36": {
        "error": 0.0003115905473220042, 
        "filter_outliers_dict": {
            "filter_outliers": true, 
            "iterations": 1, 
            "std_devs": 2
        }, 
        "fit": "Linear", 
        "value": 0.014945269899541681
    }, 
    "Ar37": {
        "error": 0.01076203531080694, 
        "filter_outliers_dict": {
            "filter_outliers": true, 
            "iterations": 1, 
            "std_devs": 2
        }, 
        "fit": "linear", 
        "value": 0.2983738569985849
    }, 
    "Ar38": {
        "error": 0.004277493202339005, 
        "filter_outliers_dict": {
            "filter_outliers": true, 
            "iterations": 1, 
            "std_devs": 2
        }, 
        "fit": "linear", 
        "value": 0.22576666168498413
    }, 
    "Ar39": {
        "error": 0.014873322405717504, 
        "filter_outliers_dict": {
            "filter_outliers": true, 
            "iterations": 1, 
            "std_devs": 2
        }, 
        "fit": "Linear", 
        "value": 15.673259314279367
    }, 
    "Ar40": {
        "error": 0.22581062026303314, 
        "filter_outliers_dict": {
            "filter_outliers": true, 
            "iterations": 1, 
            "std_devs": 2
        }, 
        "fit": "Linear", 
        "value": 4698.9153656091685
    }, 
    "Ar41": {
        "error": 0.004744831379660778, 
        "filter_outliers_dict": {
            "filter_outliers": true, 
            "iterations": 1, 
            "std_devs": 2
        }, 
        "fit": "Average", 
        "value": 0.2970150248792763
    }
}