{
    "Ar36": {
        "error": 0.00011397910911850105, 
        "filter_outliers_dict": {
            "filter_outliers": true, 
            "iterations": 1, 
            "std_devs": 2
        }, 
        "fit": "Linear", 
        "value": 0.0012999261962350537
    }, 
    "Ar37": {
        "error": 0.010556061814420125, 
        "filter_outliers_dict": {
            "filter_outliers": true, 
            "iterations": 1, 
            "std_devs": 2
        }, 
        "fit": "linear", 
        "value": 0.1608293637438172
    }, 
    "Ar38": {
        "error": 0.0038377995529031653, 
        "filter_outliers_dict": {
            "filter_outliers": true, 
            "iterations": 1, 
            "std_devs": 2
        }, 
        "fit": "linear", 
        "value": 0.03927930500391555
    }, 
    "Ar39": {
        "error": 0.011113560151788923, 
        "filter_outliers_dict": {
            "filter_outliers": true, 
            "iterations": 1, 
            "std_devs": 2
        }, 
        "fit": "Linear", 
        "value": 2.3215886840123066
    }, 
    "Ar40": {
        "error": 0.05706156507649353, 
        "filter_outliers_dict": {
            "filter_outliers": true, 
            "iterations": 1, 
            "std_devs": 2
        }, 
        "fit": "Linear", 
        "value": 581.2265870548356
    }, 
    "Ar41": {
        "error": 0.004988478320044228, 
        "filter_outliers_dict": {
            "filter_outliers": true, 
            "iterations": 1, 
            "std_devs": 2
        }, 
        "fit": "Average", 
        "value": 0.10196976777617152
    }
}