{
    "Ar36": {
        "error": 0.00040339474101707394, 
        "filter_outliers_dict": {
            "filter_outliers": true, 
            "iterations": 1, 
            "std_devs": 2
        }, 
        "fit": "Linear", 
        "value": 0.01962377688273355
    }, 
    "Ar37": {
        "error": 0.011082545634545256, 
        "filter_outliers_dict": {
            "filter_outliers": true, 
            "iterations": 1, 
            "std_devs": 2
        }, 
        "fit": "linear", 
        "value": 2.233810320350996
    }, 
    "Ar38": {
        "error": 0.0049218178807629, 
        "filter_outliers_dict": {
            "filter_outliers": true, 
            "iterations": 1, 
            "std_devs": 2
        }, 
        "fit": "linear", 
        "value": 1.3772864593104635
    }, 
    "Ar39": {
        "error": 0.023446554032203457, 
        "filter_outliers_dict": {
            "filter_outliers": true, 
            "iterations": 1, 
            "std_devs": 2
        }, 
        "fit": "Linear", 
        "value": 103.57054752754271
    }, 
    "Ar40": {
        "error": 0.11228559789493925, 
        "filter_outliers_dict": {
            "filter_outliers": true, 
            "iterations": 1, 
            "std_devs": 2
        }, 
        "fit": "Linear", 
        "value": 988.8594709217106
    }, 
    "Ar41": {
        "error": 0.004250094660352362, 
        "filter_outliers_dict": {
            "filter_outliers": true, 
            "iterations": 1, 
            "std_devs": 2
        }, 
        "fit": "Average", 
        "value": 0.13389366432284353
    }
}