{
    "Ar36": {
        "error": 0.0001278828601684989, 
        "filter_outliers_dict": {
            "filter_outliers": true, 
            "iterations": 1, 
            "std_devs": 2
        }, 
        "fit": "Linear", 
        "value": 0.0013694843255353487
    }, 
    "Ar37": {
        "error": 0.00935430115720356, 
        "filter_outliers_dict": {
            "filter_outliers": true, 
            "iterations": 1, 
            "std_devs": 2
        }, 
        "fit": "linear", 
        "value": 0.1668132893926033
    }, 
    "Ar38": {
        "error": 0.003775772166427058, 
        "filter_outliers_dict": {
            "filter_outliers": true, 
            "iterations": 1, 
            "std_devs": 2
        }, 
        "fit": "linear", 
        "value": 0.03289209131985188
    }, 
    "Ar39": {
        "error": 0.009529648188378707, 
        "filter_outliers_dict": {
            "filter_outliers": true, 
            "iterations": 1, 
            "std_devs": 2
        }, 
        "fit": "Linear", 
        "value": 1.780320455977731
    }, 
    "Ar40": {
        "error": 0.07533923232709915, 
        "filter_outliers_dict": {
            "filter_outliers": true, 
            "iterations": 1, 
            "std_devs": 2
        }, 
        "fit": "Linear", 
        "value": 756.6845434758307
    }, 
    "Ar41": {
        "error": 0.004482210833625615, 
        "filter_outliers_dict": {
            "filter_outliers": true, 
            "iterations": 1, 
            "std_devs": 2
        }, 
        "fit": "Average", 
        "value": 0.11749953849562797
    }
}