{
    "Ar36": {
        "error": 0.0002614910061829801, 
        "filter_outliers_dict": {
            "filter_outliers": true, 
            "iterations": 1, 
            "std_devs": 2
        }, 
        "fit": "Linear", 
        "value": 0.009353203315127455
    }, 
    "Ar37": {
        "error": 0.010210932523485768, 
        "filter_outliers_dict": {
            "filter_outliers": true, 
            "iterations": 1, 
            "std_devs": 2
        }, 
        "fit": "linear", 
        "value": 0.47278941028864224
    }, 
    "Ar38": {
        "error": 0.00492426870940842, 
        "filter_outliers_dict": {
            "filter_outliers": true, 
            "iterations": 1, 
            "std_devs": 2
        }, 
        "fit": "linear", 
        "value": 0.8730893784331357
    }, 
    "Ar39": {
        "error": 0.021688846081262453, 
        "filter_outliers_dict": {
            "filter_outliers": true, 
            "iterations": 1, 
            "std_devs": 2
        }, 
        "fit": "Linear", 
        "value": 66.09158902364075
    }, 
    "Ar40": {
        "error": 0.06986503701325872, 
        "filter_outliers_dict": {
            "filter_outliers": true, 
            "iterations": 1, 
            "std_devs": 2
        }, 
        "fit": "Linear", 
        "value": 605.8802902164922
    }, 
    "Ar41": {
        "error": 0.0045044352166815835, 
        "filter_outliers_dict": {
            "filter_outliers": true, 
            "iterations": 1, 
            "std_devs": 2
        }, 
        "fit": "Average", 
        "value": 0.10271903005665842
    }
}