{
    "Ar36": {
        "error": 0.00023624278545673948, 
        "filter_outliers_dict": {
            "filter_outliers": true, 
            "iterations": 1, 
            "std_devs": 2
        }, 
        "fit": "Linear", 
        "value": 0.006424034171516724
    }, 
    "Ar37": {
        "error": 0.009659493237965753, 
        "filter_outliers_dict": {
            "filter_outliers": true, 
            "iterations": 1, 
            "std_devs": 2
        }, 
        "fit": "linear", 
        "value": 0.3731478875970786
    }, 
    "Ar38": {
        "error": 0.005327296062953983, 
        "filter_outliers_dict": {
            "filter_outliers": true, 
            "iterations": 1, 
            "std_devs": 2
        }, 
        "fit": "linear", 
        "value": 1.1214871879302242
    }, 
    "Ar39": {
        "error": 0.021157064932761958, 
        "filter_outliers_dict": {
            "filter_outliers": true, 
            "iterations": 1, 
            "std_devs": 2
        }, 
        "fit": "Linear", 
        "value": 84.07532273969798
    }, 
    "Ar40": {
        "error": 0.09523279023610047, 
        "filter_outliers_dict": {
            "filter_outliers": true, 
            "iterations": 1, 
            "std_devs": 2
        }, 
        "fit": "Linear", 
        "value": 827.0109002398369
    }, 
    "Ar41": {
        "error": 0.004541845992839847, 
        "filter_outliers_dict": {
            "filter_outliers": true, 
            "iterations": 1, 
            "std_devs": 2
        }, 
        "fit": "Average", 
        "value": 0.12736310763530964
    }
}