{
    "Ar36": {
        "error": 0.00032634746868121005, 
        "filter_outliers_dict": {
            "filter_outliers": true, 
            "iterations": 1, 
            "std_devs": 2
        }, 
        "fit": "Linear", 
        "value": 0.017249090908138524
    }, 
    "Ar37": {
        "error": 0.010922016523595203, 
        "filter_outliers_dict": {
            "filter_outliers": true, 
            "iterations": 1, 
            "std_devs": 2
        }, 
        "fit": "linear", 
        "value": 1.12659118120291
    }, 
    "Ar38": {
        "error": 0.003332294928986083, 
        "filter_outliers_dict": {
            "filter_outliers": true, 
            "iterations": 1, 
            "std_devs": 2
        }, 
        "fit": "linear", 
        "value": 0.9667047042784737
    }, 
    "Ar39": {
        "error": 0.021142655008833836, 
        "filter_outliers_dict": {
            "filter_outliers": true, 
            "iterations": 1, 
            "std_devs": 2
        }, 
        "fit": "Linear", 
        "value": 72.38671263976187
    }, 
    "Ar40": {
        "error": 0.012753222827378636, 
        "filter_outliers_dict": {
            "filter_outliers": true, 
            "iterations": 1, 
            "std_devs": 2
        }, 
        "fit": "Linear", 
        "value": 31.635656108364046
    }, 
    "Ar41": {
        "error": 0.004251282968187709, 
        "filter_outliers_dict": {
            "filter_outliers": true, 
            "iterations": 1, 
            "std_devs": 2
        }, 
        "fit": "Average", 
        "value": 0.08276058224926733
    }
}