{
    "Ar36": {
        "error": 0.0002461910409433323, 
        "filter_outliers_dict": {
            "filter_outliers": true, 
            "iterations": 1, 
            "std_devs": 2
        }, 
        "fit": "Linear", 
        "value": 0.005922801626707175
    }, 
    "Ar37": {
        "error": 0.011574356489505657, 
        "filter_outliers_dict": {
            "filter_outliers": true, 
            "iterations": 1, 
            "std_devs": 2
        }, 
        "fit": "linear", 
        "value": 0.39853273229701935
    }, 
    "Ar38": {
        "error": 0.004347020259288246, 
        "filter_outliers_dict": {
            "filter_outliers": true, 
            "iterations": 1, 
            "std_devs": 2
        }, 
        "fit": "linear", 
        "value": 0.8971866402616976
    }, 
    "Ar39": {
        "error": 0.020360514831473504, 
        "filter_outliers_dict": {
            "filter_outliers": true, 
            "iterations": 1, 
            "std_devs": 2
        }, 
        "fit": "Linear", 
        "value": 68.11227548269758
    }, 
    "Ar40": {
        "error": 0.07224107532378242, 
        "filter_outliers_dict": {
            "filter_outliers": true, 
            "iterations": 1, 
            "std_devs": 2
        }, 
        "fit": "Linear", 
        "value": 741.2317945913087
    }, 
    "Ar41": {
        "error": 0.004824469152594132, 
        "filter_outliers_dict": {
            "filter_outliers": true, 
            "iterations": 1, 
            "std_devs": 2
        }, 
        "fit": "Average", 
        "value": 0.11353816153325304
    }
}