{
    "Ar36": {
        "error": 0.0002476298785282901, 
        "filter_outliers_dict": {
            "filter_outliers": true, 
            "iterations": 1, 
            "std_devs": 2
        }, 
        "fit": "Linear", 
        "value": 0.00909613306710953
    }, 
    "Ar37": {
        "error": 0.011229194980705725, 
        "filter_outliers_dict": {
            "filter_outliers": true, 
            "iterations": 1, 
            "std_devs": 2
        }, 
        "fit": "linear", 
        "value": 0.4359835628108854
    }, 
    "Ar38": {
        "error": 0.0050685398856463205, 
        "filter_outliers_dict": {
            "filter_outliers": true, 
            "iterations": 1, 
            "std_devs": 2
        }, 
        "fit": "linear", 
        "value": 0.1381745428299774
    }, 
    "Ar39": {
        "error": 0.012191392909602958, 
        "filter_outliers_dict": {
            "filter_outliers": true, 
            "iterations": 1, 
            "std_devs": 2
        }, 
        "fit": "Linear", 
        "value": 8.616867531005559
    }, 
    "Ar40": {
        "error": 0.14874137927936468, 
        "filter_outliers_dict": {
            "filter_outliers": true, 
            "iterations": 1, 
            "std_devs": 2
        }, 
        "fit": "Linear", 
        "value": 3175.3416238427462
    }, 
    "Ar41": {
        "error": 0.004269837317647446, 
        "filter_outliers_dict": {
            "filter_outliers": true, 
            "iterations": 1, 
            "std_devs": 2
        }, 
        "fit": "Average", 
        "value": 0.21463964780289457
    }
}