{
    "Ar36": {
        "error": 0.00021373367809950024, 
        "filter_outliers_dict": {
            "filter_outliers": true, 
            "iterations": 1, 
            "std_devs": 2
        }, 
        "fit": "Linear", 
        "value": 0.004935697515986472
    }, 
    "Ar37": {
        "error": 0.009236772391200125, 
        "filter_outliers_dict": {
            "filter_outliers": true, 
            "iterations": 1, 
            "std_devs": 2
        }, 
        "fit": "linear", 
        "value": 0.2755994265024507
    }, 
    "Ar38": {
        "error": 0.004659339806293264, 
        "filter_outliers_dict": {
            "filter_outliers": true, 
            "iterations": 1, 
            "std_devs": 2
        }, 
        "fit": "linear", 
        "value": 0.4986692096194429
    }, 
    "Ar39": {
        "error": 0.015814244872233117, 
        "filter_outliers_dict": {
            "filter_outliers": true, 
            "iterations": 1, 
            "std_devs": 2
        }, 
        "fit": "Linear", 
        "value": 37.28024756029305
    }, 
    "Ar40": {
        "error": 0.044295755559324926, 
        "filter_outliers_dict": {
            "filter_outliers": true, 
            "iterations": 1, 
            "std_devs": 2
        }, 
        "fit": "Linear", 
        "value": 369.59996293335996
    }, 
    "Ar41": {
        "error": 0.004831146774444716, 
        "filter_outliers_dict": {
            "filter_outliers": true, 
            "iterations": 1, 
            "std_devs": 2
        }, 
        "fit": "Average", 
        "value": 0.10580093129352183
    }
}