{
    "Ar36": {
        "error": 0.00020338400540799702, 
        "filter_outliers_dict": {
            "filter_outliers": true, 
            "iterations": 1, 
            "std_devs": 2
        }, 
        "fit": "Linear", 
        "value": 0.006553149895465602
    }, 
    "Ar37": {
        "error": 0.01141133800379711, 
        "filter_outliers_dict": {
            "filter_outliers": true, 
            "iterations": 1, 
            "std_devs": 2
        }, 
        "fit": "linear", 
        "value": 0.3336336914154948
    }, 
    "Ar38": {
        "error": 0.004845517302202204, 
        "filter_outliers_dict": {
            "filter_outliers": true, 
            "iterations": 1, 
            "std_devs": 2
        }, 
        "fit": "linear", 
        "value": 0.6516887940796181
    }, 
    "Ar39": {
        "error": 0.01928790259931825, 
        "filter_outliers_dict": {
            "filter_outliers": true, 
            "iterations": 1, 
            "std_devs": 2
        }, 
        "fit": "Linear", 
        "value": 47.76874864321134
    }, 
    "Ar40": {
        "error": 0.058885349774067765, 
        "filter_outliers_dict": {
            "filter_outliers": true, 
            "iterations": 1, 
            "std_devs": 2
        }, 
        "fit": "Linear", 
        "value": 469.2521253545117
    }, 
    "Ar41": {
        "error": 0.00465900439605471, 
        "filter_outliers_dict": {
            "filter_outliers": true, 
            "iterations": 1, 
            "std_devs": 2
        }, 
        "fit": "Average", 
        "value": 0.09640706963521047
    }
}