{
    "Ar36": {
        "error": 0.00020613956412340797, 
        "filter_outliers_dict": {
            "filter_outliers": true, 
            "iterations": 1, 
            "std_devs": 2
        }, 
        "fit": "Linear", 
        "value": 0.005792229096025707
    }, 
    "Ar37": {
        "error": 0.011285517334472125, 
        "filter_outliers_dict": {
            "filter_outliers": true, 
            "iterations": 1, 
            "std_devs": 2
        }, 
        "fit": "linear", 
        "value": 0.5103744913314783
    }, 
    "Ar38": {
        "error": 0.004764795016030476, 
        "filter_outliers_dict": {
            "filter_outliers": true, 
            "iterations": 1, 
            "std_devs": 2
        }, 
        "fit": "linear", 
        "value": 0.824749106836641
    }, 
    "Ar39": {
        "error": 0.015520677750256982, 
        "filter_outliers_dict": {
            "filter_outliers": true, 
            "iterations": 1, 
            "std_devs": 2
        }, 
        "fit": "Linear", 
        "value": 61.21634685915367
    }, 
    "Ar40": {
        "error": 0.09523166355717787, 
        "filter_outliers_dict": {
            "filter_outliers": true, 
            "iterations": 1, 
            "std_devs": 2
        }, 
        "fit": "Linear", 
        "value": 1118.150507035648
    }, 
    "Ar41": {
        "error": 0.004537381228083475, 
        "filter_outliers_dict": {
            "filter_outliers": true, 
            "iterations": 1, 
            "std_devs": 2
        }, 
        "fit": "Average", 
        "value": 0.12619235227191983
    }
}