{
    "Ar36": {
        "error": 0.00023447979011707268, 
        "filter_outliers_dict": {
            "filter_outliers": true, 
            "iterations": 1, 
            "std_devs": 2
        }, 
        "fit": "Linear", 
        "value": 0.006989260637355352
    }, 
    "Ar37": {
        "error": 0.010401502483868529, 
        "filter_outliers_dict": {
            "filter_outliers": true, 
            "iterations": 1, 
            "std_devs": 2
        }, 
        "fit": "linear", 
        "value": 0.46561983148898956
    }, 
    "Ar38": {
        "error": 0.00508951238271217, 
        "filter_outliers_dict": {
            "filter_outliers": true, 
            "iterations": 1, 
            "std_devs": 2
        }, 
        "fit": "linear", 
        "value": 0.6617657143966804
    }, 
    "Ar39": {
        "error": 0.016266797048286073, 
        "filter_outliers_dict": {
            "filter_outliers": true, 
            "iterations": 1, 
            "std_devs": 2
        }, 
        "fit": "Linear", 
        "value": 49.265405921291716
    }, 
    "Ar40": {
        "error": 0.09122855627094918, 
        "filter_outliers_dict": {
            "filter_outliers": true, 
            "iterations": 1, 
            "std_devs": 2
        }, 
        "fit": "Linear", 
        "value": 945.7194445048424
    }, 
    "Ar41": {
        "error": 0.004581944326417957, 
        "filter_outliers_dict": {
            "filter_outliers": true, 
            "iterations": 1, 
            "std_devs": 2
        }, 
        "fit": "Average", 
        "value": 0.11193628304842937
    }
}