{
    "Ar36": {
        "error": 0.00029384232110216124, 
        "filter_outliers_dict": {
            "filter_outliers": true, 
            "iterations": 1, 
            "std_devs": 2
        }, 
        "fit": "Linear", 
        "value": 0.01415287803729114
    }, 
    "Ar37": {
        "error": 0.011080092998304881, 
        "filter_outliers_dict": {
            "filter_outliers": true, 
            "iterations": 1, 
            "std_devs": 2
        }, 
        "fit": "linear", 
        "value": 0.21282129759886567
    }, 
    "Ar38": {
        "error": 0.005265353822585051, 
        "filter_outliers_dict": {
            "filter_outliers": true, 
            "iterations": 1, 
            "std_devs": 2
        }, 
        "fit": "linear", 
        "value": 0.22663241204587026
    }, 
    "Ar39": {
        "error": 0.01443782402751156, 
        "filter_outliers_dict": {
            "filter_outliers": true, 
            "iterations": 1, 
            "std_devs": 2
        }, 
        "fit": "Linear", 
        "value": 16.505111966912555
    }, 
    "Ar40": {
        "error": 0.033928818957407486, 
        "filter_outliers_dict": {
            "filter_outliers": true, 
            "iterations": 1, 
            "std_devs": 2
        }, 
        "fit": "Linear", 
        "value": 230.05590346703167
    }, 
    "Ar41": {
        "error": 0.004798121204743527, 
        "filter_outliers_dict": {
            "filter_outliers": true, 
            "iterations": 1, 
            "std_devs": 2
        }, 
        "fit": "Average", 
        "value": 0.09515615998027709
    }
}