{
    "Ar36": {
        "error": 0.0002925283895908491, 
        "filter_outliers_dict": {
            "filter_outliers": true, 
            "iterations": 1, 
            "std_devs": 2
        }, 
        "fit": "Linear", 
        "value": 0.01043753973722688
    }, 
    "Ar37": {
        "error": 0.011640010529577754, 
        "filter_outliers_dict": {
            "filter_outliers": true, 
            "iterations": 1, 
            "std_devs": 2
        }, 
        "fit": "linear", 
        "value": 0.43558288380338883
    }, 
    "Ar38": {
        "error": 0.004874841710725008, 
        "filter_outliers_dict": {
            "filter_outliers": true, 
            "iterations": 1, 
            "std_devs": 2
        }, 
        "fit": "linear", 
        "value": 0.34013795976831174
    }, 
    "Ar39": {
        "error": 0.01686910352340808, 
        "filter_outliers_dict": {
            "filter_outliers": true, 
            "iterations": 1, 
            "std_devs": 2
        }, 
        "fit": "Linear", 
        "value": 25.074875697205147
    }, 
    "Ar40": {
        "error": 0.04849822668980404, 
        "filter_outliers_dict": {
            "filter_outliers": true, 
            "iterations": 1, 
            "std_devs": 2
        }, 
        "fit": "Linear", 
        "value": 353.65704740530845
    }, 
    "Ar41": {
        "error": 0.0043626643239298305, 
        "filter_outliers_dict": {
            "filter_outliers": true, 
            "iterations": 1, 
            "std_devs": 2
        }, 
        "fit": "Average", 
        "value": 0.07822320773866007
    }
}