{
    "Ar36": {
        "error": 0.00023389856349741113, 
        "filter_outliers_dict": {
            "filter_outliers": true, 
            "iterations": 1, 
            "std_devs": 2
        }, 
        "fit": "Linear", 
        "value": 0.0051328011080744715
    }, 
    "Ar37": {
        "error": 0.012072697693785358, 
        "filter_outliers_dict": {
            "filter_outliers": true, 
            "iterations": 1, 
            "std_devs": 2
        }, 
        "fit": "linear", 
        "value": 0.42984179133340694
    }, 
    "Ar38": {
        "error": 0.0038026605412250763, 
        "filter_outliers_dict": {
            "filter_outliers": true, 
            "iterations": 1, 
            "std_devs": 2
        }, 
        "fit": "linear", 
        "value": 0.9891695060738698
    }, 
    "Ar39": {
        "error": 0.018176424950473516, 
        "filter_outliers_dict": {
            "filter_outliers": true, 
            "iterations": 1, 
            "std_devs": 2
        }, 
        "fit": "Linear", 
        "value": 73.83746432534164
    }, 
    "Ar40": {
        "error": 0.07888368449686843, 
        "filter_outliers_dict": {
            "filter_outliers": true, 
            "iterations": 1, 
            "std_devs": 2
        }, 
        "fit": "Linear", 
        "value": 685.1229037173707
    }, 
    "Ar41": {
        "error": 0.0046831186300045355, 
        "filter_outliers_dict": {
            "filter_outliers": true, 
            "iterations": 1, 
            "std_devs": 2
        }, 
        "fit": "Average", 
        "value": 0.1032918803661115
    }
}