{
    "Ar36": {
        "error": 0.0002307368864544176, 
        "filter_outliers_dict": {
            "filter_outliers": true, 
            "iterations": 1, 
            "std_devs": 2
        }, 
        "fit": "Linear", 
        "value": 0.008562810466025042
    }, 
    "Ar37": {
        "error": 0.01140541924958655, 
        "filter_outliers_dict": {
            "filter_outliers": true, 
            "iterations": 1, 
            "std_devs": 2
        }, 
        "fit": "linear", 
        "value": 0.29735949970242725
    }, 
    "Ar38": {
        "error": 0.004515159829830145, 
        "filter_outliers_dict": {
            "filter_outliers": true, 
            "iterations": 1, 
            "std_devs": 2
        }, 
        "fit": "linear", 
        "value": 0.35276969042963835
    }, 
    "Ar39": {
        "error": 0.012334332679899524, 
        "filter_outliers_dict": {
            "filter_outliers": true, 
            "iterations": 1, 
            "std_devs": 2
        }, 
        "fit": "Linear", 
        "value": 25.842925507209824
    }, 
    "Ar40": {
        "error": 0.03939769157253426, 
        "filter_outliers_dict": {
            "filter_outliers": true, 
            "iterations": 1, 
            "std_devs": 2
        }, 
        "fit": "Linear", 
        "value": 238.18524399398382
    }, 
    "Ar41": {
        "error": 0.004171025052765626, 
        "filter_outliers_dict": {
            "filter_outliers": true, 
            "iterations": 1, 
            "std_devs": 2
        }, 
        "fit": "Average", 
        "value": 0.09254304674820893
    }
}