{
    "Ar36": {
        "error": 0.00022187499558613087, 
        "filter_outliers_dict": {
            "filter_outliers": true, 
            "iterations": 1, 
            "std_devs": 2
        }, 
        "fit": "Linear", 
        "value": 0.006569679142096038
    }, 
    "Ar37": {
        "error": 0.010019890088049087, 
        "filter_outliers_dict": {
            "filter_outliers": true, 
            "iterations": 1, 
            "std_devs": 2
        }, 
        "fit": "linear", 
        "value": 0.21356049835730784
    }, 
    "Ar38": {
        "error": 0.004741595971712811, 
        "filter_outliers_dict": {
            "filter_outliers": true, 
            "iterations": 1, 
            "std_devs": 2
        }, 
        "fit": "linear", 
        "value": 0.11190994523418894
    }, 
    "Ar39": {
        "error": 0.013029635003596989, 
        "filter_outliers_dict": {
            "filter_outliers": true, 
            "iterations": 1, 
            "std_devs": 2
        }, 
        "fit": "Linear", 
        "value": 7.646766353140761
    }, 
    "Ar40": {
        "error": 0.018185488087630968, 
        "filter_outliers_dict": {
            "filter_outliers": true, 
            "iterations": 1, 
            "std_devs": 2
        }, 
        "fit": "Linear", 
        "value": 72.0427468893468
    }, 
    "Ar41": {
        "error": 0.004640017070701387, 
        "filter_outliers_dict": {
            "filter_outliers": true, 
            "iterations": 1, 
            "std_devs": 2
        }, 
        "fit": "Average", 
        "value": 0.08248274428761003
    }
}