{
    "Ar36": {
        "error": 0.00021133908938113124, 
        "filter_outliers_dict": {
            "filter_outliers": true, 
            "iterations": 1, 
            "std_devs": 2
        }, 
        "fit": "Linear", 
        "value": 0.005375268210823356
    }, 
    "Ar37": {
        "error": 0.01184308218188049, 
        "filter_outliers_dict": {
            "filter_outliers": true, 
            "iterations": 1, 
            "std_devs": 2
        }, 
        "fit": "linear", 
        "value": 0.2176309533215307
    }, 
    "Ar38": {
        "error": 0.004956871100323332, 
        "filter_outliers_dict": {
            "filter_outliers": true, 
            "iterations": 1, 
            "std_devs": 2
        }, 
        "fit": "linear", 
        "value": 0.1302374179403508
    }, 
    "Ar39": {
        "error": 0.013953869670229397, 
        "filter_outliers_dict": {
            "filter_outliers": true, 
            "iterations": 1, 
            "std_devs": 2
        }, 
        "fit": "Linear", 
        "value": 9.198568932632057
    }, 
    "Ar40": {
        "error": 0.0180063892258711, 
        "filter_outliers_dict": {
            "filter_outliers": true, 
            "iterations": 1, 
            "std_devs": 2
        }, 
        "fit": "Linear", 
        "value": 85.18037144473371
    }, 
    "Ar41": {
        "error": 0.004567133457350736, 
        "filter_outliers_dict": {
            "filter_outliers": true, 
            "iterations": 1, 
            "std_devs": 2
        }, 
        "fit": "Average", 
        "value": 0.07594644640802475
    }
}