{
    "Ar36": {
        "error": 0.00029902150284314257, 
        "filter_outliers_dict": {
            "filter_outliers": true, 
            "iterations": 1, 
            "std_devs": 2
        }, 
        "fit": "Linear", 
        "value": 0.014237083708792288
    }, 
    "Ar37": {
        "error": 0.011010125780127314, 
        "filter_outliers_dict": {
            "filter_outliers": true, 
            "iterations": 1, 
            "std_devs": 2
        }, 
        "fit": "linear", 
        "value": 0.19030571263709892
    }, 
    "Ar38": {
        "error": 0.004420157782455734, 
        "filter_outliers_dict": {
            "filter_outliers": true, 
            "iterations": 1, 
            "std_devs": 2
        }, 
        "fit": "linear", 
        "value": 0.3917101569322628
    }, 
    "Ar39": {
        "error": 0.015892889339605677, 
        "filter_outliers_dict": {
            "filter_outliers": true, 
            "iterations": 1, 
            "std_devs": 2
        }, 
        "fit": "Linear", 
        "value": 28.19167223511779
    }, 
    "Ar40": {
        "error": 0.042439481779658554, 
        "filter_outliers_dict": {
            "filter_outliers": true, 
            "iterations": 1, 
            "std_devs": 2
        }, 
        "fit": "Linear", 
        "value": 366.25504229720366
    }, 
    "Ar41": {
        "error": 0.004714257083697024, 
        "filter_outliers_dict": {
            "filter_outliers": true, 
            "iterations": 1, 
            "std_devs": 2
        }, 
        "fit": "Average", 
        "value": 0.09717741839943929
    }
}