{
    "Ar36": {
        "error": 0.00039271735204674435, 
        "filter_outliers_dict": {
            "filter_outliers": true, 
            "iterations": 1, 
            "std_devs": 2
        }, 
        "fit": "Linear", 
        "value": 0.020837674530463923
    }, 
    "Ar37": {
        "error": 0.01156112582439204, 
        "filter_outliers_dict": {
            "filter_outliers": true, 
            "iterations": 1, 
            "std_devs": 2
        }, 
        "fit": "linear", 
        "value": 0.344361145105467
    }, 
    "Ar38": {
        "error": 0.004940033840332844, 
        "filter_outliers_dict": {
            "filter_outliers": true, 
            "iterations": 1, 
            "std_devs": 2
        }, 
        "fit": "linear", 
        "value": 0.8164569852835599
    }, 
    "Ar39": {
        "error": 0.019181128992903525, 
        "filter_outliers_dict": {
            "filter_outliers": true, 
            "iterations": 1, 
            "std_devs": 2
        }, 
        "fit": "Linear", 
        "value": 61.22811149041769
    }, 
    "Ar40": {
        "error": 0.05934293960826781, 
        "filter_outliers_dict": {
            "filter_outliers": true, 
            "iterations": 1, 
            "std_devs": 2
        }, 
        "fit": "Linear", 
        "value": 604.0704593344859
    }, 
    "Ar41": {
        "error": 0.003796554874827055, 
        "filter_outliers_dict": {
            "filter_outliers": true, 
            "iterations": 1, 
            "std_devs": 2
        }, 
        "fit": "Average", 
        "value": 0.11253307068925815
    }
}