{
    "Ar36": {
        "error": 0.00026430111606938207, 
        "filter_outliers_dict": {
            "filter_outliers": true, 
            "iterations": 1, 
            "std_devs": 2
        }, 
        "fit": "Linear", 
        "value": 0.010816893856196204
    }, 
    "Ar37": {
        "error": 0.010882906729777117, 
        "filter_outliers_dict": {
            "filter_outliers": true, 
            "iterations": 1, 
            "std_devs": 2
        }, 
        "fit": "linear", 
        "value": 0.3615258956640544
    }, 
    "Ar38": {
        "error": 0.005244288791665566, 
        "filter_outliers_dict": {
            "filter_outliers": true, 
            "iterations": 1, 
            "std_devs": 2
        }, 
        "fit": "linear", 
        "value": 0.7463269356689599
    }, 
    "Ar39": {
        "error": 0.01817994011158532, 
        "filter_outliers_dict": {
            "filter_outliers": true, 
            "iterations": 1, 
            "std_devs": 2
        }, 
        "fit": "Linear", 
        "value": 56.43113672120684
    }, 
    "Ar40": {
        "error": 0.05998840120944419, 
        "filter_outliers_dict": {
            "filter_outliers": true, 
            "iterations": 1, 
            "std_devs": 2
        }, 
        "fit": "Linear", 
        "value": 555.3852729329957
    }, 
    "Ar41": {
        "error": 0.004599335089556658, 
        "filter_outliers_dict": {
            "filter_outliers": true, 
            "iterations": 1, 
            "std_devs": 2
        }, 
        "fit": "Average", 
        "value": 0.09713776694522626
    }
}