{
    "Ar36": {
        "error": 0.00027870990324354667, 
        "filter_outliers_dict": {
            "filter_outliers": true, 
            "iterations": 1, 
            "std_devs": 2
        }, 
        "fit": "Linear", 
        "value": 0.010017545974907439
    }, 
    "Ar37": {
        "error": 0.010522739614742859, 
        "filter_outliers_dict": {
            "filter_outliers": true, 
            "iterations": 1, 
            "std_devs": 2
        }, 
        "fit": "linear", 
        "value": 0.29152798196494834
    }, 
    "Ar38": {
        "error": 0.004647535452859917, 
        "filter_outliers_dict": {
            "filter_outliers": true, 
            "iterations": 1, 
            "std_devs": 2
        }, 
        "fit": "linear", 
        "value": 0.5890019757200287
    }, 
    "Ar39": {
        "error": 0.018254773493716896, 
        "filter_outliers_dict": {
            "filter_outliers": true, 
            "iterations": 1, 
            "std_devs": 2
        }, 
        "fit": "Linear", 
        "value": 43.69914897793704
    }, 
    "Ar40": {
        "error": 0.04809010126042236, 
        "filter_outliers_dict": {
            "filter_outliers": true, 
            "iterations": 1, 
            "std_devs": 2
        }, 
        "fit": "Linear", 
        "value": 429.5799890727459
    }, 
    "Ar41": {
        "error": 0.004334559972197196, 
        "filter_outliers_dict": {
            "filter_outliers": true, 
            "iterations": 1, 
            "std_devs": 2
        }, 
        "fit": "Average", 
        "value": 0.10834581529104662
    }
}