{
    "Ar36": {
        "error": 0.00018159294930745006, 
        "filter_outliers_dict": {
            "filter_outliers": true, 
            "iterations": 1, 
            "std_devs": 2
        }, 
        "fit": "Linear", 
        "value": 0.004392965162131331
    }, 
    "Ar37": {
        "error": 0.010374907646204034, 
        "filter_outliers_dict": {
            "filter_outliers": true, 
            "iterations": 1, 
            "std_devs": 2
        }, 
        "fit": "linear", 
        "value": 0.2511358986159032
    }, 
    "Ar38": {
        "error": 0.005168175384086937, 
        "filter_outliers_dict": {
            "filter_outliers": true, 
            "iterations": 1, 
            "std_devs": 2
        }, 
        "fit": "linear", 
        "value": 0.37144598060786443
    }, 
    "Ar39": {
        "error": 0.014749831916001443, 
        "filter_outliers_dict": {
            "filter_outliers": true, 
            "iterations": 1, 
            "std_devs": 2
        }, 
        "fit": "Linear", 
        "value": 27.71778853298656
    }, 
    "Ar40": {
        "error": 0.033414568589909016, 
        "filter_outliers_dict": {
            "filter_outliers": true, 
            "iterations": 1, 
            "std_devs": 2
        }, 
        "fit": "Linear", 
        "value": 282.8422623367423
    }, 
    "Ar41": {
        "error": 0.004351530911525289, 
        "filter_outliers_dict": {
            "filter_outliers": true, 
            "iterations": 1, 
            "std_devs": 2
        }, 
        "fit": "Average", 
        "value": 0.09092131113399161
    }
}