{
    "Ar36": {
        "error": 0.000223467457342536, 
        "filter_outliers_dict": {
            "filter_outliers": true, 
            "iterations": 1, 
            "std_devs": 2
        }, 
        "fit": "Linear", 
        "value": 0.0065316031753679055
    }, 
    "Ar37": {
        "error": 0.010634190735562868, 
        "filter_outliers_dict": {
            "filter_outliers": true, 
            "iterations": 1, 
            "std_devs": 2
        }, 
        "fit": "linear", 
        "value": 0.7692992976823141
    }, 
    "Ar38": {
        "error": 0.005290532345953988, 
        "filter_outliers_dict": {
            "filter_outliers": true, 
            "iterations": 1, 
            "std_devs": 2
        }, 
        "fit": "linear", 
        "value": 0.3265099987365958
    }, 
    "Ar39": {
        "error": 0.013380454736034244, 
        "filter_outliers_dict": {
            "filter_outliers": true, 
            "iterations": 1, 
            "std_devs": 2
        }, 
        "fit": "Linear", 
        "value": 23.407758923896516
    }, 
    "Ar40": {
        "error": 0.05039395771023206, 
        "filter_outliers_dict": {
            "filter_outliers": true, 
            "iterations": 1, 
            "std_devs": 2
        }, 
        "fit": "Linear", 
        "value": 323.27108043936795
    }, 
    "Ar41": {
        "error": 0.0044345811377458095, 
        "filter_outliers_dict": {
            "filter_outliers": true, 
            "iterations": 1, 
            "std_devs": 2
        }, 
        "fit": "Average", 
        "value": 0.07945475981863113
    }
}