{
    "Ar36": {
        "error": 0.0002468026670713723, 
        "filter_outliers_dict": {
            "filter_outliers": true, 
            "iterations": 1, 
            "std_devs": 2
        }, 
        "fit": "Linear", 
        "value": 0.013530072411037326
    }, 
    "Ar37": {
        "error": 0.009588960125114098, 
        "filter_outliers_dict": {
            "filter_outliers": true, 
            "iterations": 1, 
            "std_devs": 2
        }, 
        "fit": "linear", 
        "value": 0.4907537202200766
    }, 
    "Ar38": {
        "error": 0.005226682182420158, 
        "filter_outliers_dict": {
            "filter_outliers": true, 
            "iterations": 1, 
            "std_devs": 2
        }, 
        "fit": "linear", 
        "value": 1.6961735247512557
    }, 
    "Ar39": {
        "error": 0.024555204091293494, 
        "filter_outliers_dict": {
            "filter_outliers": true, 
            "iterations": 1, 
            "std_devs": 2
        }, 
        "fit": "Linear", 
        "value": 127.86703673049996
    }, 
    "Ar40": {
        "error": 0.12886294536897783, 
        "filter_outliers_dict": {
            "filter_outliers": true, 
            "iterations": 1, 
            "std_devs": 2
        }, 
        "fit": "Linear", 
        "value": 1265.3232920782302
    }, 
    "Ar41": {
        "error": 0.004809565506900742, 
        "filter_outliers_dict": {
            "filter_outliers": true, 
            "iterations": 1, 
            "std_devs": 2
        }, 
        "fit": "Average", 
        "value": 0.13940774332585318
    }
}