{
    "Ar36": {
        "error": 0.00021035458995495105, 
        "filter_outliers_dict": {
            "filter_outliers": true, 
            "iterations": 1, 
            "std_devs": 2
        }, 
        "fit": "Linear", 
        "value": 0.00595229404977295
    }, 
    "Ar37": {
        "error": 0.011561805534930743, 
        "filter_outliers_dict": {
            "filter_outliers": true, 
            "iterations": 1, 
            "std_devs": 2
        }, 
        "fit": "linear", 
        "value": 1.3361668668728337
    }, 
    "Ar38": {
        "error": 0.005296024423929495, 
        "filter_outliers_dict": {
            "filter_outliers": true, 
            "iterations": 1, 
            "std_devs": 2
        }, 
        "fit": "linear", 
        "value": 0.8774877504858958
    }, 
    "Ar39": {
        "error": 0.02394953097025887, 
        "filter_outliers_dict": {
            "filter_outliers": true, 
            "iterations": 1, 
            "std_devs": 2
        }, 
        "fit": "Linear", 
        "value": 65.0003396724423
    }, 
    "Ar40": {
        "error": 0.011837299982832417, 
        "filter_outliers_dict": {
            "filter_outliers": true, 
            "iterations": 1, 
            "std_devs": 2
        }, 
        "fit": "Linear", 
        "value": 12.149805066850256
    }, 
    "Ar41": {
        "error": 0.005067065751414719, 
        "filter_outliers_dict": {
            "filter_outliers": true, 
            "iterations": 1, 
            "std_devs": 2
        }, 
        "fit": "Average", 
        "value": 0.0778071147710469
    }
}