{
    "Ar36": {
        "error": 0.00022341075836256725, 
        "filter_outliers_dict": {
            "filter_outliers": true, 
            "iterations": 1, 
            "std_devs": 2
        }, 
        "fit": "Linear", 
        "value": 0.005588497009531315
    }, 
    "Ar37": {
        "error": 0.01065834914788777, 
        "filter_outliers_dict": {
            "filter_outliers": true, 
            "iterations": 1, 
            "std_devs": 2
        }, 
        "fit": "linear", 
        "value": 0.25385786271411226
    }, 
    "Ar38": {
        "error": 0.00547338025929696, 
        "filter_outliers_dict": {
            "filter_outliers": true, 
            "iterations": 1, 
            "std_devs": 2
        }, 
        "fit": "linear", 
        "value": 0.43173078298013934
    }, 
    "Ar39": {
        "error": 0.015383310082538305, 
        "filter_outliers_dict": {
            "filter_outliers": true, 
            "iterations": 1, 
            "std_devs": 2
        }, 
        "fit": "Linear", 
        "value": 30.86807693404768
    }, 
    "Ar40": {
        "error": 0.04118591637832379, 
        "filter_outliers_dict": {
            "filter_outliers": true, 
            "iterations": 1, 
            "std_devs": 2
        }, 
        "fit": "Linear", 
        "value": 302.1674161606203
    }, 
    "Ar41": {
        "error": 0.004859002908197711, 
        "filter_outliers_dict": {
            "filter_outliers": true, 
            "iterations": 1, 
            "std_devs": 2
        }, 
        "fit": "Average", 
        "value": 0.08482378212277034
    }
}