{
    "Ar36": {
        "error": 0.00017522072194104115, 
        "filter_outliers_dict": {
            "filter_outliers": true, 
            "iterations": 1, 
            "std_devs": 2
        }, 
        "fit": "Linear", 
        "value": 0.003987857016946537
    }, 
    "Ar37": {
        "error": 0.010544526247372397, 
        "filter_outliers_dict": {
            "filter_outliers": true, 
            "iterations": 1, 
            "std_devs": 2
        }, 
        "fit": "linear", 
        "value": 0.16645402348620653
    }, 
    "Ar38": {
        "error": 0.004807097825095571, 
        "filter_outliers_dict": {
            "filter_outliers": true, 
            "iterations": 1, 
            "std_devs": 2
        }, 
        "fit": "linear", 
        "value": 0.05285084606744162
    }, 
    "Ar39": {
        "error": 0.010016442870608301, 
        "filter_outliers_dict": {
            "filter_outliers": true, 
            "iterations": 1, 
            "std_devs": 2
        }, 
        "fit": "Linear", 
        "value": 2.7875953048756803
    }, 
    "Ar40": {
        "error": 0.01129047186487075, 
        "filter_outliers_dict": {
            "filter_outliers": true, 
            "iterations": 1, 
            "std_devs": 2
        }, 
        "fit": "Linear", 
        "value": 27.94290405883787
    }, 
    "Ar41": {
        "error": 0.004302709743300201, 
        "filter_outliers_dict": {
            "filter_outliers": true, 
            "iterations": 1, 
            "std_devs": 2
        }, 
        "fit": "Average", 
        "value": 0.07983387288045711
    }
}