{
    "Ar36": {
        "error": 0.0002472958669813562, 
        "filter_outliers_dict": {
            "filter_outliers": true, 
            "iterations": 1, 
            "std_devs": 2
        }, 
        "fit": "Linear", 
        "value": 0.009803830803389365
    }, 
    "Ar37": {
        "error": 0.010243015876478825, 
        "filter_outliers_dict": {
            "filter_outliers": true, 
            "iterations": 1, 
            "std_devs": 2
        }, 
        "fit": "linear", 
        "value": 0.17514947454936797
    }, 
    "Ar38": {
        "error": 0.004666636901887757, 
        "filter_outliers_dict": {
            "filter_outliers": true, 
            "iterations": 1, 
            "std_devs": 2
        }, 
        "fit": "linear", 
        "value": 0.28212138970585754
    }, 
    "Ar39": {
        "error": 0.013172522422951876, 
        "filter_outliers_dict": {
            "filter_outliers": true, 
            "iterations": 1, 
            "std_devs": 2
        }, 
        "fit": "Linear", 
        "value": 20.59025440269613
    }, 
    "Ar40": {
        "error": 0.030633515610456224, 
        "filter_outliers_dict": {
            "filter_outliers": true, 
            "iterations": 1, 
            "std_devs": 2
        }, 
        "fit": "Linear", 
        "value": 203.4572896518975
    }, 
    "Ar41": {
        "error": 0.004173780295687765, 
        "filter_outliers_dict": {
            "filter_outliers": true, 
            "iterations": 1, 
            "std_devs": 2
        }, 
        "fit": "Average", 
        "value": 0.08753649630528991
    }
}