{
    "Ar36": {
        "error": 0.00012271374171798254, 
        "filter_outliers_dict": {
            "filter_outliers": true, 
            "iterations": 1, 
            "std_devs": 2
        }, 
        "fit": "Linear", 
        "value": 0.0014284616734291185
    }, 
    "Ar37": {
        "error": 0.010000072596674308, 
        "filter_outliers_dict": {
            "filter_outliers": true, 
            "iterations": 1, 
            "std_devs": 2
        }, 
        "fit": "linear", 
        "value": 0.16086928817667084
    }, 
    "Ar38": {
        "error": 0.004550556035484473, 
        "filter_outliers_dict": {
            "filter_outliers": true, 
            "iterations": 1, 
            "std_devs": 2
        }, 
        "fit": "linear", 
        "value": 0.07812960595871207
    }, 
    "Ar39": {
        "error": 0.010761721476472958, 
        "filter_outliers_dict": {
            "filter_outliers": true, 
            "iterations": 1, 
            "std_devs": 2
        }, 
        "fit": "Linear", 
        "value": 4.685101284531933
    }, 
    "Ar40": {
        "error": 0.13548471580139118, 
        "filter_outliers_dict": {
            "filter_outliers": true, 
            "iterations": 1, 
            "std_devs": 2
        }, 
        "fit": "Linear", 
        "value": 1600.0720938944244
    }, 
    "Ar41": {
        "error": 0.00547582893551178, 
        "filter_outliers_dict": {
            "filter_outliers": true, 
            "iterations": 1, 
            "std_devs": 2
        }, 
        "fit": "Average", 
        "value": 0.15032821241048325
    }
}