{
    "Ar36": {
        "error": 0.0003517595906561663, 
        "filter_outliers_dict": {
            "filter_outliers": true, 
            "iterations": 1, 
            "std_devs": 2
        }, 
        "fit": "Linear", 
        "value": 0.015639142493602664
    }, 
    "Ar37": {
        "error": 0.011392358529611185, 
        "filter_outliers_dict": {
            "filter_outliers": true, 
            "iterations": 1, 
            "std_devs": 2
        }, 
        "fit": "linear", 
        "value": 0.2732512146393615
    }, 
    "Ar38": {
        "error": 0.004940973067787921, 
        "filter_outliers_dict": {
            "filter_outliers": true, 
            "iterations": 1, 
            "std_devs": 2
        }, 
        "fit": "linear", 
        "value": 0.14646324215574894
    }, 
    "Ar39": {
        "error": 0.011373870358207246, 
        "filter_outliers_dict": {
            "filter_outliers": true, 
            "iterations": 1, 
            "std_devs": 2
        }, 
        "fit": "Linear", 
        "value": 11.239045229511294
    }, 
    "Ar40": {
        "error": 0.018700847901272244, 
        "filter_outliers_dict": {
            "filter_outliers": true, 
            "iterations": 1, 
            "std_devs": 2
        }, 
        "fit": "Linear", 
        "value": 107.08385336741698
    }, 
    "Ar41": {
        "error": 0.004659791997790464, 
        "filter_outliers_dict": {
            "filter_outliers": true, 
            "iterations": 1, 
            "std_devs": 2
        }, 
        "fit": "Average", 
        "value": 0.10214607522578165
    }
}