{
    "Ar36": {
        "error": 0.0006153719561770473, 
        "filter_outliers_dict": {
            "filter_outliers": true, 
            "iterations": 1, 
            "std_devs": 2
        }, 
        "fit": "Linear", 
        "value": 0.05317565260563045
    }, 
    "Ar37": {
        "error": 0.010375206342706443, 
        "filter_outliers_dict": {
            "filter_outliers": true, 
            "iterations": 1, 
            "std_devs": 2
        }, 
        "fit": "linear", 
        "value": 0.6991446935640175
    }, 
    "Ar38": {
        "error": 0.005746173511043734, 
        "filter_outliers_dict": {
            "filter_outliers": true, 
            "iterations": 1, 
            "std_devs": 2
        }, 
        "fit": "linear", 
        "value": 0.9735596517762608
    }, 
    "Ar39": {
        "error": 0.020889668709420394, 
        "filter_outliers_dict": {
            "filter_outliers": true, 
            "iterations": 1, 
            "std_devs": 2
        }, 
        "fit": "Linear", 
        "value": 71.46516776089706
    }, 
    "Ar40": {
        "error": 0.07427117463860194, 
        "filter_outliers_dict": {
            "filter_outliers": true, 
            "iterations": 1, 
            "std_devs": 2
        }, 
        "fit": "Linear", 
        "value": 674.3752339087114
    }, 
    "Ar41": {
        "error": 0.005219163059454304, 
        "filter_outliers_dict": {
            "filter_outliers": true, 
            "iterations": 1, 
            "std_devs": 2
        }, 
        "fit": "Average", 
        "value": 0.11198704974292703
    }
}