{
    "Ar36": {
        "error": 0.00014141568815782308, 
        "filter_outliers_dict": {
            "filter_outliers": true, 
            "iterations": 1, 
            "std_devs": 2
        }, 
        "fit": "Linear", 
        "value": 0.002552240947240339
    }, 
    "Ar37": {
        "error": 0.010184640597042403, 
        "filter_outliers_dict": {
            "filter_outliers": true, 
            "iterations": 1, 
            "std_devs": 2
        }, 
        "fit": "linear", 
        "value": 0.19111296084117124
    }, 
    "Ar38": {
        "error": 0.004400315122619228, 
        "filter_outliers_dict": {
            "filter_outliers": true, 
            "iterations": 1, 
            "std_devs": 2
        }, 
        "fit": "linear", 
        "value": 0.1276699377785029
    }, 
    "Ar39": {
        "error": 0.010176821760574844, 
        "filter_outliers_dict": {
            "filter_outliers": true, 
            "iterations": 1, 
            "std_devs": 2
        }, 
        "fit": "Linear", 
        "value": 8.615854054559378
    }, 
    "Ar40": {
        "error": 0.32813632062875414, 
        "filter_outliers_dict": {
            "filter_outliers": true, 
            "iterations": 1, 
            "std_devs": 2
        }, 
        "fit": "Linear", 
        "value": 3733.6866970065066
    }, 
    "Ar41": {
        "error": 0.004879144251984625, 
        "filter_outliers_dict": {
            "filter_outliers": true, 
            "iterations": 1, 
            "std_devs": 2
        }, 
        "fit": "Average", 
        "value": 0.24318919527883637
    }
}