{
    "Ar36": {
        "error": 0.00028030489579175825, 
        "filter_outliers_dict": {
            "filter_outliers": true, 
            "iterations": 1, 
            "std_devs": 2
        }, 
        "fit": "Linear", 
        "value": 0.010090341183327342
    }, 
    "Ar37": {
        "error": 0.011739704322830816, 
        "filter_outliers_dict": {
            "filter_outliers": true, 
            "iterations": 1, 
            "std_devs": 2
        }, 
        "fit": "linear", 
        "value": 2.2414602061340303
    }, 
    "Ar38": {
        "error": 0.004376270005460346, 
        "filter_outliers_dict": {
            "filter_outliers": true, 
            "iterations": 1, 
            "std_devs": 2
        }, 
        "fit": "linear", 
        "value": 1.4033100259079607
    }, 
    "Ar39": {
        "error": 0.028247499660255457, 
        "filter_outliers_dict": {
            "filter_outliers": true, 
            "iterations": 1, 
            "std_devs": 2
        }, 
        "fit": "Linear", 
        "value": 104.91986885064313
    }, 
    "Ar40": {
        "error": 0.09408187778545045, 
        "filter_outliers_dict": {
            "filter_outliers": true, 
            "iterations": 1, 
            "std_devs": 2
        }, 
        "fit": "Linear", 
        "value": 961.3162555885565
    }, 
    "Ar41": {
        "error": 0.004744893886169699, 
        "filter_outliers_dict": {
            "filter_outliers": true, 
            "iterations": 1, 
            "std_devs": 2
        }, 
        "fit": "Average", 
        "value": 0.12893421261911672
    }
}