{
    "Ar36": {
        "error": 0.00024801190123333337, 
        "filter_outliers_dict": {
            "filter_outliers": true, 
            "iterations": 1, 
            "std_devs": 2
        }, 
        "fit": "Linear", 
        "value": 0.010630811488460401
    }, 
    "Ar37": {
        "error": 0.01105338708243324, 
        "filter_outliers_dict": {
            "filter_outliers": true, 
            "iterations": 1, 
            "std_devs": 2
        }, 
        "fit": "linear", 
        "value": 0.3924435984519085
    }, 
    "Ar38": {
        "error": 0.004195839935240743, 
        "filter_outliers_dict": {
            "filter_outliers": true, 
            "iterations": 1, 
            "std_devs": 2
        }, 
        "fit": "linear", 
        "value": 0.8845361292210876
    }, 
    "Ar39": {
        "error": 0.017061032101724525, 
        "filter_outliers_dict": {
            "filter_outliers": true, 
            "iterations": 1, 
            "std_devs": 2
        }, 
        "fit": "Linear", 
        "value": 66.49252798565007
    }, 
    "Ar40": {
        "error": 0.13752295964266584, 
        "filter_outliers_dict": {
            "filter_outliers": true, 
            "iterations": 1, 
            "std_devs": 2
        }, 
        "fit": "Linear", 
        "value": 2958.206405333526
    }, 
    "Ar41": {
        "error": 0.004860105105253616, 
        "filter_outliers_dict": {
            "filter_outliers": true, 
            "iterations": 1, 
            "std_devs": 2
        }, 
        "fit": "Average", 
        "value": 0.2161837468102577
    }
}