{
    "Ar36": {
        "error": 0.0003072616360903514, 
        "filter_outliers_dict": {
            "filter_outliers": true, 
            "iterations": 1, 
            "std_devs": 2
        }, 
        "fit": "Linear", 
        "value": 0.012918130516128687
    }, 
    "Ar37": {
        "error": 0.010696045804299099, 
        "filter_outliers_dict": {
            "filter_outliers": true, 
            "iterations": 1, 
            "std_devs": 2
        }, 
        "fit": "linear", 
        "value": 0.3423059896216599
    }, 
    "Ar38": {
        "error": 0.0048591487227302825, 
        "filter_outliers_dict": {
            "filter_outliers": true, 
            "iterations": 1, 
            "std_devs": 2
        }, 
        "fit": "linear", 
        "value": 0.876081137014338
    }, 
    "Ar39": {
        "error": 0.018732639816162074, 
        "filter_outliers_dict": {
            "filter_outliers": true, 
            "iterations": 1, 
            "std_devs": 2
        }, 
        "fit": "Linear", 
        "value": 65.43522266395773
    }, 
    "Ar40": {
        "error": 0.06211867358819471, 
        "filter_outliers_dict": {
            "filter_outliers": true, 
            "iterations": 1, 
            "std_devs": 2
        }, 
        "fit": "Linear", 
        "value": 642.6878781594176
    }, 
    "Ar41": {
        "error": 0.00468984104734413, 
        "filter_outliers_dict": {
            "filter_outliers": true, 
            "iterations": 1, 
            "std_devs": 2
        }, 
        "fit": "Average", 
        "value": 0.1058547791936973
    }
}