{
    "Ar36": {
        "error": 0.0011600004776437995, 
        "filter_outliers_dict": {
            "filter_outliers": true, 
            "iterations": 1, 
            "std_devs": 2
        }, 
        "fit": "Linear", 
        "value": 0.1769772678204547
    }, 
    "Ar37": {
        "error": 0.013645738151536628, 
        "filter_outliers_dict": {
            "filter_outliers": true, 
            "iterations": 1, 
            "std_devs": 2
        }, 
        "fit": "linear", 
        "value": 2.2421554100091248
    }, 
    "Ar38": {
        "error": 0.005628364725196078, 
        "filter_outliers_dict": {
            "filter_outliers": true, 
            "iterations": 1, 
            "std_devs": 2
        }, 
        "fit": "linear", 
        "value": 1.2411760484200727
    }, 
    "Ar39": {
        "error": 0.025754230974585936, 
        "filter_outliers_dict": {
            "filter_outliers": true, 
            "iterations": 1, 
            "std_devs": 2
        }, 
        "fit": "Linear", 
        "value": 88.92846107290721
    }, 
    "Ar40": {
        "error": 0.09024905938368458, 
        "filter_outliers_dict": {
            "filter_outliers": true, 
            "iterations": 1, 
            "std_devs": 2
        }, 
        "fit": "Linear", 
        "value": 866.2991992820033
    }, 
    "Ar41": {
        "error": 0.003948428780504522, 
        "filter_outliers_dict": {
            "filter_outliers": true, 
            "iterations": 1, 
            "std_devs": 2
        }, 
        "fit": "Average", 
        "value": 0.11438224691754967
    }
}