{
    "Ar36": {
        "error": 0.0002481274102994707, 
        "filter_outliers_dict": {
            "filter_outliers": true, 
            "iterations": 1, 
            "std_devs": 2
        }, 
        "fit": "Linear", 
        "value": 0.008650030892115572
    }, 
    "Ar37": {
        "error": 0.010465363836187666, 
        "filter_outliers_dict": {
            "filter_outliers": true, 
            "iterations": 1, 
            "std_devs": 2
        }, 
        "fit": "linear", 
        "value": 1.4600449972752911
    }, 
    "Ar38": {
        "error": 0.005136132585513542, 
        "filter_outliers_dict": {
            "filter_outliers": true, 
            "iterations": 1, 
            "std_devs": 2
        }, 
        "fit": "linear", 
        "value": 0.98894600500323
    }, 
    "Ar39": {
        "error": 0.01830275247086086, 
        "filter_outliers_dict": {
            "filter_outliers": true, 
            "iterations": 1, 
            "std_devs": 2
        }, 
        "fit": "Linear", 
        "value": 74.15488561450954
    }, 
    "Ar40": {
        "error": 0.07767996876604548, 
        "filter_outliers_dict": {
            "filter_outliers": true, 
            "iterations": 1, 
            "std_devs": 2
        }, 
        "fit": "Linear", 
        "value": 690.765886837439
    }, 
    "Ar41": {
        "error": 0.004234459730847553, 
        "filter_outliers_dict": {
            "filter_outliers": true, 
            "iterations": 1, 
            "std_devs": 2
        }, 
        "fit": "Average", 
        "value": 0.10152981995846198
    }
}