{
    "Ar36": {
        "error": 0.0002528257890722851, 
        "filter_outliers_dict": {
            "filter_outliers": true, 
            "iterations": 1, 
            "std_devs": 2
        }, 
        "fit": "Linear", 
        "value": 0.010115007965457758
    }, 
    "Ar37": {
        "error": 0.009399561959754138, 
        "filter_outliers_dict": {
            "filter_outliers": true, 
            "iterations": 1, 
            "std_devs": 2
        }, 
        "fit": "linear", 
        "value": 0.7091545905743744
    }, 
    "Ar38": {
        "error": 0.004714457972690184, 
        "filter_outliers_dict": {
            "filter_outliers": true, 
            "iterations": 1, 
            "std_devs": 2
        }, 
        "fit": "linear", 
        "value": 0.7934827943287838
    }, 
    "Ar39": {
        "error": 0.022056443390777225, 
        "filter_outliers_dict": {
            "filter_outliers": true, 
            "iterations": 1, 
            "std_devs": 2
        }, 
        "fit": "Linear", 
        "value": 58.99152651379243
    }, 
    "Ar40": {
        "error": 0.06495368720518725, 
        "filter_outliers_dict": {
            "filter_outliers": true, 
            "iterations": 1, 
            "std_devs": 2
        }, 
        "fit": "Linear", 
        "value": 543.5788902133174
    }, 
    "Ar41": {
        "error": 0.0048681108795807365, 
        "filter_outliers_dict": {
            "filter_outliers": true, 
            "iterations": 1, 
            "std_devs": 2
        }, 
        "fit": "Average", 
        "value": 0.10023978109985264
    }
}