{
    "Ar36": {
        "error": 0.0003202593796920172, 
        "filter_outliers_dict": {
            "filter_outliers": true, 
            "iterations": 1, 
            "std_devs": 2
        }, 
        "fit": "Linear", 
        "value": 0.012066603837988948
    }, 
    "Ar37": {
        "error": 0.010453214346756268, 
        "filter_outliers_dict": {
            "filter_outliers": true, 
            "iterations": 1, 
            "std_devs": 2
        }, 
        "fit": "linear", 
        "value": 0.5433595128119574
    }, 
    "Ar38": {
        "error": 0.006344094700318344, 
        "filter_outliers_dict": {
            "filter_outliers": true, 
            "iterations": 1, 
            "std_devs": 2
        }, 
        "fit": "linear", 
        "value": 1.3921956837765879
    }, 
    "Ar39": {
        "error": 0.02472575017292371, 
        "filter_outliers_dict": {
            "filter_outliers": true, 
            "iterations": 1, 
            "std_devs": 2
        }, 
        "fit": "Linear", 
        "value": 104.8318632861726
    }, 
    "Ar40": {
        "error": 0.13957936647127261, 
        "filter_outliers_dict": {
            "filter_outliers": true, 
            "iterations": 1, 
            "std_devs": 2
        }, 
        "fit": "Linear", 
        "value": 1242.126500411098
    }, 
    "Ar41": {
        "error": 0.0048948682122587454, 
        "filter_outliers_dict": {
            "filter_outliers": true, 
            "iterations": 1, 
            "std_devs": 2
        }, 
        "fit": "Average", 
        "value": 0.13876285977216116
    }
}