{
    "Ar36": {
        "error": 0.00033751427956123177, 
        "filter_outliers_dict": {
            "filter_outliers": true, 
            "iterations": 1, 
            "std_devs": 2
        }, 
        "fit": "Linear", 
        "value": 0.018285589870208452
    }, 
    "Ar37": {
        "error": 0.009956782991205287, 
        "filter_outliers_dict": {
            "filter_outliers": true, 
            "iterations": 1, 
            "std_devs": 2
        }, 
        "fit": "linear", 
        "value": 0.37742217557042995
    }, 
    "Ar38": {
        "error": 0.004634121866650688, 
        "filter_outliers_dict": {
            "filter_outliers": true, 
            "iterations": 1, 
            "std_devs": 2
        }, 
        "fit": "linear", 
        "value": 1.0892706189106005
    }, 
    "Ar39": {
        "error": 0.020976437361012647, 
        "filter_outliers_dict": {
            "filter_outliers": true, 
            "iterations": 1, 
            "std_devs": 2
        }, 
        "fit": "Linear", 
        "value": 82.03085224804492
    }, 
    "Ar40": {
        "error": 0.0853409680847521, 
        "filter_outliers_dict": {
            "filter_outliers": true, 
            "iterations": 1, 
            "std_devs": 2
        }, 
        "fit": "Linear", 
        "value": 808.0198422962092
    }, 
    "Ar41": {
        "error": 0.00563797925633572, 
        "filter_outliers_dict": {
            "filter_outliers": true, 
            "iterations": 1, 
            "std_devs": 2
        }, 
        "fit": "Average", 
        "value": 0.11105671909930435
    }
}