{
    "Ar36": {
        "error": 0.00020520449813639784, 
        "filter_outliers_dict": {
            "filter_outliers": true, 
            "iterations": 1, 
            "std_devs": 2
        }, 
        "fit": "Linear", 
        "value": 0.0045240645294666315
    }, 
    "Ar37": {
        "error": 0.009498346322477555, 
        "filter_outliers_dict": {
            "filter_outliers": true, 
            "iterations": 1, 
            "std_devs": 2
        }, 
        "fit": "linear", 
        "value": 0.14272898707378212
    }, 
    "Ar38": {
        "error": 0.0045908015669570215, 
        "filter_outliers_dict": {
            "filter_outliers": true, 
            "iterations": 1, 
            "std_devs": 2
        }, 
        "fit": "linear", 
        "value": 0.008077220354229768
    }, 
    "Ar39": {
        "error": 0.009448308510810279, 
        "filter_outliers_dict": {
            "filter_outliers": true, 
            "iterations": 1, 
            "std_devs": 2
        }, 
        "fit": "Linear", 
        "value": 0.4155788076247859
    }, 
    "Ar40": {
        "error": 0.021578145041497906, 
        "filter_outliers_dict": {
            "filter_outliers": true, 
            "iterations": 1, 
            "std_devs": 2
        }, 
        "fit": "Linear", 
        "value": 93.92033576209164
    }, 
    "Ar41": {
        "error": 0.004317697749669676, 
        "filter_outliers_dict": {
            "filter_outliers": true, 
            "iterations": 1, 
            "std_devs": 2
        }, 
        "fit": "Average", 
        "value": 0.08652367479083704
    }
}