{
    "Ar36": {
        "error": 0.00014182294210703317, 
        "filter_outliers_dict": {
            "filter_outliers": true, 
            "iterations": 1, 
            "std_devs": 2
        }, 
        "fit": "Linear", 
        "value": 0.0037880952105343244
    }, 
    "Ar37": {
        "error": 0.01014891174931264, 
        "filter_outliers_dict": {
            "filter_outliers": true, 
            "iterations": 1, 
            "std_devs": 2
        }, 
        "fit": "linear", 
        "value": 0.16504844493241985
    }, 
    "Ar38": {
        "error": 0.004320252488336768, 
        "filter_outliers_dict": {
            "filter_outliers": true, 
            "iterations": 1, 
            "std_devs": 2
        }, 
        "fit": "linear", 
        "value": 0.05417510462122881
    }, 
    "Ar39": {
        "error": 0.009603532260818342, 
        "filter_outliers_dict": {
            "filter_outliers": true, 
            "iterations": 1, 
            "std_devs": 2
        }, 
        "fit": "Linear", 
        "value": 3.602180195537978
    }, 
    "Ar40": {
        "error": 0.16846038207429237, 
        "filter_outliers_dict": {
            "filter_outliers": true, 
            "iterations": 1, 
            "std_devs": 2
        }, 
        "fit": "Linear", 
        "value": 2395.310588564139
    }, 
    "Ar41": {
        "error": 0.005208185005916517, 
        "filter_outliers_dict": {
            "filter_outliers": true, 
            "iterations": 1, 
            "std_devs": 2
        }, 
        "fit": "Average", 
        "value": 0.20806303139445081
    }
}