{
    "Ar36": {
        "error": 0.00016645524370849092, 
        "filter_outliers_dict": {
            "filter_outliers": true, 
            "iterations": 1, 
            "std_devs": 2
        }, 
        "fit": "Linear", 
        "value": 0.0024268313004409425
    }, 
    "Ar37": {
        "error": 0.011616562645458023, 
        "filter_outliers_dict": {
            "filter_outliers": true, 
            "iterations": 1, 
            "std_devs": 2
        }, 
        "fit": "linear", 
        "value": 0.47169848661153657
    }, 
    "Ar38": {
        "error": 0.0049613092146993535, 
        "filter_outliers_dict": {
            "filter_outliers": true, 
            "iterations": 1, 
            "std_devs": 2
        }, 
        "fit": "linear", 
        "value": 0.16900883963992402
    }, 
    "Ar39": {
        "error": 0.012515079298783061, 
        "filter_outliers_dict": {
            "filter_outliers": true, 
            "iterations": 1, 
            "std_devs": 2
        }, 
        "fit": "Linear", 
        "value": 13.334170951320019
    }, 
    "Ar40": {
        "error": 0.023182106019247802, 
        "filter_outliers_dict": {
            "filter_outliers": true, 
            "iterations": 1, 
            "std_devs": 2
        }, 
        "fit": "Linear", 
        "value": 122.88334206933261
    }, 
    "Ar41": {
        "error": 0.004854173012151187, 
        "filter_outliers_dict": {
            "filter_outliers": true, 
            "iterations": 1, 
            "std_devs": 2
        }, 
        "fit": "Average", 
        "value": 0.07959735824039281
    }
}