{
    "Ar36": {
        "error": 0.00029804485780919864, 
        "filter_outliers_dict": {
            "filter_outliers": true, 
            "iterations": 1, 
            "std_devs": 2
        }, 
        "fit": "Linear", 
        "value": 0.014705970574374545
    }, 
    "Ar37": {
        "error": 0.00989874998920221, 
        "filter_outliers_dict": {
            "filter_outliers": true, 
            "iterations": 1, 
            "std_devs": 2
        }, 
        "fit": "linear", 
        "value": 0.24255967542300247
    }, 
    "Ar38": {
        "error": 0.0053919094904939895, 
        "filter_outliers_dict": {
            "filter_outliers": true, 
            "iterations": 1, 
            "std_devs": 2
        }, 
        "fit": "linear", 
        "value": 1.0729581391590746
    }, 
    "Ar39": {
        "error": 0.020646943908740032, 
        "filter_outliers_dict": {
            "filter_outliers": true, 
            "iterations": 1, 
            "std_devs": 2
        }, 
        "fit": "Linear", 
        "value": 79.18672275487754
    }, 
    "Ar40": {
        "error": 0.12721786514929162, 
        "filter_outliers_dict": {
            "filter_outliers": true, 
            "iterations": 1, 
            "std_devs": 2
        }, 
        "fit": "Linear", 
        "value": 1254.0643324308714
    }, 
    "Ar41": {
        "error": 0.0045243461403433535, 
        "filter_outliers_dict": {
            "filter_outliers": true, 
            "iterations": 1, 
            "std_devs": 2
        }, 
        "fit": "Average", 
        "value": 0.1380913015188944
    }
}