{
    "Ar36": {
        "error": 0.00027531973599092104, 
        "filter_outliers_dict": {
            "filter_outliers": true, 
            "iterations": 1, 
            "std_devs": 2
        }, 
        "fit": "Linear", 
        "value": 0.01067915278554289
    }, 
    "Ar37": {
        "error": 0.012216015677365372, 
        "filter_outliers_dict": {
            "filter_outliers": true, 
            "iterations": 1, 
            "std_devs": 2
        }, 
        "fit": "linear", 
        "value": 0.6024752312673797
    }, 
    "Ar38": {
        "error": 0.005451535394877596, 
        "filter_outliers_dict": {
            "filter_outliers": true, 
            "iterations": 1, 
            "std_devs": 2
        }, 
        "fit": "linear", 
        "value": 0.4581525850087263
    }, 
    "Ar39": {
        "error": 0.015309331474999452, 
        "filter_outliers_dict": {
            "filter_outliers": true, 
            "iterations": 1, 
            "std_devs": 2
        }, 
        "fit": "Linear", 
        "value": 33.81729197020142
    }, 
    "Ar40": {
        "error": 0.0416516456794465, 
        "filter_outliers_dict": {
            "filter_outliers": true, 
            "iterations": 1, 
            "std_devs": 2
        }, 
        "fit": "Linear", 
        "value": 313.3593181932219
    }, 
    "Ar41": {
        "error": 0.004550625803855301, 
        "filter_outliers_dict": {
            "filter_outliers": true, 
            "iterations": 1, 
            "std_devs": 2
        }, 
        "fit": "Average", 
        "value": 0.09321912629497504
    }
}