{
    "Ar36": {
        "error": 0.0003182403687392852, 
        "filter_outliers_dict": {
            "filter_outliers": true, 
            "iterations": 1, 
            "std_devs": 2
        }, 
        "fit": "Linear", 
        "value": 0.01147080826186334
    }, 
    "Ar37": {
        "error": 0.010831581076138672, 
        "filter_outliers_dict": {
            "filter_outliers": true, 
            "iterations": 1, 
            "std_devs": 2
        }, 
        "fit": "linear", 
        "value": 0.45387218140183383
    }, 
    "Ar38": {
        "error": 0.005035793628516081, 
        "filter_outliers_dict": {
            "filter_outliers": true, 
            "iterations": 1, 
            "std_devs": 2
        }, 
        "fit": "linear", 
        "value": 1.1045147623518425
    }, 
    "Ar39": {
        "error": 0.02077091536940164, 
        "filter_outliers_dict": {
            "filter_outliers": true, 
            "iterations": 1, 
            "std_devs": 2
        }, 
        "fit": "Linear", 
        "value": 83.80824413031277
    }, 
    "Ar40": {
        "error": 0.10835925504358392, 
        "filter_outliers_dict": {
            "filter_outliers": true, 
            "iterations": 1, 
            "std_devs": 2
        }, 
        "fit": "Linear", 
        "value": 801.5493522826282
    }, 
    "Ar41": {
        "error": 0.004427845240567942, 
        "filter_outliers_dict": {
            "filter_outliers": true, 
            "iterations": 1, 
            "std_devs": 2
        }, 
        "fit": "Average", 
        "value": 0.11603130565416839
    }
}