{
    "Ar36": {
        "error": 0.00019423575361519492, 
        "filter_outliers_dict": {
            "filter_outliers": true, 
            "iterations": 1, 
            "std_devs": 2
        }, 
        "fit": "Linear", 
        "value": 0.0039026777419614773
    }, 
    "Ar37": {
        "error": 0.01046523098441932, 
        "filter_outliers_dict": {
            "filter_outliers": true, 
            "iterations": 1, 
            "std_devs": 2
        }, 
        "fit": "linear", 
        "value": 0.4368493877617684
    }, 
    "Ar38": {
        "error": 0.005060229360988453, 
        "filter_outliers_dict": {
            "filter_outliers": true, 
            "iterations": 1, 
            "std_devs": 2
        }, 
        "fit": "linear", 
        "value": 0.37114628254146
    }, 
    "Ar39": {
        "error": 0.017842381089148752, 
        "filter_outliers_dict": {
            "filter_outliers": true, 
            "iterations": 1, 
            "std_devs": 2
        }, 
        "fit": "Linear", 
        "value": 28.05021521347261
    }, 
    "Ar40": {
        "error": 0.03697978700934891, 
        "filter_outliers_dict": {
            "filter_outliers": true, 
            "iterations": 1, 
            "std_devs": 2
        }, 
        "fit": "Linear", 
        "value": 268.2574346941142
    }, 
    "Ar41": {
        "error": 0.005214152501007778, 
        "filter_outliers_dict": {
            "filter_outliers": true, 
            "iterations": 1, 
            "std_devs": 2
        }, 
        "fit": "Average", 
        "value": 0.08290719672206862
    }
}