{
    "Ar36": {
        "error": 0.00023844396521271294, 
        "filter_outliers_dict": {
            "filter_outliers": true, 
            "iterations": 1, 
            "std_devs": 2
        }, 
        "fit": "Linear", 
        "value": 0.0076180721229641
    }, 
    "Ar37": {
        "error": 0.011068272332236308, 
        "filter_outliers_dict": {
            "filter_outliers": true, 
            "iterations": 1, 
            "std_devs": 2
        }, 
        "fit": "linear", 
        "value": 0.37096714116342855
    }, 
    "Ar38": {
        "error": 0.0051330347585854695, 
        "filter_outliers_dict": {
            "filter_outliers": true, 
            "iterations": 1, 
            "std_devs": 2
        }, 
        "fit": "linear", 
        "value": 0.8761797953175068
    }, 
    "Ar39": {
        "error": 0.021565550123660123, 
        "filter_outliers_dict": {
            "filter_outliers": true, 
            "iterations": 1, 
            "std_devs": 2
        }, 
        "fit": "Linear", 
        "value": 67.19169091534035
    }, 
    "Ar40": {
        "error": 0.07116464798236954, 
        "filter_outliers_dict": {
            "filter_outliers": true, 
            "iterations": 1, 
            "std_devs": 2
        }, 
        "fit": "Linear", 
        "value": 645.1029507974333
    }, 
    "Ar41": {
        "error": 0.0036212981715317625, 
        "filter_outliers_dict": {
            "filter_outliers": true, 
            "iterations": 1, 
            "std_devs": 2
        }, 
        "fit": "Average", 
        "value": 0.09575958842973155
    }
}