{
    "Ar36": {
        "error": 0.00025180183189408244, 
        "filter_outliers_dict": {
            "filter_outliers": true, 
            "iterations": 1, 
            "std_devs": 2
        }, 
        "fit": "Linear", 
        "value": 0.007715633213244965
    }, 
    "Ar37": {
        "error": 0.010010929046187346, 
        "filter_outliers_dict": {
            "filter_outliers": true, 
            "iterations": 1, 
            "std_devs": 2
        }, 
        "fit": "linear", 
        "value": 0.4433584780161981
    }, 
    "Ar38": {
        "error": 0.004417629811851128, 
        "filter_outliers_dict": {
            "filter_outliers": true, 
            "iterations": 1, 
            "std_devs": 2
        }, 
        "fit": "linear", 
        "value": 0.5594756687643465
    }, 
    "Ar39": {
        "error": 0.01789263482225457, 
        "filter_outliers_dict": {
            "filter_outliers": true, 
            "iterations": 1, 
            "std_devs": 2
        }, 
        "fit": "Linear", 
        "value": 42.28469554008449
    }, 
    "Ar40": {
        "error": 0.04404600857657778, 
        "filter_outliers_dict": {
            "filter_outliers": true, 
            "iterations": 1, 
            "std_devs": 2
        }, 
        "fit": "Linear", 
        "value": 386.6818433750506
    }, 
    "Ar41": {
        "error": 0.004478049505883128, 
        "filter_outliers_dict": {
            "filter_outliers": true, 
            "iterations": 1, 
            "std_devs": 2
        }, 
        "fit": "Average", 
        "value": 0.08624054873840208
    }
}