{
    "Ar36": {
        "error": 0.00016227506512135614, 
        "filter_outliers_dict": {
            "filter_outliers": true, 
            "iterations": 1, 
            "std_devs": 2
        }, 
        "fit": "Linear", 
        "value": 0.002918625002213405
    }, 
    "Ar37": {
        "error": 0.010821486593563438, 
        "filter_outliers_dict": {
            "filter_outliers": true, 
            "iterations": 1, 
            "std_devs": 2
        }, 
        "fit": "linear", 
        "value": 0.5630684151247992
    }, 
    "Ar38": {
        "error": 0.00448677905222342, 
        "filter_outliers_dict": {
            "filter_outliers": true, 
            "iterations": 1, 
            "std_devs": 2
        }, 
        "fit": "linear", 
        "value": 0.20683047501629964
    }, 
    "Ar39": {
        "error": 0.012872101826114132, 
        "filter_outliers_dict": {
            "filter_outliers": true, 
            "iterations": 1, 
            "std_devs": 2
        }, 
        "fit": "Linear", 
        "value": 16.96682887677064
    }, 
    "Ar40": {
        "error": 0.028474486238497694, 
        "filter_outliers_dict": {
            "filter_outliers": true, 
            "iterations": 1, 
            "std_devs": 2
        }, 
        "fit": "Linear", 
        "value": 156.9104143135815
    }, 
    "Ar41": {
        "error": 0.004639909331100761, 
        "filter_outliers_dict": {
            "filter_outliers": true, 
            "iterations": 1, 
            "std_devs": 2
        }, 
        "fit": "Average", 
        "value": 0.09433911429000519
    }
}