{
    "Ar36": {
        "error": 0.00016978193510150435, 
        "filter_outliers_dict": {
            "filter_outliers": true, 
            "iterations": 1, 
            "std_devs": 2
        }, 
        "fit": "Linear", 
        "value": 0.002609327136971559
    }, 
    "Ar37": {
        "error": 0.012692572647068096, 
        "filter_outliers_dict": {
            "filter_outliers": true, 
            "iterations": 1, 
            "std_devs": 2
        }, 
        "fit": "linear", 
        "value": 0.32956427115474174
    }, 
    "Ar38": {
        "error": 0.0046347377923548014, 
        "filter_outliers_dict": {
            "filter_outliers": true, 
            "iterations": 1, 
            "std_devs": 2
        }, 
        "fit": "linear", 
        "value": 0.4409507558446707
    }, 
    "Ar39": {
        "error": 0.01582539454715719, 
        "filter_outliers_dict": {
            "filter_outliers": true, 
            "iterations": 1, 
            "std_devs": 2
        }, 
        "fit": "Linear", 
        "value": 33.78408808693373
    }, 
    "Ar40": {
        "error": 0.04185655681564077, 
        "filter_outliers_dict": {
            "filter_outliers": true, 
            "iterations": 1, 
            "std_devs": 2
        }, 
        "fit": "Linear", 
        "value": 309.2350625497449
    }, 
    "Ar41": {
        "error": 0.00488890205971202, 
        "filter_outliers_dict": {
            "filter_outliers": true, 
            "iterations": 1, 
            "std_devs": 2
        }, 
        "fit": "Average", 
        "value": 0.08699693364291797
    }
}