{
    "Ar36": {
        "error": 0.00017840043742134106, 
        "filter_outliers_dict": {
            "filter_outliers": true, 
            "iterations": 1, 
            "std_devs": 2
        }, 
        "fit": "Linear", 
        "value": 0.00399668831356129
    }, 
    "Ar37": {
        "error": 0.011983433922250616, 
        "filter_outliers_dict": {
            "filter_outliers": true, 
            "iterations": 1, 
            "std_devs": 2
        }, 
        "fit": "linear", 
        "value": 0.2612778508941765
    }, 
    "Ar38": {
        "error": 0.0051165361471131494, 
        "filter_outliers_dict": {
            "filter_outliers": true, 
            "iterations": 1, 
            "std_devs": 2
        }, 
        "fit": "linear", 
        "value": 0.6766029007074811
    }, 
    "Ar39": {
        "error": 0.018570984368766003, 
        "filter_outliers_dict": {
            "filter_outliers": true, 
            "iterations": 1, 
            "std_devs": 2
        }, 
        "fit": "Linear", 
        "value": 50.97382827223293
    }, 
    "Ar40": {
        "error": 0.06450148611414826, 
        "filter_outliers_dict": {
            "filter_outliers": true, 
            "iterations": 1, 
            "std_devs": 2
        }, 
        "fit": "Linear", 
        "value": 499.28362539621304
    }, 
    "Ar41": {
        "error": 0.004256141424084952, 
        "filter_outliers_dict": {
            "filter_outliers": true, 
            "iterations": 1, 
            "std_devs": 2
        }, 
        "fit": "Average", 
        "value": 0.10675382443768353
    }
}