{
    "Ar36": {
        "error": 0.0002623034259055948, 
        "filter_outliers_dict": {
            "filter_outliers": true, 
            "iterations": 1, 
            "std_devs": 2
        }, 
        "fit": "Linear", 
        "value": 0.008352469057894114
    }, 
    "Ar37": {
        "error": 0.011763364798856417, 
        "filter_outliers_dict": {
            "filter_outliers": true, 
            "iterations": 1, 
            "std_devs": 2
        }, 
        "fit": "linear", 
        "value": 0.5316556319560918
    }, 
    "Ar38": {
        "error": 0.005547983305233278, 
        "filter_outliers_dict": {
            "filter_outliers": true, 
            "iterations": 1, 
            "std_devs": 2
        }, 
        "fit": "linear", 
        "value": 0.3161210754759167
    }, 
    "Ar39": {
        "error": 0.015785175452236816, 
        "filter_outliers_dict": {
            "filter_outliers": true, 
            "iterations": 1, 
            "std_devs": 2
        }, 
        "fit": "Linear", 
        "value": 23.111706484733514
    }, 
    "Ar40": {
        "error": 0.029152622099293764, 
        "filter_outliers_dict": {
            "filter_outliers": true, 
            "iterations": 1, 
            "std_devs": 2
        }, 
        "fit": "Linear", 
        "value": 225.84581173725883
    }, 
    "Ar41": {
        "error": 0.004713566485359985, 
        "filter_outliers_dict": {
            "filter_outliers": true, 
            "iterations": 1, 
            "std_devs": 2
        }, 
        "fit": "Average", 
        "value": 0.06981555597482822
    }
}