{
    "Ar36": {
        "error": 0.0029435003187578534, 
        "filter_outliers_dict": {
            "filter_outliers": true, 
            "iterations": 1, 
            "std_devs": 2
        }, 
        "fit": "Linear", 
        "value": 1.6006096020316858
    }, 
    "Ar37": {
        "error": 0.009630856643895661, 
        "filter_outliers_dict": {
            "filter_outliers": true, 
            "iterations": 1, 
            "std_devs": 2
        }, 
        "fit": "linear", 
        "value": 0.5453580881590356
    }, 
    "Ar38": {
        "error": 0.004692608411037485, 
        "filter_outliers_dict": {
            "filter_outliers": true, 
            "iterations": 1, 
            "std_devs": 2
        }, 
        "fit": "linear", 
        "value": 0.3757241422571634
    }, 
    "Ar39": {
        "error": 0.011919542841345294, 
        "filter_outliers_dict": {
            "filter_outliers": true, 
            "iterations": 1, 
            "std_devs": 2
        }, 
        "fit": "Linear", 
        "value": 4.397440163566539
    }, 
    "Ar40": {
        "error": 0.07495971120161427, 
        "filter_outliers_dict": {
            "filter_outliers": true, 
            "iterations": 1, 
            "std_devs": 2
        }, 
        "fit": "Linear", 
        "value": 490.4678093573967
    }, 
    "Ar41": {
        "error": 0.004680068344684683, 
        "filter_outliers_dict": {
            "filter_outliers": true, 
            "iterations": 1, 
            "std_devs": 2
        }, 
        "fit": "Average", 
        "value": 0.116969691402359
    }
}