{
    "Ar36": {
        "error": 0.00022734711758289367, 
        "filter_outliers_dict": {
            "filter_outliers": true, 
            "iterations": 1, 
            "std_devs": 2
        }, 
        "fit": "Linear", 
        "value": 0.008396369446673616
    }, 
    "Ar37": {
        "error": 0.010578126440267756, 
        "filter_outliers_dict": {
            "filter_outliers": true, 
            "iterations": 1, 
            "std_devs": 2
        }, 
        "fit": "linear", 
        "value": 0.9813398336192385
    }, 
    "Ar38": {
        "error": 0.005390451812970211, 
        "filter_outliers_dict": {
            "filter_outliers": true, 
            "iterations": 1, 
            "std_devs": 2
        }, 
        "fit": "linear", 
        "value": 1.7995142694779798
    }, 
    "Ar39": {
        "error": 0.030632642163629556, 
        "filter_outliers_dict": {
            "filter_outliers": true, 
            "iterations": 1, 
            "std_devs": 2
        }, 
        "fit": "Linear", 
        "value": 135.69814200286396
    }, 
    "Ar40": {
        "error": 0.1260256628281642, 
        "filter_outliers_dict": {
            "filter_outliers": true, 
            "iterations": 1, 
            "std_devs": 2
        }, 
        "fit": "Linear", 
        "value": 1237.6957284414425
    }, 
    "Ar41": {
        "error": 0.0041553289697787875, 
        "filter_outliers_dict": {
            "filter_outliers": true, 
            "iterations": 1, 
            "std_devs": 2
        }, 
        "fit": "Average", 
        "value": 0.14649205630323248
    }
}