{
    "Ar36": {
        "error": 0.00021211397886213658, 
        "filter_outliers_dict": {
            "filter_outliers": true, 
            "iterations": 1, 
            "std_devs": 2
        }, 
        "fit": "Linear", 
        "value": 0.005146511835458507
    }, 
    "Ar37": {
        "error": 0.012469800375520207, 
        "filter_outliers_dict": {
            "filter_outliers": true, 
            "iterations": 1, 
            "std_devs": 2
        }, 
        "fit": "linear", 
        "value": 0.22214175140802217
    }, 
    "Ar38": {
        "error": 0.005061621305739412, 
        "filter_outliers_dict": {
            "filter_outliers": true, 
            "iterations": 1, 
            "std_devs": 2
        }, 
        "fit": "linear", 
        "value": 0.2217204947847609
    }, 
    "Ar39": {
        "error": 0.015132384388033545, 
        "filter_outliers_dict": {
            "filter_outliers": true, 
            "iterations": 1, 
            "std_devs": 2
        }, 
        "fit": "Linear", 
        "value": 15.10670299192637
    }, 
    "Ar40": {
        "error": 0.02503535681300408, 
        "filter_outliers_dict": {
            "filter_outliers": true, 
            "iterations": 1, 
            "std_devs": 2
        }, 
        "fit": "Linear", 
        "value": 148.67793585032223
    }, 
    "Ar41": {
        "error": 0.0046994412238382235, 
        "filter_outliers_dict": {
            "filter_outliers": true, 
            "iterations": 1, 
            "std_devs": 2
        }, 
        "fit": "Average", 
        "value": 0.09414761881319925
    }
}