{
    "Ar36": {
        "error": 0.00021332687237493188, 
        "filter_outliers_dict": {
            "filter_outliers": true, 
            "iterations": 1, 
            "std_devs": 2
        }, 
        "fit": "Linear", 
        "value": 0.0077501628557161886
    }, 
    "Ar37": {
        "error": 0.010419619158153022, 
        "filter_outliers_dict": {
            "filter_outliers": true, 
            "iterations": 1, 
            "std_devs": 2
        }, 
        "fit": "linear", 
        "value": 0.2189193619600621
    }, 
    "Ar38": {
        "error": 0.004329713276110891, 
        "filter_outliers_dict": {
            "filter_outliers": true, 
            "iterations": 1, 
            "std_devs": 2
        }, 
        "fit": "linear", 
        "value": 0.08771373402527721
    }, 
    "Ar39": {
        "error": 0.011080863943532523, 
        "filter_outliers_dict": {
            "filter_outliers": true, 
            "iterations": 1, 
            "std_devs": 2
        }, 
        "fit": "Linear", 
        "value": 6.622899617686779
    }, 
    "Ar40": {
        "error": 0.016129213301223903, 
        "filter_outliers_dict": {
            "filter_outliers": true, 
            "iterations": 1, 
            "std_devs": 2
        }, 
        "fit": "Linear", 
        "value": 66.34819538547612
    }, 
    "Ar41": {
        "error": 0.004327060280152742, 
        "filter_outliers_dict": {
            "filter_outliers": true, 
            "iterations": 1, 
            "std_devs": 2
        }, 
        "fit": "Average", 
        "value": 0.07947622731696534
    }
}