{
    "Ar36": {
        "error": 0.00016997316141581747, 
        "filter_outliers_dict": {
            "filter_outliers": true, 
            "iterations": 1, 
            "std_devs": 2
        }, 
        "fit": "Linear", 
        "value": 0.0035302783284507084
    }, 
    "Ar37": {
        "error": 0.012544358460656116, 
        "filter_outliers_dict": {
            "filter_outliers": true, 
            "iterations": 1, 
            "std_devs": 2
        }, 
        "fit": "linear", 
        "value": 0.22676803933834305
    }, 
    "Ar38": {
        "error": 0.005951134478215498, 
        "filter_outliers_dict": {
            "filter_outliers": true, 
            "iterations": 1, 
            "std_devs": 2
        }, 
        "fit": "linear", 
        "value": 0.31927823877393313
    }, 
    "Ar39": {
        "error": 0.015660502584319776, 
        "filter_outliers_dict": {
            "filter_outliers": true, 
            "iterations": 1, 
            "std_devs": 2
        }, 
        "fit": "Linear", 
        "value": 24.430607293651175
    }, 
    "Ar40": {
        "error": 0.03497435377458633, 
        "filter_outliers_dict": {
            "filter_outliers": true, 
            "iterations": 1, 
            "std_devs": 2
        }, 
        "fit": "Linear", 
        "value": 230.20829524459018
    }, 
    "Ar41": {
        "error": 0.004717074204632328, 
        "filter_outliers_dict": {
            "filter_outliers": true, 
            "iterations": 1, 
            "std_devs": 2
        }, 
        "fit": "Average", 
        "value": 0.08435355067576567
    }
}