{
    "Ar36": {
        "error": 0.0002048084535824517, 
        "filter_outliers_dict": {
            "filter_outliers": true, 
            "iterations": 1, 
            "std_devs": 2
        }, 
        "fit": "Linear", 
        "value": 0.006488174779763473
    }, 
    "Ar37": {
        "error": 0.01005050226864858, 
        "filter_outliers_dict": {
            "filter_outliers": true, 
            "iterations": 1, 
            "std_devs": 2
        }, 
        "fit": "linear", 
        "value": 0.28585346322334143
    }, 
    "Ar38": {
        "error": 0.004239538055405026, 
        "filter_outliers_dict": {
            "filter_outliers": true, 
            "iterations": 1, 
            "std_devs": 2
        }, 
        "fit": "linear", 
        "value": 0.26156901330569415
    }, 
    "Ar39": {
        "error": 0.013617166671161885, 
        "filter_outliers_dict": {
            "filter_outliers": true, 
            "iterations": 1, 
            "std_devs": 2
        }, 
        "fit": "Linear", 
        "value": 18.902158783932784
    }, 
    "Ar40": {
        "error": 0.03484973935565153, 
        "filter_outliers_dict": {
            "filter_outliers": true, 
            "iterations": 1, 
            "std_devs": 2
        }, 
        "fit": "Linear", 
        "value": 185.11880000729306
    }, 
    "Ar41": {
        "error": 0.0049147278799640225, 
        "filter_outliers_dict": {
            "filter_outliers": true, 
            "iterations": 1, 
            "std_devs": 2
        }, 
        "fit": "Average", 
        "value": 0.08757003425671916
    }
}