{
    "Ar36": {
        "error": 0.0001752333759207127, 
        "filter_outliers_dict": {
            "filter_outliers": true, 
            "iterations": 1, 
            "std_devs": 2
        }, 
        "fit": "Linear", 
        "value": 0.0033290952068429154
    }, 
    "Ar37": {
        "error": 0.013425958762548389, 
        "filter_outliers_dict": {
            "filter_outliers": true, 
            "iterations": 1, 
            "std_devs": 2
        }, 
        "fit": "linear", 
        "value": 0.3255021407104465
    }, 
    "Ar38": {
        "error": 0.00496571675296333, 
        "filter_outliers_dict": {
            "filter_outliers": true, 
            "iterations": 1, 
            "std_devs": 2
        }, 
        "fit": "linear", 
        "value": 0.39985410573257724
    }, 
    "Ar39": {
        "error": 0.017860796275492825, 
        "filter_outliers_dict": {
            "filter_outliers": true, 
            "iterations": 1, 
            "std_devs": 2
        }, 
        "fit": "Linear", 
        "value": 29.86013138887434
    }, 
    "Ar40": {
        "error": 0.033632970877567975, 
        "filter_outliers_dict": {
            "filter_outliers": true, 
            "iterations": 1, 
            "std_devs": 2
        }, 
        "fit": "Linear", 
        "value": 274.46101887992126
    }, 
    "Ar41": {
        "error": 0.004827426023337465, 
        "filter_outliers_dict": {
            "filter_outliers": true, 
            "iterations": 1, 
            "std_devs": 2
        }, 
        "fit": "Average", 
        "value": 0.0875419186241731
    }
}