{
    "Ar36": {
        "error": 0.0002527363760701781, 
        "filter_outliers_dict": {
            "filter_outliers": true, 
            "iterations": 1, 
            "std_devs": 2
        }, 
        "fit": "Linear", 
        "value": 0.009003967881830464
    }, 
    "Ar37": {
        "error": 0.012330720673800331, 
        "filter_outliers_dict": {
            "filter_outliers": true, 
            "iterations": 1, 
            "std_devs": 2
        }, 
        "fit": "linear", 
        "value": 0.91748200142336
    }, 
    "Ar38": {
        "error": 0.005152254695537283, 
        "filter_outliers_dict": {
            "filter_outliers": true, 
            "iterations": 1, 
            "std_devs": 2
        }, 
        "fit": "linear", 
        "value": 2.7798603765390686
    }, 
    "Ar39": {
        "error": 0.02954548601503651, 
        "filter_outliers_dict": {
            "filter_outliers": true, 
            "iterations": 1, 
            "std_devs": 2
        }, 
        "fit": "Linear", 
        "value": 211.59094420334048
    }, 
    "Ar40": {
        "error": 0.15965637417324463, 
        "filter_outliers_dict": {
            "filter_outliers": true, 
            "iterations": 1, 
            "std_devs": 2
        }, 
        "fit": "Linear", 
        "value": 2070.9476371256196
    }, 
    "Ar41": {
        "error": 0.005230296853699269, 
        "filter_outliers_dict": {
            "filter_outliers": true, 
            "iterations": 1, 
            "std_devs": 2
        }, 
        "fit": "Average", 
        "value": 0.1752768517278336
    }
}