{
    "Ar36": {
        "error": 0.00022099190110493738, 
        "filter_outliers_dict": {
            "filter_outliers": true, 
            "iterations": 1, 
            "std_devs": 2
        }, 
        "fit": "Linear", 
        "value": 0.004687838057267799
    }, 
    "Ar37": {
        "error": 0.01170924756703306, 
        "filter_outliers_dict": {
            "filter_outliers": true, 
            "iterations": 1, 
            "std_devs": 2
        }, 
        "fit": "linear", 
        "value": 0.17842984515843544
    }, 
    "Ar38": {
        "error": 0.004744344749802621, 
        "filter_outliers_dict": {
            "filter_outliers": true, 
            "iterations": 1, 
            "std_devs": 2
        }, 
        "fit": "linear", 
        "value": 0.1217849007474879
    }, 
    "Ar39": {
        "error": 0.013237057122350083, 
        "filter_outliers_dict": {
            "filter_outliers": true, 
            "iterations": 1, 
            "std_devs": 2
        }, 
        "fit": "Linear", 
        "value": 9.079720618358081
    }, 
    "Ar40": {
        "error": 0.020960767489729686, 
        "filter_outliers_dict": {
            "filter_outliers": true, 
            "iterations": 1, 
            "std_devs": 2
        }, 
        "fit": "Linear", 
        "value": 90.50619978751422
    }, 
    "Ar41": {
        "error": 0.004629678701567583, 
        "filter_outliers_dict": {
            "filter_outliers": true, 
            "iterations": 1, 
            "std_devs": 2
        }, 
        "fit": "Average", 
        "value": 0.09410207181812061
    }
}