{
    "Ar36": {
        "error": 0.0003463587314071197, 
        "filter_outliers_dict": {
            "filter_outliers": true, 
            "iterations": 1, 
            "std_devs": 2
        }, 
        "fit": "Linear", 
        "value": 0.01575055506087004
    }, 
    "Ar37": {
        "error": 0.009631024864068765, 
        "filter_outliers_dict": {
            "filter_outliers": true, 
            "iterations": 1, 
            "std_devs": 2
        }, 
        "fit": "linear", 
        "value": 0.3337769977578441
    }, 
    "Ar38": {
        "error": 0.004261147103919864, 
        "filter_outliers_dict": {
            "filter_outliers": true, 
            "iterations": 1, 
            "std_devs": 2
        }, 
        "fit": "linear", 
        "value": 0.6457202480801048
    }, 
    "Ar39": {
        "error": 0.017908850357828847, 
        "filter_outliers_dict": {
            "filter_outliers": true, 
            "iterations": 1, 
            "std_devs": 2
        }, 
        "fit": "Linear", 
        "value": 48.08139597613617
    }, 
    "Ar40": {
        "error": 0.06486858465372311, 
        "filter_outliers_dict": {
            "filter_outliers": true, 
            "iterations": 1, 
            "std_devs": 2
        }, 
        "fit": "Linear", 
        "value": 459.84551777140314
    }, 
    "Ar41": {
        "error": 0.00464007247483609, 
        "filter_outliers_dict": {
            "filter_outliers": true, 
            "iterations": 1, 
            "std_devs": 2
        }, 
        "fit": "Average", 
        "value": 0.10439542893755273
    }
}