{
    "Ar36": {
        "error": 0.00021050733831420995, 
        "filter_outliers_dict": {
            "filter_outliers": true, 
            "iterations": 1, 
            "std_devs": 2
        }, 
        "fit": "Linear", 
        "value": 0.006143941246209946
    }, 
    "Ar37": {
        "error": 0.011476682893833287, 
        "filter_outliers_dict": {
            "filter_outliers": true, 
            "iterations": 1, 
            "std_devs": 2
        }, 
        "fit": "linear", 
        "value": 0.20137811876379708
    }, 
    "Ar38": {
        "error": 0.0045142011761255775, 
        "filter_outliers_dict": {
            "filter_outliers": true, 
            "iterations": 1, 
            "std_devs": 2
        }, 
        "fit": "linear", 
        "value": 0.33138503675205244
    }, 
    "Ar39": {
        "error": 0.017354123755199635, 
        "filter_outliers_dict": {
            "filter_outliers": true, 
            "iterations": 1, 
            "std_devs": 2
        }, 
        "fit": "Linear", 
        "value": 24.15628014384011
    }, 
    "Ar40": {
        "error": 0.05517153174011013, 
        "filter_outliers_dict": {
            "filter_outliers": true, 
            "iterations": 1, 
            "std_devs": 2
        }, 
        "fit": "Linear", 
        "value": 551.5168346832749
    }, 
    "Ar41": {
        "error": 0.004916408118740364, 
        "filter_outliers_dict": {
            "filter_outliers": true, 
            "iterations": 1, 
            "std_devs": 2
        }, 
        "fit": "Average", 
        "value": 0.10399060932139347
    }
}