{
    "Ar36": {
        "error": 0.0003474863489510325, 
        "filter_outliers_dict": {
            "filter_outliers": true, 
            "iterations": 1, 
            "std_devs": 2
        }, 
        "fit": "Linear", 
        "value": 0.014841730235091909
    }, 
    "Ar37": {
        "error": 0.010627302613724396, 
        "filter_outliers_dict": {
            "filter_outliers": true, 
            "iterations": 1, 
            "std_devs": 2
        }, 
        "fit": "linear", 
        "value": 0.657181566906776
    }, 
    "Ar38": {
        "error": 0.005684507402031819, 
        "filter_outliers_dict": {
            "filter_outliers": true, 
            "iterations": 1, 
            "std_devs": 2
        }, 
        "fit": "linear", 
        "value": 0.6431974989180296
    }, 
    "Ar39": {
        "error": 0.020782732719940265, 
        "filter_outliers_dict": {
            "filter_outliers": true, 
            "iterations": 1, 
            "std_devs": 2
        }, 
        "fit": "Linear", 
        "value": 48.414152978893206
    }, 
    "Ar40": {
        "error": 0.011044040426654012, 
        "filter_outliers_dict": {
            "filter_outliers": true, 
            "iterations": 1, 
            "std_devs": 2
        }, 
        "fit": "Linear", 
        "value": 15.764061459006404
    }, 
    "Ar41": {
        "error": 0.004557188116211845, 
        "filter_outliers_dict": {
            "filter_outliers": true, 
            "iterations": 1, 
            "std_devs": 2
        }, 
        "fit": "Average", 
        "value": 0.07367573981993462
    }
}