{
    "Ar36": {
        "error": 0.0001526951778190861, 
        "filter_outliers_dict": {
            "filter_outliers": true, 
            "iterations": 1, 
            "std_devs": 2
        }, 
        "fit": "Linear", 
        "value": 0.0031368381467002044
    }, 
    "Ar37": {
        "error": 0.010789287304298206, 
        "filter_outliers_dict": {
            "filter_outliers": true, 
            "iterations": 1, 
            "std_devs": 2
        }, 
        "fit": "linear", 
        "value": 0.5539626983557306
    }, 
    "Ar38": {
        "error": 0.005260567652348052, 
        "filter_outliers_dict": {
            "filter_outliers": true, 
            "iterations": 1, 
            "std_devs": 2
        }, 
        "fit": "linear", 
        "value": 0.5637067951677805
    }, 
    "Ar39": {
        "error": 0.015591251712905603, 
        "filter_outliers_dict": {
            "filter_outliers": true, 
            "iterations": 1, 
            "std_devs": 2
        }, 
        "fit": "Linear", 
        "value": 43.213319457869396
    }, 
    "Ar40": {
        "error": 0.042188760940564486, 
        "filter_outliers_dict": {
            "filter_outliers": true, 
            "iterations": 1, 
            "std_devs": 2
        }, 
        "fit": "Linear", 
        "value": 395.77131392754336
    }, 
    "Ar41": {
        "error": 0.004562121982865723, 
        "filter_outliers_dict": {
            "filter_outliers": true, 
            "iterations": 1, 
            "std_devs": 2
        }, 
        "fit": "Average", 
        "value": 0.0955023145793877
    }
}