{
    "Ar36": {
        "error": 0.00026358338014873493, 
        "filter_outliers_dict": {
            "filter_outliers": true, 
            "iterations": 1, 
            "std_devs": 2
        }, 
        "fit": "Linear", 
        "value": 0.009548613198044188
    }, 
    "Ar37": {
        "error": 0.011093412147895847, 
        "filter_outliers_dict": {
            "filter_outliers": true, 
            "iterations": 1, 
            "std_devs": 2
        }, 
        "fit": "linear", 
        "value": 0.4672536639515492
    }, 
    "Ar38": {
        "error": 0.004851628719602892, 
        "filter_outliers_dict": {
            "filter_outliers": true, 
            "iterations": 1, 
            "std_devs": 2
        }, 
        "fit": "linear", 
        "value": 0.3907184895402674
    }, 
    "Ar39": {
        "error": 0.016772182550724178, 
        "filter_outliers_dict": {
            "filter_outliers": true, 
            "iterations": 1, 
            "std_devs": 2
        }, 
        "fit": "Linear", 
        "value": 29.671582897139118
    }, 
    "Ar40": {
        "error": 0.03694462287416428, 
        "filter_outliers_dict": {
            "filter_outliers": true, 
            "iterations": 1, 
            "std_devs": 2
        }, 
        "fit": "Linear", 
        "value": 273.81397218565155
    }, 
    "Ar41": {
        "error": 0.004290283289751127, 
        "filter_outliers_dict": {
            "filter_outliers": true, 
            "iterations": 1, 
            "std_devs": 2
        }, 
        "fit": "Average", 
        "value": 0.0916908040028678
    }
}