{
    "Ar36": {
        "error": 0.0001643155563763831, 
        "filter_outliers_dict": {
            "filter_outliers": true, 
            "iterations": 1, 
            "std_devs": 2
        }, 
        "fit": "Linear", 
        "value": 0.002493284298398347
    }, 
    "Ar37": {
        "error": 0.011423998566523444, 
        "filter_outliers_dict": {
            "filter_outliers": true, 
            "iterations": 1, 
            "std_devs": 2
        }, 
        "fit": "linear", 
        "value": 0.22355898044105546
    }, 
    "Ar38": {
        "error": 0.005680558166368818, 
        "filter_outliers_dict": {
            "filter_outliers": true, 
            "iterations": 1, 
            "std_devs": 2
        }, 
        "fit": "linear", 
        "value": 0.1958622263080313
    }, 
    "Ar39": {
        "error": 0.013439629427209816, 
        "filter_outliers_dict": {
            "filter_outliers": true, 
            "iterations": 1, 
            "std_devs": 2
        }, 
        "fit": "Linear", 
        "value": 14.070507375517867
    }, 
    "Ar40": {
        "error": 0.021116982260701665, 
        "filter_outliers_dict": {
            "filter_outliers": true, 
            "iterations": 1, 
            "std_devs": 2
        }, 
        "fit": "Linear", 
        "value": 131.09005835397653
    }, 
    "Ar41": {
        "error": 0.0047846487880502065, 
        "filter_outliers_dict": {
            "filter_outliers": true, 
            "iterations": 1, 
            "std_devs": 2
        }, 
        "fit": "Average", 
        "value": 0.07894670788886927
    }
}