{
    "Ar36": {
        "error": 0.00017694285439126515, 
        "filter_outliers_dict": {
            "filter_outliers": true, 
            "iterations": 1, 
            "std_devs": 2
        }, 
        "fit": "Linear", 
        "value": 0.0027184805931359194
    }, 
    "Ar37": {
        "error": 0.01066766822491776, 
        "filter_outliers_dict": {
            "filter_outliers": true, 
            "iterations": 1, 
            "std_devs": 2
        }, 
        "fit": "linear", 
        "value": 0.2864597939726549
    }, 
    "Ar38": {
        "error": 0.004213936841694896, 
        "filter_outliers_dict": {
            "filter_outliers": true, 
            "iterations": 1, 
            "std_devs": 2
        }, 
        "fit": "linear", 
        "value": 0.37618299992033494
    }, 
    "Ar39": {
        "error": 0.017187805707294383, 
        "filter_outliers_dict": {
            "filter_outliers": true, 
            "iterations": 1, 
            "std_devs": 2
        }, 
        "fit": "Linear", 
        "value": 27.541947675208206
    }, 
    "Ar40": {
        "error": 0.03314009936941376, 
        "filter_outliers_dict": {
            "filter_outliers": true, 
            "iterations": 1, 
            "std_devs": 2
        }, 
        "fit": "Linear", 
        "value": 257.2714305675929
    }, 
    "Ar41": {
        "error": 0.004164109891752948, 
        "filter_outliers_dict": {
            "filter_outliers": true, 
            "iterations": 1, 
            "std_devs": 2
        }, 
        "fit": "Average", 
        "value": 0.08879482099676785
    }
}