{
    "Ar36": {
        "error": 0.0001733599019438775, 
        "filter_outliers_dict": {
            "filter_outliers": true, 
            "iterations": 1, 
            "std_devs": 2
        }, 
        "fit": "Linear", 
        "value": 0.002451608485051649
    }, 
    "Ar37": {
        "error": 0.012423397223191683, 
        "filter_outliers_dict": {
            "filter_outliers": true, 
            "iterations": 1, 
            "std_devs": 2
        }, 
        "fit": "linear", 
        "value": 0.1842472641756391
    }, 
    "Ar38": {
        "error": 0.00474521700376796, 
        "filter_outliers_dict": {
            "filter_outliers": true, 
            "iterations": 1, 
            "std_devs": 2
        }, 
        "fit": "linear", 
        "value": 0.09312697240603869
    }, 
    "Ar39": {
        "error": 0.0115776963928764, 
        "filter_outliers_dict": {
            "filter_outliers": true, 
            "iterations": 1, 
            "std_devs": 2
        }, 
        "fit": "Linear", 
        "value": 7.322150645577137
    }, 
    "Ar40": {
        "error": 0.016165221921167726, 
        "filter_outliers_dict": {
            "filter_outliers": true, 
            "iterations": 1, 
            "std_devs": 2
        }, 
        "fit": "Linear", 
        "value": 71.52923108905202
    }, 
    "Ar41": {
        "error": 0.00445127824979825, 
        "filter_outliers_dict": {
            "filter_outliers": true, 
            "iterations": 1, 
            "std_devs": 2
        }, 
        "fit": "Average", 
        "value": 0.08651774823916838
    }
}