{
    "Ar36": {
        "error": 0.00015960383785735183, 
        "filter_outliers_dict": {
            "filter_outliers": true, 
            "iterations": 1, 
            "std_devs": 2
        }, 
        "fit": "Linear", 
        "value": 0.0033428798173577444
    }, 
    "Ar37": {
        "error": 0.009162623604185087, 
        "filter_outliers_dict": {
            "filter_outliers": true, 
            "iterations": 1, 
            "std_devs": 2
        }, 
        "fit": "linear", 
        "value": 0.15429790065915433
    }, 
    "Ar38": {
        "error": 0.003992668664902857, 
        "filter_outliers_dict": {
            "filter_outliers": true, 
            "iterations": 1, 
            "std_devs": 2
        }, 
        "fit": "linear", 
        "value": 0.022963241812599178
    }, 
    "Ar39": {
        "error": 0.009861345187880387, 
        "filter_outliers_dict": {
            "filter_outliers": true, 
            "iterations": 1, 
            "std_devs": 2
        }, 
        "fit": "Linear", 
        "value": 1.7193548552580937
    }, 
    "Ar40": {
        "error": 0.06048685644426431, 
        "filter_outliers_dict": {
            "filter_outliers": true, 
            "iterations": 1, 
            "std_devs": 2
        }, 
        "fit": "Linear", 
        "value": 677.2992216662377
    }, 
    "Ar41": {
        "error": 0.004047945813947376, 
        "filter_outliers_dict": {
            "filter_outliers": true, 
            "iterations": 1, 
            "std_devs": 2
        }, 
        "fit": "Average", 
        "value": 0.11793970171987522
    }
}