{
    "Ar36": {
        "error": 0.0002337339712648818, 
        "filter_outliers_dict": {
            "filter_outliers": true, 
            "iterations": 1, 
            "std_devs": 2
        }, 
        "fit": "Linear", 
        "value": 0.00929946149300203
    }, 
    "Ar37": {
        "error": 0.012632140137446565, 
        "filter_outliers_dict": {
            "filter_outliers": true, 
            "iterations": 1, 
            "std_devs": 2
        }, 
        "fit": "linear", 
        "value": 1.757410106583315
    }, 
    "Ar38": {
        "error": 0.0051230188647628655, 
        "filter_outliers_dict": {
            "filter_outliers": true, 
            "iterations": 1, 
            "std_devs": 2
        }, 
        "fit": "linear", 
        "value": 1.9832568037314933
    }, 
    "Ar39": {
        "error": 0.0318325801762514, 
        "filter_outliers_dict": {
            "filter_outliers": true, 
            "iterations": 1, 
            "std_devs": 2
        }, 
        "fit": "Linear", 
        "value": 149.5363890544771
    }, 
    "Ar40": {
        "error": 0.015018035852737841, 
        "filter_outliers_dict": {
            "filter_outliers": true, 
            "iterations": 1, 
            "std_devs": 2
        }, 
        "fit": "Linear", 
        "value": 39.29115293970481
    }, 
    "Ar41": {
        "error": 0.004196759980434402, 
        "filter_outliers_dict": {
            "filter_outliers": true, 
            "iterations": 1, 
            "std_devs": 2
        }, 
        "fit": "Average", 
        "value": 0.08470213064868395
    }
}