{
    "Ar36": {
        "error": 0.0004214848071581705, 
        "filter_outliers_dict": {
            "filter_outliers": true, 
            "iterations": 1, 
            "std_devs": 2
        }, 
        "fit": "Linear", 
        "value": 0.028802910500594758
    }, 
    "Ar37": {
        "error": 0.010768993735232182, 
        "filter_outliers_dict": {
            "filter_outliers": true, 
            "iterations": 1, 
            "std_devs": 2
        }, 
        "fit": "linear", 
        "value": 0.21326250155079052
    }, 
    "Ar38": {
        "error": 0.004765313383533954, 
        "filter_outliers_dict": {
            "filter_outliers": true, 
            "iterations": 1, 
            "std_devs": 2
        }, 
        "fit": "linear", 
        "value": 0.2650266487436653
    }, 
    "Ar39": {
        "error": 0.016865505881969434, 
        "filter_outliers_dict": {
            "filter_outliers": true, 
            "iterations": 1, 
            "std_devs": 2
        }, 
        "fit": "Linear", 
        "value": 19.074266511020063
    }, 
    "Ar40": {
        "error": 0.28251750400419745, 
        "filter_outliers_dict": {
            "filter_outliers": true, 
            "iterations": 1, 
            "std_devs": 2
        }, 
        "fit": "Linear", 
        "value": 3584.0802193621303
    }, 
    "Ar41": {
        "error": 0.005319123012126485, 
        "filter_outliers_dict": {
            "filter_outliers": true, 
            "iterations": 1, 
            "std_devs": 2
        }, 
        "fit": "Average", 
        "value": 0.24982123649159896
    }
}