{
    "Ar36": {
        "error": 0.0002132410588120068, 
        "filter_outliers_dict": {
            "filter_outliers": true, 
            "iterations": 1, 
            "std_devs": 2
        }, 
        "fit": "Linear", 
        "value": 0.005682192128799513
    }, 
    "Ar37": {
        "error": 0.011439897041901482, 
        "filter_outliers_dict": {
            "filter_outliers": true, 
            "iterations": 1, 
            "std_devs": 2
        }, 
        "fit": "linear", 
        "value": 0.25273181088013547
    }, 
    "Ar38": {
        "error": 0.006047556946007556, 
        "filter_outliers_dict": {
            "filter_outliers": true, 
            "iterations": 1, 
            "std_devs": 2
        }, 
        "fit": "linear", 
        "value": 0.4820968503761568
    }, 
    "Ar39": {
        "error": 0.014828705306607522, 
        "filter_outliers_dict": {
            "filter_outliers": true, 
            "iterations": 1, 
            "std_devs": 2
        }, 
        "fit": "Linear", 
        "value": 36.74914473536104
    }, 
    "Ar40": {
        "error": 0.04845109818909926, 
        "filter_outliers_dict": {
            "filter_outliers": true, 
            "iterations": 1, 
            "std_devs": 2
        }, 
        "fit": "Linear", 
        "value": 361.39696187815014
    }, 
    "Ar41": {
        "error": 0.00535635204409224, 
        "filter_outliers_dict": {
            "filter_outliers": true, 
            "iterations": 1, 
            "std_devs": 2
        }, 
        "fit": "Average", 
        "value": 0.09340744429306597
    }
}