{
    "Ar36": {
        "error": 0.00019475773611973447, 
        "filter_outliers_dict": {
            "filter_outliers": true, 
            "iterations": 1, 
            "std_devs": 2
        }, 
        "fit": "Linear", 
        "value": 0.00488304361682707
    }, 
    "Ar37": {
        "error": 0.009095801703585456, 
        "filter_outliers_dict": {
            "filter_outliers": true, 
            "iterations": 1, 
            "std_devs": 2
        }, 
        "fit": "linear", 
        "value": 0.5490288002085781
    }, 
    "Ar38": {
        "error": 0.004307699145964541, 
        "filter_outliers_dict": {
            "filter_outliers": true, 
            "iterations": 1, 
            "std_devs": 2
        }, 
        "fit": "linear", 
        "value": 0.5664305234389201
    }, 
    "Ar39": {
        "error": 0.018344185330804, 
        "filter_outliers_dict": {
            "filter_outliers": true, 
            "iterations": 1, 
            "std_devs": 2
        }, 
        "fit": "Linear", 
        "value": 42.813657394657895
    }, 
    "Ar40": {
        "error": 0.049043006250754695, 
        "filter_outliers_dict": {
            "filter_outliers": true, 
            "iterations": 1, 
            "std_devs": 2
        }, 
        "fit": "Linear", 
        "value": 394.0298814071758
    }, 
    "Ar41": {
        "error": 0.004810847922873068, 
        "filter_outliers_dict": {
            "filter_outliers": true, 
            "iterations": 1, 
            "std_devs": 2
        }, 
        "fit": "Average", 
        "value": 0.09047303887209655
    }
}