{
    "Ar36": {
        "error": 0.0004555505513957891, 
        "filter_outliers_dict": {
            "filter_outliers": true, 
            "iterations": 1, 
            "std_devs": 2
        }, 
        "fit": "Linear", 
        "value": 0.038841755674153176
    }, 
    "Ar37": {
        "error": 0.011792564420367012, 
        "filter_outliers_dict": {
            "filter_outliers": true, 
            "iterations": 1, 
            "std_devs": 2
        }, 
        "fit": "linear", 
        "value": 0.294127117668928
    }, 
    "Ar38": {
        "error": 0.004245944879615768, 
        "filter_outliers_dict": {
            "filter_outliers": true, 
            "iterations": 1, 
            "std_devs": 2
        }, 
        "fit": "linear", 
        "value": 0.7691798500893254
    }, 
    "Ar39": {
        "error": 0.021866744207780266, 
        "filter_outliers_dict": {
            "filter_outliers": true, 
            "iterations": 1, 
            "std_devs": 2
        }, 
        "fit": "Linear", 
        "value": 51.312076930461814
    }, 
    "Ar40": {
        "error": 0.14719666346766946, 
        "filter_outliers_dict": {
            "filter_outliers": true, 
            "iterations": 1, 
            "std_devs": 2
        }, 
        "fit": "Linear", 
        "value": 1474.5449148961789
    }, 
    "Ar41": {
        "error": 0.004627795632766359, 
        "filter_outliers_dict": {
            "filter_outliers": true, 
            "iterations": 1, 
            "std_devs": 2
        }, 
        "fit": "Average", 
        "value": 0.15944999389520784
    }
}