{
    "Ar36": {
        "error": 0.0001601816876523191, 
        "filter_outliers_dict": {
            "filter_outliers": true, 
            "iterations": 1, 
            "std_devs": 2
        }, 
        "fit": "Linear", 
        "value": 0.002500535259221586
    }, 
    "Ar37": {
        "error": 0.011471272172012562, 
        "filter_outliers_dict": {
            "filter_outliers": true, 
            "iterations": 1, 
            "std_devs": 2
        }, 
        "fit": "linear", 
        "value": 0.2521369809767066
    }, 
    "Ar38": {
        "error": 0.004461904054861551, 
        "filter_outliers_dict": {
            "filter_outliers": true, 
            "iterations": 1, 
            "std_devs": 2
        }, 
        "fit": "linear", 
        "value": 0.2784617295708828
    }, 
    "Ar39": {
        "error": 0.014707299126025588, 
        "filter_outliers_dict": {
            "filter_outliers": true, 
            "iterations": 1, 
            "std_devs": 2
        }, 
        "fit": "Linear", 
        "value": 21.610997300562815
    }, 
    "Ar40": {
        "error": 0.0333557118777511, 
        "filter_outliers_dict": {
            "filter_outliers": true, 
            "iterations": 1, 
            "std_devs": 2
        }, 
        "fit": "Linear", 
        "value": 198.84334513180366
    }, 
    "Ar41": {
        "error": 0.005036843211425666, 
        "filter_outliers_dict": {
            "filter_outliers": true, 
            "iterations": 1, 
            "std_devs": 2
        }, 
        "fit": "Average", 
        "value": 0.09714408549592227
    }
}