{
    "Ar36": {
        "error": 0.00020189126961222197, 
        "filter_outliers_dict": {
            "filter_outliers": true, 
            "iterations": 1, 
            "std_devs": 2
        }, 
        "fit": "Linear", 
        "value": 0.005295891629561523
    }, 
    "Ar37": {
        "error": 0.009062261061209867, 
        "filter_outliers_dict": {
            "filter_outliers": true, 
            "iterations": 1, 
            "std_devs": 2
        }, 
        "fit": "linear", 
        "value": 0.16956552385415458
    }, 
    "Ar38": {
        "error": 0.004227497167422905, 
        "filter_outliers_dict": {
            "filter_outliers": true, 
            "iterations": 1, 
            "std_devs": 2
        }, 
        "fit": "linear", 
        "value": 0.06302126930140801
    }, 
    "Ar39": {
        "error": 0.010466418509620646, 
        "filter_outliers_dict": {
            "filter_outliers": true, 
            "iterations": 1, 
            "std_devs": 2
        }, 
        "fit": "Linear", 
        "value": 3.4022615799477083
    }, 
    "Ar40": {
        "error": 0.10184566426296195, 
        "filter_outliers_dict": {
            "filter_outliers": true, 
            "iterations": 1, 
            "std_devs": 2
        }, 
        "fit": "Linear", 
        "value": 1141.7532962173718
    }, 
    "Ar41": {
        "error": 0.004566285023651062, 
        "filter_outliers_dict": {
            "filter_outliers": true, 
            "iterations": 1, 
            "std_devs": 2
        }, 
        "fit": "Average", 
        "value": 0.13747983575647463
    }
}