{
    "Ar36": {
        "error": 0.00020055281013651554, 
        "filter_outliers_dict": {
            "filter_outliers": true, 
            "iterations": 1, 
            "std_devs": 2
        }, 
        "fit": "Linear", 
        "value": 0.004373804812757583
    }, 
    "Ar37": {
        "error": 0.011609809873103375, 
        "filter_outliers_dict": {
            "filter_outliers": true, 
            "iterations": 1, 
            "std_devs": 2
        }, 
        "fit": "linear", 
        "value": 0.3266765975946806
    }, 
    "Ar38": {
        "error": 0.0046365765949862225, 
        "filter_outliers_dict": {
            "filter_outliers": true, 
            "iterations": 1, 
            "std_devs": 2
        }, 
        "fit": "linear", 
        "value": 0.7326657779417189
    }, 
    "Ar39": {
        "error": 0.017181120821550325, 
        "filter_outliers_dict": {
            "filter_outliers": true, 
            "iterations": 1, 
            "std_devs": 2
        }, 
        "fit": "Linear", 
        "value": 55.14267888516618
    }, 
    "Ar40": {
        "error": 0.06619478994681219, 
        "filter_outliers_dict": {
            "filter_outliers": true, 
            "iterations": 1, 
            "std_devs": 2
        }, 
        "fit": "Linear", 
        "value": 527.8783286059241
    }, 
    "Ar41": {
        "error": 0.0045115327872400565, 
        "filter_outliers_dict": {
            "filter_outliers": true, 
            "iterations": 1, 
            "std_devs": 2
        }, 
        "fit": "Average", 
        "value": 0.09791195502646506
    }
}