{
    "Ar36": {
        "error": 0.00015911986830440987, 
        "filter_outliers_dict": {
            "filter_outliers": true, 
            "iterations": 1, 
            "std_devs": 2
        }, 
        "fit": "Linear", 
        "value": 0.002113155050513245
    }, 
    "Ar37": {
        "error": 0.011342862586562863, 
        "filter_outliers_dict": {
            "filter_outliers": true, 
            "iterations": 1, 
            "std_devs": 2
        }, 
        "fit": "linear", 
        "value": 0.20509378538566453
    }, 
    "Ar38": {
        "error": 0.004928821702178929, 
        "filter_outliers_dict": {
            "filter_outliers": true, 
            "iterations": 1, 
            "std_devs": 2
        }, 
        "fit": "linear", 
        "value": 0.19075053978654752
    }, 
    "Ar39": {
        "error": 0.013615868659602164, 
        "filter_outliers_dict": {
            "filter_outliers": true, 
            "iterations": 1, 
            "std_devs": 2
        }, 
        "fit": "Linear", 
        "value": 14.981634667312472
    }, 
    "Ar40": {
        "error": 0.02175719879110214, 
        "filter_outliers_dict": {
            "filter_outliers": true, 
            "iterations": 1, 
            "std_devs": 2
        }, 
        "fit": "Linear", 
        "value": 136.97983559199213
    }, 
    "Ar41": {
        "error": 0.003485242469333342, 
        "filter_outliers_dict": {
            "filter_outliers": true, 
            "iterations": 1, 
            "std_devs": 2
        }, 
        "fit": "Average", 
        "value": 0.0913527882443436
    }
}