{
    "Ar36": {
        "error": 0.00021398676386546423, 
        "filter_outliers_dict": {
            "filter_outliers": true, 
            "iterations": 1, 
            "std_devs": 2
        }, 
        "fit": "Linear", 
        "value": 0.003459286799575279
    }, 
    "Ar37": {
        "error": 0.010732566400825429, 
        "filter_outliers_dict": {
            "filter_outliers": true, 
            "iterations": 1, 
            "std_devs": 2
        }, 
        "fit": "linear", 
        "value": 0.2939144563488806
    }, 
    "Ar38": {
        "error": 0.004318979052804469, 
        "filter_outliers_dict": {
            "filter_outliers": true, 
            "iterations": 1, 
            "std_devs": 2
        }, 
        "fit": "linear", 
        "value": 0.5472667494490164
    }, 
    "Ar39": {
        "error": 0.015641908241359824, 
        "filter_outliers_dict": {
            "filter_outliers": true, 
            "iterations": 1, 
            "std_devs": 2
        }, 
        "fit": "Linear", 
        "value": 41.22556440161662
    }, 
    "Ar40": {
        "error": 0.05499063548330999, 
        "filter_outliers_dict": {
            "filter_outliers": true, 
            "iterations": 1, 
            "std_devs": 2
        }, 
        "fit": "Linear", 
        "value": 392.8641784642121
    }, 
    "Ar41": {
        "error": 0.004433301407392321, 
        "filter_outliers_dict": {
            "filter_outliers": true, 
            "iterations": 1, 
            "std_devs": 2
        }, 
        "fit": "Average", 
        "value": 0.0949324661487712
    }
}