{
    "Ar36": {
        "error": 0.00022236469710103956, 
        "filter_outliers_dict": {
            "filter_outliers": true, 
            "iterations": 1, 
            "std_devs": 2
        }, 
        "fit": "Linear", 
        "value": 0.005007683004645111
    }, 
    "Ar37": {
        "error": 0.011616273523590083, 
        "filter_outliers_dict": {
            "filter_outliers": true, 
            "iterations": 1, 
            "std_devs": 2
        }, 
        "fit": "linear", 
        "value": 0.3121522191318176
    }, 
    "Ar38": {
        "error": 0.004652876189301609, 
        "filter_outliers_dict": {
            "filter_outliers": true, 
            "iterations": 1, 
            "std_devs": 2
        }, 
        "fit": "linear", 
        "value": 0.6218995155846856
    }, 
    "Ar39": {
        "error": 0.018529330505056073, 
        "filter_outliers_dict": {
            "filter_outliers": true, 
            "iterations": 1, 
            "std_devs": 2
        }, 
        "fit": "Linear", 
        "value": 46.78132833555409
    }, 
    "Ar40": {
        "error": 0.053502768676912955, 
        "filter_outliers_dict": {
            "filter_outliers": true, 
            "iterations": 1, 
            "std_devs": 2
        }, 
        "fit": "Linear", 
        "value": 447.06638666496093
    }, 
    "Ar41": {
        "error": 0.00465936857935668, 
        "filter_outliers_dict": {
            "filter_outliers": true, 
            "iterations": 1, 
            "std_devs": 2
        }, 
        "fit": "Average", 
        "value": 0.10628571098657576
    }
}