{
    "Ar36": {
        "error": 0.0001507915956994561, 
        "filter_outliers_dict": {
            "filter_outliers": true, 
            "iterations": 1, 
            "std_devs": 2
        }, 
        "fit": "Linear", 
        "value": 0.002618763918281441
    }, 
    "Ar37": {
        "error": 0.01159345299669311, 
        "filter_outliers_dict": {
            "filter_outliers": true, 
            "iterations": 1, 
            "std_devs": 2
        }, 
        "fit": "linear", 
        "value": 0.1828809002898867
    }, 
    "Ar38": {
        "error": 0.0050325147557035085, 
        "filter_outliers_dict": {
            "filter_outliers": true, 
            "iterations": 1, 
            "std_devs": 2
        }, 
        "fit": "linear", 
        "value": 0.14450534490373662
    }, 
    "Ar39": {
        "error": 0.012631516437844695, 
        "filter_outliers_dict": {
            "filter_outliers": true, 
            "iterations": 1, 
            "std_devs": 2
        }, 
        "fit": "Linear", 
        "value": 11.416166403657078
    }, 
    "Ar40": {
        "error": 0.019110837409562195, 
        "filter_outliers_dict": {
            "filter_outliers": true, 
            "iterations": 1, 
            "std_devs": 2
        }, 
        "fit": "Linear", 
        "value": 111.54811898496688
    }, 
    "Ar41": {
        "error": 0.0046098330703377025, 
        "filter_outliers_dict": {
            "filter_outliers": true, 
            "iterations": 1, 
            "std_devs": 2
        }, 
        "fit": "Average", 
        "value": 0.07847158396342642
    }
}