{
    "Ar36": {
        "error": 0.00027792834901074255, 
        "filter_outliers_dict": {
            "filter_outliers": true, 
            "iterations": 1, 
            "std_devs": 2
        }, 
        "fit": "Linear", 
        "value": 0.00752457717505317
    }, 
    "Ar37": {
        "error": 0.011070839045398882, 
        "filter_outliers_dict": {
            "filter_outliers": true, 
            "iterations": 1, 
            "std_devs": 2
        }, 
        "fit": "linear", 
        "value": 0.17206857494496125
    }, 
    "Ar38": {
        "error": 0.004884111543260736, 
        "filter_outliers_dict": {
            "filter_outliers": true, 
            "iterations": 1, 
            "std_devs": 2
        }, 
        "fit": "linear", 
        "value": 0.049865518821457976
    }, 
    "Ar39": {
        "error": 0.010463064240171877, 
        "filter_outliers_dict": {
            "filter_outliers": true, 
            "iterations": 1, 
            "std_devs": 2
        }, 
        "fit": "Linear", 
        "value": 3.467377579988637
    }, 
    "Ar40": {
        "error": 0.11941454995340166, 
        "filter_outliers_dict": {
            "filter_outliers": true, 
            "iterations": 1, 
            "std_devs": 2
        }, 
        "fit": "Linear", 
        "value": 1382.8949006535468
    }, 
    "Ar41": {
        "error": 0.003804417292857765, 
        "filter_outliers_dict": {
            "filter_outliers": true, 
            "iterations": 1, 
            "std_devs": 2
        }, 
        "fit": "Average", 
        "value": 0.14781485144668077
    }
}