{
    "Ar36": {
        "error": 0.00019847089133891534, 
        "filter_outliers_dict": {
            "filter_outliers": true, 
            "iterations": 1, 
            "std_devs": 2
        }, 
        "fit": "Linear", 
        "value": 0.0064676315943981485
    }, 
    "Ar37": {
        "error": 0.010069274164905578, 
        "filter_outliers_dict": {
            "filter_outliers": true, 
            "iterations": 1, 
            "std_devs": 2
        }, 
        "fit": "linear", 
        "value": 0.38444288160642376
    }, 
    "Ar38": {
        "error": 0.004720039078028719, 
        "filter_outliers_dict": {
            "filter_outliers": true, 
            "iterations": 1, 
            "std_devs": 2
        }, 
        "fit": "linear", 
        "value": 0.3147467955166931
    }, 
    "Ar39": {
        "error": 0.014758050371097089, 
        "filter_outliers_dict": {
            "filter_outliers": true, 
            "iterations": 1, 
            "std_devs": 2
        }, 
        "fit": "Linear", 
        "value": 23.26913121525826
    }, 
    "Ar40": {
        "error": 0.035217422413705186, 
        "filter_outliers_dict": {
            "filter_outliers": true, 
            "iterations": 1, 
            "std_devs": 2
        }, 
        "fit": "Linear", 
        "value": 226.60014650855257
    }, 
    "Ar41": {
        "error": 0.004165195701869779, 
        "filter_outliers_dict": {
            "filter_outliers": true, 
            "iterations": 1, 
            "std_devs": 2
        }, 
        "fit": "Average", 
        "value": 0.0824949811455323
    }
}