{
    "Ar36": {
        "error": 0.00036376321106175566, 
        "filter_outliers_dict": {
            "filter_outliers": true, 
            "iterations": 1, 
            "std_devs": 2
        }, 
        "fit": "Linear", 
        "value": 0.017319324003586305
    }, 
    "Ar37": {
        "error": 0.010369371881218796, 
        "filter_outliers_dict": {
            "filter_outliers": true, 
            "iterations": 1, 
            "std_devs": 2
        }, 
        "fit": "linear", 
        "value": 0.48858120326882387
    }, 
    "Ar38": {
        "error": 0.004952394450799244, 
        "filter_outliers_dict": {
            "filter_outliers": true, 
            "iterations": 1, 
            "std_devs": 2
        }, 
        "fit": "linear", 
        "value": 0.6925412779073009
    }, 
    "Ar39": {
        "error": 0.021108261857344105, 
        "filter_outliers_dict": {
            "filter_outliers": true, 
            "iterations": 1, 
            "std_devs": 2
        }, 
        "fit": "Linear", 
        "value": 52.10985476800499
    }, 
    "Ar40": {
        "error": 0.054634877602694504, 
        "filter_outliers_dict": {
            "filter_outliers": true, 
            "iterations": 1, 
            "std_devs": 2
        }, 
        "fit": "Linear", 
        "value": 480.8415061458068
    }, 
    "Ar41": {
        "error": 0.004536319278734894, 
        "filter_outliers_dict": {
            "filter_outliers": true, 
            "iterations": 1, 
            "std_devs": 2
        }, 
        "fit": "Average", 
        "value": 0.11037145349776598
    }
}