{
    "Ar36": {
        "error": 0.00013736991914997695, 
        "filter_outliers_dict": {
            "filter_outliers": true, 
            "iterations": 1, 
            "std_devs": 2
        }, 
        "fit": "Linear", 
        "value": 0.0027393351721145243
    }, 
    "Ar37": {
        "error": 0.010568957234152153, 
        "filter_outliers_dict": {
            "filter_outliers": true, 
            "iterations": 1, 
            "std_devs": 2
        }, 
        "fit": "linear", 
        "value": 0.16310567943351983
    }, 
    "Ar38": {
        "error": 0.004466757026459719, 
        "filter_outliers_dict": {
            "filter_outliers": true, 
            "iterations": 1, 
            "std_devs": 2
        }, 
        "fit": "linear", 
        "value": -0.0007688872527830397
    }, 
    "Ar39": {
        "error": 0.01281780953818028, 
        "filter_outliers_dict": {
            "filter_outliers": true, 
            "iterations": 1, 
            "std_devs": 2
        }, 
        "fit": "Linear", 
        "value": 0.10606272574036356
    }, 
    "Ar40": {
        "error": 0.012885141067997192, 
        "filter_outliers_dict": {
            "filter_outliers": true, 
            "iterations": 1, 
            "std_devs": 2
        }, 
        "fit": "Linear", 
        "value": 15.511874735775212
    }, 
    "Ar41": {
        "error": 0.00480453020940985, 
        "filter_outliers_dict": {
            "filter_outliers": true, 
            "iterations": 1, 
            "std_devs": 2
        }, 
        "fit": "Average", 
        "value": 0.08473782460827607
    }
}