{
    "Ar36": {
        "error": 0.0003832027126467604, 
        "filter_outliers_dict": {
            "filter_outliers": true, 
            "iterations": 1, 
            "std_devs": 2
        }, 
        "fit": "Linear", 
        "value": 0.017275043616319083
    }, 
    "Ar37": {
        "error": 0.010368287244819762, 
        "filter_outliers_dict": {
            "filter_outliers": true, 
            "iterations": 1, 
            "std_devs": 2
        }, 
        "fit": "linear", 
        "value": 0.16694097303680586
    }, 
    "Ar38": {
        "error": 0.005018009564972106, 
        "filter_outliers_dict": {
            "filter_outliers": true, 
            "iterations": 1, 
            "std_devs": 2
        }, 
        "fit": "linear", 
        "value": 0.09986092359174555
    }, 
    "Ar39": {
        "error": 0.013055439715231867, 
        "filter_outliers_dict": {
            "filter_outliers": true, 
            "iterations": 1, 
            "std_devs": 2
        }, 
        "fit": "Linear", 
        "value": 7.208682672122542
    }, 
    "Ar40": {
        "error": 0.18806667984763484, 
        "filter_outliers_dict": {
            "filter_outliers": true, 
            "iterations": 1, 
            "std_devs": 2
        }, 
        "fit": "Linear", 
        "value": 3363.8921586746696
    }, 
    "Ar41": {
        "error": 0.0043172897636535494, 
        "filter_outliers_dict": {
            "filter_outliers": true, 
            "iterations": 1, 
            "std_devs": 2
        }, 
        "fit": "Average", 
        "value": 0.25379356926766994
    }
}