{
    "Ar36": {
        "error": 0.00023454125393364332, 
        "filter_outliers_dict": {
            "filter_outliers": true, 
            "iterations": 1, 
            "std_devs": 2
        }, 
        "fit": "Linear", 
        "value": 0.009093155806901293
    }, 
    "Ar37": {
        "error": 0.011355648484671774, 
        "filter_outliers_dict": {
            "filter_outliers": true, 
            "iterations": 1, 
            "std_devs": 2
        }, 
        "fit": "linear", 
        "value": 0.4962659119891124
    }, 
    "Ar38": {
        "error": 0.004468278387339608, 
        "filter_outliers_dict": {
            "filter_outliers": true, 
            "iterations": 1, 
            "std_devs": 2
        }, 
        "fit": "linear", 
        "value": 1.2286863905143828
    }, 
    "Ar39": {
        "error": 0.02377345324379202, 
        "filter_outliers_dict": {
            "filter_outliers": true, 
            "iterations": 1, 
            "std_devs": 2
        }, 
        "fit": "Linear", 
        "value": 92.46513533651616
    }, 
    "Ar40": {
        "error": 0.0864041775810207, 
        "filter_outliers_dict": {
            "filter_outliers": true, 
            "iterations": 1, 
            "std_devs": 2
        }, 
        "fit": "Linear", 
        "value": 850.9764892281512
    }, 
    "Ar41": {
        "error": 0.004240927437546753, 
        "filter_outliers_dict": {
            "filter_outliers": true, 
            "iterations": 1, 
            "std_devs": 2
        }, 
        "fit": "Average", 
        "value": 0.11017579344566646
    }
}