{
    "Ar36": {
        "error": 0.00032545437492280144, 
        "filter_outliers_dict": {
            "filter_outliers": true, 
            "iterations": 1, 
            "std_devs": 2
        }, 
        "fit": "Linear", 
        "value": 0.012291945439319777
    }, 
    "Ar37": {
        "error": 0.010576092242766863, 
        "filter_outliers_dict": {
            "filter_outliers": true, 
            "iterations": 1, 
            "std_devs": 2
        }, 
        "fit": "linear", 
        "value": 1.4803484057734955
    }, 
    "Ar38": {
        "error": 0.005449320829178931, 
        "filter_outliers_dict": {
            "filter_outliers": true, 
            "iterations": 1, 
            "std_devs": 2
        }, 
        "fit": "linear", 
        "value": 2.702859097058215
    }, 
    "Ar39": {
        "error": 0.03592640934588911, 
        "filter_outliers_dict": {
            "filter_outliers": true, 
            "iterations": 1, 
            "std_devs": 2
        }, 
        "fit": "Linear", 
        "value": 204.2526191110224
    }, 
    "Ar40": {
        "error": 0.22099644706353502, 
        "filter_outliers_dict": {
            "filter_outliers": true, 
            "iterations": 1, 
            "std_devs": 2
        }, 
        "fit": "Linear", 
        "value": 1877.4854149739235
    }, 
    "Ar41": {
        "error": 0.004369982982311974, 
        "filter_outliers_dict": {
            "filter_outliers": true, 
            "iterations": 1, 
            "std_devs": 2
        }, 
        "fit": "Average", 
        "value": 0.16699151956965377
    }
}