{
    "Ar36": {
        "error": 0.00026410198540429477, 
        "filter_outliers_dict": {
            "filter_outliers": true, 
            "iterations": 1, 
            "std_devs": 2
        }, 
        "fit": "Linear", 
        "value": 0.00881962325283346
    }, 
    "Ar37": {
        "error": 0.011547083228279019, 
        "filter_outliers_dict": {
            "filter_outliers": true, 
            "iterations": 1, 
            "std_devs": 2
        }, 
        "fit": "linear", 
        "value": 0.8248939920648644
    }, 
    "Ar38": {
        "error": 0.005197353112291038, 
        "filter_outliers_dict": {
            "filter_outliers": true, 
            "iterations": 1, 
            "std_devs": 2
        }, 
        "fit": "linear", 
        "value": 0.8956144999208558
    }, 
    "Ar39": {
        "error": 0.01565543057465021, 
        "filter_outliers_dict": {
            "filter_outliers": true, 
            "iterations": 1, 
            "std_devs": 2
        }, 
        "fit": "Linear", 
        "value": 66.81879991535217
    }, 
    "Ar40": {
        "error": 0.0879003247355821, 
        "filter_outliers_dict": {
            "filter_outliers": true, 
            "iterations": 1, 
            "std_devs": 2
        }, 
        "fit": "Linear", 
        "value": 612.6082583269532
    }, 
    "Ar41": {
        "error": 0.00448274507142344, 
        "filter_outliers_dict": {
            "filter_outliers": true, 
            "iterations": 1, 
            "std_devs": 2
        }, 
        "fit": "Average", 
        "value": 0.11469122684050442
    }
}