{
    "Ar36": {
        "error": 0.00017594072086045634, 
        "filter_outliers_dict": {
            "filter_outliers": true, 
            "iterations": 1, 
            "std_devs": 2
        }, 
        "fit": "Linear", 
        "value": 0.0033353199032612243
    }, 
    "Ar37": {
        "error": 0.010781983870928396, 
        "filter_outliers_dict": {
            "filter_outliers": true, 
            "iterations": 1, 
            "std_devs": 2
        }, 
        "fit": "linear", 
        "value": 0.2875701119612972
    }, 
    "Ar38": {
        "error": 0.0038950548962525438, 
        "filter_outliers_dict": {
            "filter_outliers": true, 
            "iterations": 1, 
            "std_devs": 2
        }, 
        "fit": "linear", 
        "value": 0.5023655002636851
    }, 
    "Ar39": {
        "error": 0.01793970988364448, 
        "filter_outliers_dict": {
            "filter_outliers": true, 
            "iterations": 1, 
            "std_devs": 2
        }, 
        "fit": "Linear", 
        "value": 38.288139276367446
    }, 
    "Ar40": {
        "error": 0.050341545147205215, 
        "filter_outliers_dict": {
            "filter_outliers": true, 
            "iterations": 1, 
            "std_devs": 2
        }, 
        "fit": "Linear", 
        "value": 374.46323299361643
    }, 
    "Ar41": {
        "error": 0.004481208305912156, 
        "filter_outliers_dict": {
            "filter_outliers": true, 
            "iterations": 1, 
            "std_devs": 2
        }, 
        "fit": "Average", 
        "value": 0.09504845714960689
    }
}