{
    "Ar36": {
        "error": 0.0004748117028502187, 
        "filter_outliers_dict": {
            "filter_outliers": true, 
            "iterations": 1, 
            "std_devs": 2
        }, 
        "fit": "Linear", 
        "value": 0.03404357101106446
    }, 
    "Ar37": {
        "error": 0.01124519188921482, 
        "filter_outliers_dict": {
            "filter_outliers": true, 
            "iterations": 1, 
            "std_devs": 2
        }, 
        "fit": "linear", 
        "value": 0.46127484053111145
    }, 
    "Ar38": {
        "error": 0.005001806471684983, 
        "filter_outliers_dict": {
            "filter_outliers": true, 
            "iterations": 1, 
            "std_devs": 2
        }, 
        "fit": "linear", 
        "value": 1.292250872204092
    }, 
    "Ar39": {
        "error": 0.025743895598243947, 
        "filter_outliers_dict": {
            "filter_outliers": true, 
            "iterations": 1, 
            "std_devs": 2
        }, 
        "fit": "Linear", 
        "value": 96.56362984341567
    }, 
    "Ar40": {
        "error": 0.10281655857423079, 
        "filter_outliers_dict": {
            "filter_outliers": true, 
            "iterations": 1, 
            "std_devs": 2
        }, 
        "fit": "Linear", 
        "value": 925.9832175211893
    }, 
    "Ar41": {
        "error": 0.004767545489730223, 
        "filter_outliers_dict": {
            "filter_outliers": true, 
            "iterations": 1, 
            "std_devs": 2
        }, 
        "fit": "Average", 
        "value": 0.14434630101076204
    }
}