{
    "Ar36": {
        "error": 0.00016590382348373903, 
        "filter_outliers_dict": {
            "filter_outliers": true, 
            "iterations": 1, 
            "std_devs": 2
        }, 
        "fit": "Linear", 
        "value": 0.0033060906731814128
    }, 
    "Ar37": {
        "error": 0.011489976868407087, 
        "filter_outliers_dict": {
            "filter_outliers": true, 
            "iterations": 1, 
            "std_devs": 2
        }, 
        "fit": "linear", 
        "value": 0.2581759850215458
    }, 
    "Ar38": {
        "error": 0.004447942670997544, 
        "filter_outliers_dict": {
            "filter_outliers": true, 
            "iterations": 1, 
            "std_devs": 2
        }, 
        "fit": "linear", 
        "value": 0.6379173043870553
    }, 
    "Ar39": {
        "error": 0.01880247301073095, 
        "filter_outliers_dict": {
            "filter_outliers": true, 
            "iterations": 1, 
            "std_devs": 2
        }, 
        "fit": "Linear", 
        "value": 47.613596001059165
    }, 
    "Ar40": {
        "error": 0.04868473741387683, 
        "filter_outliers_dict": {
            "filter_outliers": true, 
            "iterations": 1, 
            "std_devs": 2
        }, 
        "fit": "Linear", 
        "value": 467.4976539349863
    }, 
    "Ar41": {
        "error": 0.00553081980877016, 
        "filter_outliers_dict": {
            "filter_outliers": true, 
            "iterations": 1, 
            "std_devs": 2
        }, 
        "fit": "Average", 
        "value": 0.1079292406851562
    }
}