{
    "Ar36": {
        "error": 0.00038249924446355884, 
        "filter_outliers_dict": {
            "filter_outliers": true, 
            "iterations": 1, 
            "std_devs": 2
        }, 
        "fit": "Linear", 
        "value": 0.02187022772688836
    }, 
    "Ar37": {
        "error": 0.010752017699148988, 
        "filter_outliers_dict": {
            "filter_outliers": true, 
            "iterations": 1, 
            "std_devs": 2
        }, 
        "fit": "linear", 
        "value": 0.40242604671480636
    }, 
    "Ar38": {
        "error": 0.006079380793916775, 
        "filter_outliers_dict": {
            "filter_outliers": true, 
            "iterations": 1, 
            "std_devs": 2
        }, 
        "fit": "linear", 
        "value": 1.5665924649386547
    }, 
    "Ar39": {
        "error": 0.025260520438208412, 
        "filter_outliers_dict": {
            "filter_outliers": true, 
            "iterations": 1, 
            "std_devs": 2
        }, 
        "fit": "Linear", 
        "value": 118.00109854283981
    }, 
    "Ar40": {
        "error": 0.13405245838138802, 
        "filter_outliers_dict": {
            "filter_outliers": true, 
            "iterations": 1, 
            "std_devs": 2
        }, 
        "fit": "Linear", 
        "value": 1158.248833729242
    }, 
    "Ar41": {
        "error": 0.004818669638558198, 
        "filter_outliers_dict": {
            "filter_outliers": true, 
            "iterations": 1, 
            "std_devs": 2
        }, 
        "fit": "Average", 
        "value": 0.1331766810267905
    }
}