{
    "Ar36": {
        "error": 0.0002517701405559617, 
        "filter_outliers_dict": {
            "filter_outliers": true, 
            "iterations": 1, 
            "std_devs": 2
        }, 
        "fit": "Linear", 
        "value": 0.009173434888822243
    }, 
    "Ar37": {
        "error": 0.010980981726786772, 
        "filter_outliers_dict": {
            "filter_outliers": true, 
            "iterations": 1, 
            "std_devs": 2
        }, 
        "fit": "linear", 
        "value": 0.9756854897670458
    }, 
    "Ar38": {
        "error": 0.004884018530713846, 
        "filter_outliers_dict": {
            "filter_outliers": true, 
            "iterations": 1, 
            "std_devs": 2
        }, 
        "fit": "linear", 
        "value": 1.0017214869787485
    }, 
    "Ar39": {
        "error": 0.022671650574481186, 
        "filter_outliers_dict": {
            "filter_outliers": true, 
            "iterations": 1, 
            "std_devs": 2
        }, 
        "fit": "Linear", 
        "value": 75.04149212158089
    }, 
    "Ar40": {
        "error": 0.011464836210556776, 
        "filter_outliers_dict": {
            "filter_outliers": true, 
            "iterations": 1, 
            "std_devs": 2
        }, 
        "fit": "Linear", 
        "value": 21.30994925386689
    }, 
    "Ar41": {
        "error": 0.00466631568900131, 
        "filter_outliers_dict": {
            "filter_outliers": true, 
            "iterations": 1, 
            "std_devs": 2
        }, 
        "fit": "Average", 
        "value": 0.08044929185256426
    }
}