{
    "Ar36": {
        "error": 0.00026014200800380827, 
        "filter_outliers_dict": {
            "filter_outliers": true, 
            "iterations": 1, 
            "std_devs": 2
        }, 
        "fit": "Linear", 
        "value": 0.012042579075923838
    }, 
    "Ar37": {
        "error": 0.010036004370642662, 
        "filter_outliers_dict": {
            "filter_outliers": true, 
            "iterations": 1, 
            "std_devs": 2
        }, 
        "fit": "linear", 
        "value": 0.6227336996989445
    }, 
    "Ar38": {
        "error": 0.004419626341776853, 
        "filter_outliers_dict": {
            "filter_outliers": true, 
            "iterations": 1, 
            "std_devs": 2
        }, 
        "fit": "linear", 
        "value": 1.237411403825867
    }, 
    "Ar39": {
        "error": 0.020043502380084354, 
        "filter_outliers_dict": {
            "filter_outliers": true, 
            "iterations": 1, 
            "std_devs": 2
        }, 
        "fit": "Linear", 
        "value": 93.38645444165634
    }, 
    "Ar40": {
        "error": 0.07093163596494685, 
        "filter_outliers_dict": {
            "filter_outliers": true, 
            "iterations": 1, 
            "std_devs": 2
        }, 
        "fit": "Linear", 
        "value": 848.2220708226154
    }, 
    "Ar41": {
        "error": 0.004269243258168476, 
        "filter_outliers_dict": {
            "filter_outliers": true, 
            "iterations": 1, 
            "std_devs": 2
        }, 
        "fit": "Average", 
        "value": 0.11686781446485607
    }
}