{
    "Ar36": {
        "error": 0.00020915657853238492, 
        "filter_outliers_dict": {
            "filter_outliers": true, 
            "iterations": 1, 
            "std_devs": 2
        }, 
        "fit": "Linear", 
        "value": 0.006909334280787123
    }, 
    "Ar37": {
        "error": 0.011390772570173315, 
        "filter_outliers_dict": {
            "filter_outliers": true, 
            "iterations": 1, 
            "std_devs": 2
        }, 
        "fit": "linear", 
        "value": 0.38815149418654066
    }, 
    "Ar38": {
        "error": 0.005102544712672007, 
        "filter_outliers_dict": {
            "filter_outliers": true, 
            "iterations": 1, 
            "std_devs": 2
        }, 
        "fit": "linear", 
        "value": 1.4196129603749457
    }, 
    "Ar39": {
        "error": 0.024596049150447028, 
        "filter_outliers_dict": {
            "filter_outliers": true, 
            "iterations": 1, 
            "std_devs": 2
        }, 
        "fit": "Linear", 
        "value": 106.72159815498827
    }, 
    "Ar40": {
        "error": 0.10966578162748802, 
        "filter_outliers_dict": {
            "filter_outliers": true, 
            "iterations": 1, 
            "std_devs": 2
        }, 
        "fit": "Linear", 
        "value": 1044.0580198988948
    }, 
    "Ar41": {
        "error": 0.005332213945427157, 
        "filter_outliers_dict": {
            "filter_outliers": true, 
            "iterations": 1, 
            "std_devs": 2
        }, 
        "fit": "Average", 
        "value": 0.1298744661441748
    }
}