{
    "Ar36": {
        "error": 0.000190439954705289, 
        "filter_outliers_dict": {
            "filter_outliers": true, 
            "iterations": 1, 
            "std_devs": 2
        }, 
        "fit": "Linear", 
        "value": 0.006396174624588117
    }, 
    "Ar37": {
        "error": 0.010335994022027367, 
        "filter_outliers_dict": {
            "filter_outliers": true, 
            "iterations": 1, 
            "std_devs": 2
        }, 
        "fit": "linear", 
        "value": 0.8958306561305794
    }, 
    "Ar38": {
        "error": 0.005096518558988661, 
        "filter_outliers_dict": {
            "filter_outliers": true, 
            "iterations": 1, 
            "std_devs": 2
        }, 
        "fit": "linear", 
        "value": 1.1496308534956756
    }, 
    "Ar39": {
        "error": 0.01972847498042672, 
        "filter_outliers_dict": {
            "filter_outliers": true, 
            "iterations": 1, 
            "std_devs": 2
        }, 
        "fit": "Linear", 
        "value": 86.85852696775427
    }, 
    "Ar40": {
        "error": 0.08687949125597436, 
        "filter_outliers_dict": {
            "filter_outliers": true, 
            "iterations": 1, 
            "std_devs": 2
        }, 
        "fit": "Linear", 
        "value": 788.760523798599
    }, 
    "Ar41": {
        "error": 0.0043276815838433754, 
        "filter_outliers_dict": {
            "filter_outliers": true, 
            "iterations": 1, 
            "std_devs": 2
        }, 
        "fit": "Average", 
        "value": 0.11497100689157666
    }
}