{
    "Ar36": {
        "error": 0.0004059208960935424, 
        "filter_outliers_dict": {
            "filter_outliers": true, 
            "iterations": 1, 
            "std_devs": 2
        }, 
        "fit": "Linear", 
        "value": 0.02251733684519045
    }, 
    "Ar37": {
        "error": 0.010363581769465684, 
        "filter_outliers_dict": {
            "filter_outliers": true, 
            "iterations": 1, 
            "std_devs": 2
        }, 
        "fit": "linear", 
        "value": 0.40581670793751734
    }, 
    "Ar38": {
        "error": 0.0052046563495792815, 
        "filter_outliers_dict": {
            "filter_outliers": true, 
            "iterations": 1, 
            "std_devs": 2
        }, 
        "fit": "linear", 
        "value": 1.5432458979737382
    }, 
    "Ar39": {
        "error": 0.023350240988733537, 
        "filter_outliers_dict": {
            "filter_outliers": true, 
            "iterations": 1, 
            "std_devs": 2
        }, 
        "fit": "Linear", 
        "value": 115.74827184762128
    }, 
    "Ar40": {
        "error": 0.10600338555686215, 
        "filter_outliers_dict": {
            "filter_outliers": true, 
            "iterations": 1, 
            "std_devs": 2
        }, 
        "fit": "Linear", 
        "value": 1136.2842021293493
    }, 
    "Ar41": {
        "error": 0.004468467357647255, 
        "filter_outliers_dict": {
            "filter_outliers": true, 
            "iterations": 1, 
            "std_devs": 2
        }, 
        "fit": "Average", 
        "value": 0.1368618697606122
    }
}