{
    "Ar36": {
        "error": 0.00019674364315455794, 
        "filter_outliers_dict": {
            "filter_outliers": true, 
            "iterations": 1, 
            "std_devs": 2
        }, 
        "fit": "Linear", 
        "value": 0.005388337591618729
    }, 
    "Ar37": {
        "error": 0.010969519835352284, 
        "filter_outliers_dict": {
            "filter_outliers": true, 
            "iterations": 1, 
            "std_devs": 2
        }, 
        "fit": "linear", 
        "value": 0.5672090884589196
    }, 
    "Ar38": {
        "error": 0.004663588942724367, 
        "filter_outliers_dict": {
            "filter_outliers": true, 
            "iterations": 1, 
            "std_devs": 2
        }, 
        "fit": "linear", 
        "value": 0.4795600120793272
    }, 
    "Ar39": {
        "error": 0.016604866377512486, 
        "filter_outliers_dict": {
            "filter_outliers": true, 
            "iterations": 1, 
            "std_devs": 2
        }, 
        "fit": "Linear", 
        "value": 36.01485635805395
    }, 
    "Ar40": {
        "error": 0.012508442428630617, 
        "filter_outliers_dict": {
            "filter_outliers": true, 
            "iterations": 1, 
            "std_devs": 2
        }, 
        "fit": "Linear", 
        "value": 10.32707011128954
    }, 
    "Ar41": {
        "error": 0.00471522130317959, 
        "filter_outliers_dict": {
            "filter_outliers": true, 
            "iterations": 1, 
            "std_devs": 2
        }, 
        "fit": "Average", 
        "value": 0.09626363495195954
    }
}