{
    "Ar36": {
        "error": 0.00023065755423573638, 
        "filter_outliers_dict": {
            "filter_outliers": true, 
            "iterations": 1, 
            "std_devs": 2
        }, 
        "fit": "Linear", 
        "value": 0.00705520611300775
    }, 
    "Ar37": {
        "error": 0.010654335612127355, 
        "filter_outliers_dict": {
            "filter_outliers": true, 
            "iterations": 1, 
            "std_devs": 2
        }, 
        "fit": "linear", 
        "value": 0.16622742255336365
    }, 
    "Ar38": {
        "error": 0.004381031714304087, 
        "filter_outliers_dict": {
            "filter_outliers": true, 
            "iterations": 1, 
            "std_devs": 2
        }, 
        "fit": "linear", 
        "value": 0.059114634997469516
    }, 
    "Ar39": {
        "error": 0.013239971224134579, 
        "filter_outliers_dict": {
            "filter_outliers": true, 
            "iterations": 1, 
            "std_devs": 2
        }, 
        "fit": "Linear", 
        "value": 2.010838960694511
    }, 
    "Ar40": {
        "error": 0.06356813795901257, 
        "filter_outliers_dict": {
            "filter_outliers": true, 
            "iterations": 1, 
            "std_devs": 2
        }, 
        "fit": "Linear", 
        "value": 640.3847316226538
    }, 
    "Ar41": {
        "error": 0.004931776563555526, 
        "filter_outliers_dict": {
            "filter_outliers": true, 
            "iterations": 1, 
            "std_devs": 2
        }, 
        "fit": "Average", 
        "value": 0.11772259261431685
    }
}