{
    "Ar36": {
        "error": 0.00026225624744640147, 
        "filter_outliers_dict": {
            "filter_outliers": true, 
            "iterations": 1, 
            "std_devs": 2
        }, 
        "fit": "Linear", 
        "value": 0.006773350722149585
    }, 
    "Ar37": {
        "error": 0.010570129108199725, 
        "filter_outliers_dict": {
            "filter_outliers": true, 
            "iterations": 1, 
            "std_devs": 2
        }, 
        "fit": "linear", 
        "value": 0.7546341868708549
    }, 
    "Ar38": {
        "error": 0.004624868094785901, 
        "filter_outliers_dict": {
            "filter_outliers": true, 
            "iterations": 1, 
            "std_devs": 2
        }, 
        "fit": "linear", 
        "value": 2.1736917487561893
    }, 
    "Ar39": {
        "error": 0.028544471557709266, 
        "filter_outliers_dict": {
            "filter_outliers": true, 
            "iterations": 1, 
            "std_devs": 2
        }, 
        "fit": "Linear", 
        "value": 165.6891312996736
    }, 
    "Ar40": {
        "error": 0.13737239186045702, 
        "filter_outliers_dict": {
            "filter_outliers": true, 
            "iterations": 1, 
            "std_devs": 2
        }, 
        "fit": "Linear", 
        "value": 1585.799268221432
    }, 
    "Ar41": {
        "error": 0.0048827102445419155, 
        "filter_outliers_dict": {
            "filter_outliers": true, 
            "iterations": 1, 
            "std_devs": 2
        }, 
        "fit": "Average", 
        "value": 0.14759694913646734
    }
}