{
    "Ar36": {
        "error": 0.00027150817401241906, 
        "filter_outliers_dict": {
            "filter_outliers": true, 
            "iterations": 1, 
            "std_devs": 2
        }, 
        "fit": "Linear", 
        "value": 0.010696629278945926
    }, 
    "Ar37": {
        "error": 0.011364620367836212, 
        "filter_outliers_dict": {
            "filter_outliers": true, 
            "iterations": 1, 
            "std_devs": 2
        }, 
        "fit": "linear", 
        "value": 0.14741867774194836
    }, 
    "Ar38": {
        "error": 0.004322460775684498, 
        "filter_outliers_dict": {
            "filter_outliers": true, 
            "iterations": 1, 
            "std_devs": 2
        }, 
        "fit": "linear", 
        "value": -0.009009835414296452
    }, 
    "Ar39": {
        "error": 0.010881675318512557, 
        "filter_outliers_dict": {
            "filter_outliers": true, 
            "iterations": 1, 
            "std_devs": 2
        }, 
        "fit": "Linear", 
        "value": 0.07326393792412003
    }, 
    "Ar40": {
        "error": 0.010614730975498136, 
        "filter_outliers_dict": {
            "filter_outliers": true, 
            "iterations": 1, 
            "std_devs": 2
        }, 
        "fit": "Linear", 
        "value": 2.941231126056574
    }, 
    "Ar41": {
        "error": 0.004374646446787888, 
        "filter_outliers_dict": {
            "filter_outliers": true, 
            "iterations": 1, 
            "std_devs": 2
        }, 
        "fit": "Average", 
        "value": 0.06685115547891339
    }
}