{
    "Ar36": {
        "error": 0.000111274466537757, 
        "filter_outliers_dict": {
            "filter_outliers": true, 
            "iterations": 1, 
            "std_devs": 2
        }, 
        "fit": "Linear", 
        "value": 0.0016331922769671605
    }, 
    "Ar37": {
        "error": 0.009366736449979016, 
        "filter_outliers_dict": {
            "filter_outliers": true, 
            "iterations": 1, 
            "std_devs": 2
        }, 
        "fit": "linear", 
        "value": 0.1554738859085664
    }, 
    "Ar38": {
        "error": 0.0041627511117267625, 
        "filter_outliers_dict": {
            "filter_outliers": true, 
            "iterations": 1, 
            "std_devs": 2
        }, 
        "fit": "linear", 
        "value": 0.04356006298804973
    }, 
    "Ar39": {
        "error": 0.009890470478294432, 
        "filter_outliers_dict": {
            "filter_outliers": true, 
            "iterations": 1, 
            "std_devs": 2
        }, 
        "fit": "Linear", 
        "value": 2.5047640067915546
    }, 
    "Ar40": {
        "error": 0.09775538737331406, 
        "filter_outliers_dict": {
            "filter_outliers": true, 
            "iterations": 1, 
            "std_devs": 2
        }, 
        "fit": "Linear", 
        "value": 1011.8219060524148
    }, 
    "Ar41": {
        "error": 0.005054245750981329, 
        "filter_outliers_dict": {
            "filter_outliers": true, 
            "iterations": 1, 
            "std_devs": 2
        }, 
        "fit": "Average", 
        "value": 0.12540535697306088
    }
}