{
    "Ar36": {
        "error": 0.0004569892382705585, 
        "filter_outliers_dict": {
            "filter_outliers": true, 
            "iterations": 1, 
            "std_devs": 2
        }, 
        "fit": "Linear", 
        "value": 0.03102195205467218
    }, 
    "Ar37": {
        "error": 0.009333015175070772, 
        "filter_outliers_dict": {
            "filter_outliers": true, 
            "iterations": 1, 
            "std_devs": 2
        }, 
        "fit": "linear", 
        "value": 0.22065743012061664
    }, 
    "Ar38": {
        "error": 0.011367411036028133, 
        "filter_outliers_dict": {
            "filter_outliers": true, 
            "iterations": 1, 
            "std_devs": 2
        }, 
        "fit": "linear", 
        "value": 0.19432299089757107
    }, 
    "Ar39": {
        "error": 0.017204802742447567, 
        "filter_outliers_dict": {
            "filter_outliers": true, 
            "iterations": 1, 
            "std_devs": 2
        }, 
        "fit": "Linear", 
        "value": 13.33192974946996
    }, 
    "Ar40": {
        "error": 0.017364572490534122, 
        "filter_outliers_dict": {
            "filter_outliers": true, 
            "iterations": 1, 
            "std_devs": 2
        }, 
        "fit": "Linear", 
        "value": 5112.466437218016
    }, 
    "Ar41": {
        "error": 0.017118659111295804, 
        "filter_outliers_dict": {
            "filter_outliers": true, 
            "iterations": 1, 
            "std_devs": 2
        }, 
        "fit": "Average", 
        "value": 0.3969726775275237
    }
}