{
    "Ar36": {
        "error": 0.00018197515580227583, 
        "filter_outliers_dict": {
            "filter_outliers": true, 
            "iterations": 1, 
            "std_devs": 2
        }, 
        "fit": "Linear", 
        "value": 0.004132885693208292
    }, 
    "Ar37": {
        "error": 0.010659910524804512, 
        "filter_outliers_dict": {
            "filter_outliers": true, 
            "iterations": 1, 
            "std_devs": 2
        }, 
        "fit": "linear", 
        "value": 0.37242168577128476
    }, 
    "Ar38": {
        "error": 0.005268382662701334, 
        "filter_outliers_dict": {
            "filter_outliers": true, 
            "iterations": 1, 
            "std_devs": 2
        }, 
        "fit": "linear", 
        "value": 1.1228366172197466
    }, 
    "Ar39": {
        "error": 0.02166983209026088, 
        "filter_outliers_dict": {
            "filter_outliers": true, 
            "iterations": 1, 
            "std_devs": 2
        }, 
        "fit": "Linear", 
        "value": 85.9099070017402
    }, 
    "Ar40": {
        "error": 0.08480239772866312, 
        "filter_outliers_dict": {
            "filter_outliers": true, 
            "iterations": 1, 
            "std_devs": 2
        }, 
        "fit": "Linear", 
        "value": 841.4907887572632
    }, 
    "Ar41": {
        "error": 0.004641343644664199, 
        "filter_outliers_dict": {
            "filter_outliers": true, 
            "iterations": 1, 
            "std_devs": 2
        }, 
        "fit": "Average", 
        "value": 0.09556292919698632
    }
}