{
    "Ar36": {
        "error": 0.00025654524323290144, 
        "filter_outliers_dict": {
            "filter_outliers": true, 
            "iterations": 1, 
            "std_devs": 2
        }, 
        "fit": "Linear", 
        "value": 0.010972412996064954
    }, 
    "Ar37": {
        "error": 0.010726595720434823, 
        "filter_outliers_dict": {
            "filter_outliers": true, 
            "iterations": 1, 
            "std_devs": 2
        }, 
        "fit": "linear", 
        "value": 0.16925123953196494
    }, 
    "Ar38": {
        "error": 0.004684551796285075, 
        "filter_outliers_dict": {
            "filter_outliers": true, 
            "iterations": 1, 
            "std_devs": 2
        }, 
        "fit": "linear", 
        "value": 0.0008439708783948644
    }, 
    "Ar39": {
        "error": 0.008806258698755424, 
        "filter_outliers_dict": {
            "filter_outliers": true, 
            "iterations": 1, 
            "std_devs": 2
        }, 
        "fit": "Linear", 
        "value": 0.06746691905332518
    }, 
    "Ar40": {
        "error": 0.0088853075155951, 
        "filter_outliers_dict": {
            "filter_outliers": true, 
            "iterations": 1, 
            "std_devs": 2
        }, 
        "fit": "Linear", 
        "value": 3.004780397657438
    }, 
    "Ar41": {
        "error": 0.004453213654881764, 
        "filter_outliers_dict": {
            "filter_outliers": true, 
            "iterations": 1, 
            "std_devs": 2
        }, 
        "fit": "Average", 
        "value": 0.07936927564101534
    }
}