{
    "Ar36": {
        "error": 0.0001165905014042342, 
        "filter_outliers_dict": {
            "filter_outliers": true, 
            "iterations": 1, 
            "std_devs": 2
        }, 
        "fit": "Linear", 
        "value": 0.0014472336160618795
    }, 
    "Ar37": {
        "error": 0.00979440678691129, 
        "filter_outliers_dict": {
            "filter_outliers": true, 
            "iterations": 1, 
            "std_devs": 2
        }, 
        "fit": "linear", 
        "value": 0.17369026186390193
    }, 
    "Ar38": {
        "error": 0.003937654389364047, 
        "filter_outliers_dict": {
            "filter_outliers": true, 
            "iterations": 1, 
            "std_devs": 2
        }, 
        "fit": "linear", 
        "value": 0.03983214655051273
    }, 
    "Ar39": {
        "error": 0.010288540082916995, 
        "filter_outliers_dict": {
            "filter_outliers": true, 
            "iterations": 1, 
            "std_devs": 2
        }, 
        "fit": "Linear", 
        "value": 3.2642400028577976
    }, 
    "Ar40": {
        "error": 0.11916882210653218, 
        "filter_outliers_dict": {
            "filter_outliers": true, 
            "iterations": 1, 
            "std_devs": 2
        }, 
        "fit": "Linear", 
        "value": 1213.6517823411928
    }, 
    "Ar41": {
        "error": 0.0047347897333744355, 
        "filter_outliers_dict": {
            "filter_outliers": true, 
            "iterations": 1, 
            "std_devs": 2
        }, 
        "fit": "Average", 
        "value": 0.13889009363466598
    }
}