{
    "Ar36": {
        "error": 0.0003269517025940981, 
        "filter_outliers_dict": {
            "filter_outliers": true, 
            "iterations": 1, 
            "std_devs": 2
        }, 
        "fit": "Linear", 
        "value": 0.021698208429257453
    }, 
    "Ar37": {
        "error": 0.011526762744180987, 
        "filter_outliers_dict": {
            "filter_outliers": true, 
            "iterations": 1, 
            "std_devs": 2
        }, 
        "fit": "linear", 
        "value": 1.584097522271056
    }, 
    "Ar38": {
        "error": 0.00545264573021909, 
        "filter_outliers_dict": {
            "filter_outliers": true, 
            "iterations": 1, 
            "std_devs": 2
        }, 
        "fit": "linear", 
        "value": 2.0349322854383214
    }, 
    "Ar39": {
        "error": 0.02867131447220563, 
        "filter_outliers_dict": {
            "filter_outliers": true, 
            "iterations": 1, 
            "std_devs": 2
        }, 
        "fit": "Linear", 
        "value": 153.49193763465274
    }, 
    "Ar40": {
        "error": 0.13275214480042896, 
        "filter_outliers_dict": {
            "filter_outliers": true, 
            "iterations": 1, 
            "std_devs": 2
        }, 
        "fit": "Linear", 
        "value": 1412.20855641039
    }, 
    "Ar41": {
        "error": 0.004669172308965203, 
        "filter_outliers_dict": {
            "filter_outliers": true, 
            "iterations": 1, 
            "std_devs": 2
        }, 
        "fit": "Average", 
        "value": 0.13313985009871218
    }
}