{
    "Ar36": {
        "error": 0.0001972674171676181, 
        "filter_outliers_dict": {
            "filter_outliers": true, 
            "iterations": 1, 
            "std_devs": 2
        }, 
        "fit": "Linear", 
        "value": 0.003923110368259311
    }, 
    "Ar37": {
        "error": 0.010093649034054814, 
        "filter_outliers_dict": {
            "filter_outliers": true, 
            "iterations": 1, 
            "std_devs": 2
        }, 
        "fit": "linear", 
        "value": 0.3669200045747498
    }, 
    "Ar38": {
        "error": 0.0047131135773738776, 
        "filter_outliers_dict": {
            "filter_outliers": true, 
            "iterations": 1, 
            "std_devs": 2
        }, 
        "fit": "linear", 
        "value": 0.441030254973386
    }, 
    "Ar39": {
        "error": 0.01549158683778449, 
        "filter_outliers_dict": {
            "filter_outliers": true, 
            "iterations": 1, 
            "std_devs": 2
        }, 
        "fit": "Linear", 
        "value": 33.44362080029137
    }, 
    "Ar40": {
        "error": 0.03128148326992022, 
        "filter_outliers_dict": {
            "filter_outliers": true, 
            "iterations": 1, 
            "std_devs": 2
        }, 
        "fit": "Linear", 
        "value": 304.57638015745135
    }, 
    "Ar41": {
        "error": 0.0038286953506512906, 
        "filter_outliers_dict": {
            "filter_outliers": true, 
            "iterations": 1, 
            "std_devs": 2
        }, 
        "fit": "Average", 
        "value": 0.0914671166945444
    }
}