{
    "Ar36": {
        "error": 0.0008287114008056953, 
        "filter_outliers_dict": {
            "filter_outliers": true, 
            "iterations": 1, 
            "std_devs": 2
        }, 
        "fit": "Linear", 
        "value": 0.10678577208407809
    }, 
    "Ar37": {
        "error": 0.010779369991470484, 
        "filter_outliers_dict": {
            "filter_outliers": true, 
            "iterations": 1, 
            "std_devs": 2
        }, 
        "fit": "linear", 
        "value": 0.9823088390907865
    }, 
    "Ar38": {
        "error": 0.004974741458333998, 
        "filter_outliers_dict": {
            "filter_outliers": true, 
            "iterations": 1, 
            "std_devs": 2
        }, 
        "fit": "linear", 
        "value": 2.8694748993309345
    }, 
    "Ar39": {
        "error": 0.039075752410557996, 
        "filter_outliers_dict": {
            "filter_outliers": true, 
            "iterations": 1, 
            "std_devs": 2
        }, 
        "fit": "Linear", 
        "value": 216.11889278816096
    }, 
    "Ar40": {
        "error": 0.24563485977360303, 
        "filter_outliers_dict": {
            "filter_outliers": true, 
            "iterations": 1, 
            "std_devs": 2
        }, 
        "fit": "Linear", 
        "value": 2145.0565783441875
    }, 
    "Ar41": {
        "error": 0.004750043050823175, 
        "filter_outliers_dict": {
            "filter_outliers": true, 
            "iterations": 1, 
            "std_devs": 2
        }, 
        "fit": "Average", 
        "value": 0.18274761275341622
    }
}