{
    "Ar36": {
        "error": 0.00026035782085626286, 
        "filter_outliers_dict": {
            "filter_outliers": true, 
            "iterations": 1, 
            "std_devs": 2
        }, 
        "fit": "Linear", 
        "value": 0.008642167118865528
    }, 
    "Ar37": {
        "error": 0.011462426409363034, 
        "filter_outliers_dict": {
            "filter_outliers": true, 
            "iterations": 1, 
            "std_devs": 2
        }, 
        "fit": "linear", 
        "value": 3.5916522038209764
    }, 
    "Ar38": {
        "error": 0.004951237254197308, 
        "filter_outliers_dict": {
            "filter_outliers": true, 
            "iterations": 1, 
            "std_devs": 2
        }, 
        "fit": "linear", 
        "value": 2.155772640739889
    }, 
    "Ar39": {
        "error": 0.030634346113090904, 
        "filter_outliers_dict": {
            "filter_outliers": true, 
            "iterations": 1, 
            "std_devs": 2
        }, 
        "fit": "Linear", 
        "value": 162.0700972601057
    }, 
    "Ar40": {
        "error": 0.14605709610484935, 
        "filter_outliers_dict": {
            "filter_outliers": true, 
            "iterations": 1, 
            "std_devs": 2
        }, 
        "fit": "Linear", 
        "value": 1490.919607025445
    }, 
    "Ar41": {
        "error": 0.0052028900453846205, 
        "filter_outliers_dict": {
            "filter_outliers": true, 
            "iterations": 1, 
            "std_devs": 2
        }, 
        "fit": "Average", 
        "value": 0.15474270180240596
    }
}