{
    "Ar36": {
        "error": 0.00016573537313086222, 
        "filter_outliers_dict": {
            "filter_outliers": true, 
            "iterations": 1, 
            "std_devs": 2
        }, 
        "fit": "Linear", 
        "value": 0.0040704601868562645
    }, 
    "Ar37": {
        "error": 0.01087955974675888, 
        "filter_outliers_dict": {
            "filter_outliers": true, 
            "iterations": 1, 
            "std_devs": 2
        }, 
        "fit": "linear", 
        "value": 1.4664839924805502
    }, 
    "Ar38": {
        "error": 0.005148935550753153, 
        "filter_outliers_dict": {
            "filter_outliers": true, 
            "iterations": 1, 
            "std_devs": 2
        }, 
        "fit": "linear", 
        "value": 1.439191225386044
    }, 
    "Ar39": {
        "error": 0.025453355124627815, 
        "filter_outliers_dict": {
            "filter_outliers": true, 
            "iterations": 1, 
            "std_devs": 2
        }, 
        "fit": "Linear", 
        "value": 109.13664125096811
    }, 
    "Ar40": {
        "error": 0.013411956195144728, 
        "filter_outliers_dict": {
            "filter_outliers": true, 
            "iterations": 1, 
            "std_devs": 2
        }, 
        "fit": "Linear", 
        "value": 28.14496138993691
    }, 
    "Ar41": {
        "error": 0.004141974481479237, 
        "filter_outliers_dict": {
            "filter_outliers": true, 
            "iterations": 1, 
            "std_devs": 2
        }, 
        "fit": "Average", 
        "value": 0.08053077643410167
    }
}