{
    "Ar36": {
        "error": 0.000372403229773624, 
        "filter_outliers_dict": {
            "filter_outliers": true, 
            "iterations": 1, 
            "std_devs": 2
        }, 
        "fit": "Linear", 
        "value": 0.02080583570951574
    }, 
    "Ar37": {
        "error": 0.010032676046154704, 
        "filter_outliers_dict": {
            "filter_outliers": true, 
            "iterations": 1, 
            "std_devs": 2
        }, 
        "fit": "linear", 
        "value": 0.5125291786663669
    }, 
    "Ar38": {
        "error": 0.005499826067155905, 
        "filter_outliers_dict": {
            "filter_outliers": true, 
            "iterations": 1, 
            "std_devs": 2
        }, 
        "fit": "linear", 
        "value": 0.7493895972399591
    }, 
    "Ar39": {
        "error": 0.021532890427640464, 
        "filter_outliers_dict": {
            "filter_outliers": true, 
            "iterations": 1, 
            "std_devs": 2
        }, 
        "fit": "Linear", 
        "value": 57.36765299225521
    }, 
    "Ar40": {
        "error": 0.05664805354997681, 
        "filter_outliers_dict": {
            "filter_outliers": true, 
            "iterations": 1, 
            "std_devs": 2
        }, 
        "fit": "Linear", 
        "value": 343.3200103158963
    }, 
    "Ar41": {
        "error": 0.005409636954939756, 
        "filter_outliers_dict": {
            "filter_outliers": true, 
            "iterations": 1, 
            "std_devs": 2
        }, 
        "fit": "Average", 
        "value": 0.10366348743904642
    }
}