{
    "Ar36": {
        "error": 0.00047496534800471553, 
        "filter_outliers_dict": {
            "filter_outliers": true, 
            "iterations": 1, 
            "std_devs": 2
        }, 
        "fit": "Linear", 
        "value": 0.033903809552275566
    }, 
    "Ar37": {
        "error": 0.008857503979737143, 
        "filter_outliers_dict": {
            "filter_outliers": true, 
            "iterations": 1, 
            "std_devs": 2
        }, 
        "fit": "linear", 
        "value": 0.8163149205360144
    }, 
    "Ar38": {
        "error": 0.004780671878995199, 
        "filter_outliers_dict": {
            "filter_outliers": true, 
            "iterations": 1, 
            "std_devs": 2
        }, 
        "fit": "linear", 
        "value": 2.1700995006602355
    }, 
    "Ar39": {
        "error": 0.03677718145472616, 
        "filter_outliers_dict": {
            "filter_outliers": true, 
            "iterations": 1, 
            "std_devs": 2
        }, 
        "fit": "Linear", 
        "value": 164.6039336084445
    }, 
    "Ar40": {
        "error": 0.2692547888563955, 
        "filter_outliers_dict": {
            "filter_outliers": true, 
            "iterations": 1, 
            "std_devs": 2
        }, 
        "fit": "Linear", 
        "value": 1493.5424334516356
    }, 
    "Ar41": {
        "error": 0.004861534891848419, 
        "filter_outliers_dict": {
            "filter_outliers": true, 
            "iterations": 1, 
            "std_devs": 2
        }, 
        "fit": "Average", 
        "value": 0.1390217570272105
    }
}