{
    "Ar36": {
        "error": 0.00021908043393166642, 
        "filter_outliers_dict": {
            "filter_outliers": true, 
            "iterations": 1, 
            "std_devs": 2
        }, 
        "fit": "Linear", 
        "value": 0.00834439178943708
    }, 
    "Ar37": {
        "error": 0.013380639393367286, 
        "filter_outliers_dict": {
            "filter_outliers": true, 
            "iterations": 1, 
            "std_devs": 2
        }, 
        "fit": "linear", 
        "value": 0.21275187395542022
    }, 
    "Ar38": {
        "error": 0.019124482768373027, 
        "filter_outliers_dict": {
            "filter_outliers": true, 
            "iterations": 1, 
            "std_devs": 2
        }, 
        "fit": "linear", 
        "value": 0.2363315480284201
    }, 
    "Ar39": {
        "error": 0.19323256477562206, 
        "filter_outliers_dict": {
            "filter_outliers": true, 
            "iterations": 1, 
            "std_devs": 2
        }, 
        "fit": "Linear", 
        "value": 12.528627530278417
    }, 
    "Ar40": {
        "error": 0.018005594310019198, 
        "filter_outliers_dict": {
            "filter_outliers": true, 
            "iterations": 1, 
            "std_devs": 2
        }, 
        "fit": "Linear", 
        "value": 5112.5107345410925
    }, 
    "Ar41": {
        "error": 0.08832402495730458, 
        "filter_outliers_dict": {
            "filter_outliers": true, 
            "iterations": 1, 
            "std_devs": 2
        }, 
        "fit": "Average", 
        "value": 0.5166481522794905
    }
}