{
    "Ar36": {
        "error": 0.0001476370960132399, 
        "filter_outliers_dict": {
            "filter_outliers": true, 
            "iterations": 1, 
            "std_devs": 2
        }, 
        "fit": "Linear", 
        "value": 0.0026876861673419896
    }, 
    "Ar37": {
        "error": 0.00831752265551952, 
        "filter_outliers_dict": {
            "filter_outliers": true, 
            "iterations": 1, 
            "std_devs": 2
        }, 
        "fit": "linear", 
        "value": 0.15345533705301329
    }, 
    "Ar38": {
        "error": 0.004335332749827137, 
        "filter_outliers_dict": {
            "filter_outliers": true, 
            "iterations": 1, 
            "std_devs": 2
        }, 
        "fit": "linear", 
        "value": 0.03601360792441007
    }, 
    "Ar39": {
        "error": 0.011362510131458982, 
        "filter_outliers_dict": {
            "filter_outliers": true, 
            "iterations": 1, 
            "std_devs": 2
        }, 
        "fit": "Linear", 
        "value": 4.324503882014467
    }, 
    "Ar40": {
        "error": 0.12414924009847815, 
        "filter_outliers_dict": {
            "filter_outliers": true, 
            "iterations": 1, 
            "std_devs": 2
        }, 
        "fit": "Linear", 
        "value": 1425.9994093707444
    }, 
    "Ar41": {
        "error": 0.00504708724341336, 
        "filter_outliers_dict": {
            "filter_outliers": true, 
            "iterations": 1, 
            "std_devs": 2
        }, 
        "fit": "Average", 
        "value": 0.15337000221190808
    }
}