{
    "Ar36": {
        "error": 0.0003946406608148562, 
        "filter_outliers_dict": {
            "filter_outliers": true, 
            "iterations": 1, 
            "std_devs": 2
        }, 
        "fit": "Linear", 
        "value": 0.03232880308777786
    }, 
    "Ar37": {
        "error": 0.01053556419179429, 
        "filter_outliers_dict": {
            "filter_outliers": true, 
            "iterations": 1, 
            "std_devs": 2
        }, 
        "fit": "linear", 
        "value": 0.29045022229656775
    }, 
    "Ar38": {
        "error": 0.004928416452002608, 
        "filter_outliers_dict": {
            "filter_outliers": true, 
            "iterations": 1, 
            "std_devs": 2
        }, 
        "fit": "linear", 
        "value": 0.29925772187083
    }, 
    "Ar39": {
        "error": 0.015582574623945352, 
        "filter_outliers_dict": {
            "filter_outliers": true, 
            "iterations": 1, 
            "std_devs": 2
        }, 
        "fit": "Linear", 
        "value": 22.506422564461793
    }, 
    "Ar40": {
        "error": 0.03992525421012272, 
        "filter_outliers_dict": {
            "filter_outliers": true, 
            "iterations": 1, 
            "std_devs": 2
        }, 
        "fit": "Linear", 
        "value": 214.55843833704344
    }, 
    "Ar41": {
        "error": 0.0051706538929952, 
        "filter_outliers_dict": {
            "filter_outliers": true, 
            "iterations": 1, 
            "std_devs": 2
        }, 
        "fit": "Average", 
        "value": 0.09158829219053397
    }
}