{
    "Ar36": {
        "error": 0.00041376753012975585, 
        "filter_outliers_dict": {
            "filter_outliers": true, 
            "iterations": 1, 
            "std_devs": 2
        }, 
        "fit": "Linear", 
        "value": 0.021046511662693026
    }, 
    "Ar37": {
        "error": 0.010389104794561918, 
        "filter_outliers_dict": {
            "filter_outliers": true, 
            "iterations": 1, 
            "std_devs": 2
        }, 
        "fit": "linear", 
        "value": 0.9771632272026122
    }, 
    "Ar38": {
        "error": 0.00665500691210101, 
        "filter_outliers_dict": {
            "filter_outliers": true, 
            "iterations": 1, 
            "std_devs": 2
        }, 
        "fit": "linear", 
        "value": 1.8507407905285838
    }, 
    "Ar39": {
        "error": 0.036328768692265714, 
        "filter_outliers_dict": {
            "filter_outliers": true, 
            "iterations": 1, 
            "std_devs": 2
        }, 
        "fit": "Linear", 
        "value": 140.7929582246427
    }, 
    "Ar40": {
        "error": 0.14186561716598012, 
        "filter_outliers_dict": {
            "filter_outliers": true, 
            "iterations": 1, 
            "std_devs": 2
        }, 
        "fit": "Linear", 
        "value": 935.3170685502788
    }, 
    "Ar41": {
        "error": 0.00424510853427867, 
        "filter_outliers_dict": {
            "filter_outliers": true, 
            "iterations": 1, 
            "std_devs": 2
        }, 
        "fit": "Average", 
        "value": 0.13602732146969904
    }
}