{
    "Ar36": {
        "error": 0.0003670839307068045, 
        "filter_outliers_dict": {
            "filter_outliers": true, 
            "iterations": 1, 
            "std_devs": 2
        }, 
        "fit": "Linear", 
        "value": 0.014621153550201584
    }, 
    "Ar37": {
        "error": 0.010203986752056, 
        "filter_outliers_dict": {
            "filter_outliers": true, 
            "iterations": 1, 
            "std_devs": 2
        }, 
        "fit": "linear", 
        "value": 0.4659673490731132
    }, 
    "Ar38": {
        "error": 0.005549150601141879, 
        "filter_outliers_dict": {
            "filter_outliers": true, 
            "iterations": 1, 
            "std_devs": 2
        }, 
        "fit": "linear", 
        "value": 0.9699820364425089
    }, 
    "Ar39": {
        "error": 0.021980225417204232, 
        "filter_outliers_dict": {
            "filter_outliers": true, 
            "iterations": 1, 
            "std_devs": 2
        }, 
        "fit": "Linear", 
        "value": 73.61456796289447
    }, 
    "Ar40": {
        "error": 0.1552995521538736, 
        "filter_outliers_dict": {
            "filter_outliers": true, 
            "iterations": 1, 
            "std_devs": 2
        }, 
        "fit": "Linear", 
        "value": 1331.1968145727362
    }, 
    "Ar41": {
        "error": 0.004474008671808168, 
        "filter_outliers_dict": {
            "filter_outliers": true, 
            "iterations": 1, 
            "std_devs": 2
        }, 
        "fit": "Average", 
        "value": 0.16100478886776895
    }
}