{
    "Ar36": {
        "error": 0.00011815873013530832, 
        "filter_outliers_dict": {
            "filter_outliers": true, 
            "iterations": 1, 
            "std_devs": 2
        }, 
        "fit": "Linear", 
        "value": 0.0019761020146415336
    }, 
    "Ar37": {
        "error": 0.009489421980389963, 
        "filter_outliers_dict": {
            "filter_outliers": true, 
            "iterations": 1, 
            "std_devs": 2
        }, 
        "fit": "linear", 
        "value": 0.15987576646552135
    }, 
    "Ar38": {
        "error": 0.003433678093727146, 
        "filter_outliers_dict": {
            "filter_outliers": true, 
            "iterations": 1, 
            "std_devs": 2
        }, 
        "fit": "linear", 
        "value": 0.03214114122567746
    }, 
    "Ar39": {
        "error": 0.009263893290462356, 
        "filter_outliers_dict": {
            "filter_outliers": true, 
            "iterations": 1, 
            "std_devs": 2
        }, 
        "fit": "Linear", 
        "value": 3.5300627757140925
    }, 
    "Ar40": {
        "error": 0.12009432154062713, 
        "filter_outliers_dict": {
            "filter_outliers": true, 
            "iterations": 1, 
            "std_devs": 2
        }, 
        "fit": "Linear", 
        "value": 1343.0643922217537
    }, 
    "Ar41": {
        "error": 0.004127149306826791, 
        "filter_outliers_dict": {
            "filter_outliers": true, 
            "iterations": 1, 
            "std_devs": 2
        }, 
        "fit": "Average", 
        "value": 0.14288131351783848
    }
}