{
    "Ar36": {
        "error": 0.0005416113703166117, 
        "filter_outliers_dict": {
            "filter_outliers": true, 
            "iterations": 1, 
            "std_devs": 2
        }, 
        "fit": "Linear", 
        "value": 0.04388515432627883
    }, 
    "Ar37": {
        "error": 0.010586104759278195, 
        "filter_outliers_dict": {
            "filter_outliers": true, 
            "iterations": 1, 
            "std_devs": 2
        }, 
        "fit": "linear", 
        "value": 0.4014525587606875
    }, 
    "Ar38": {
        "error": 0.005209242457195172, 
        "filter_outliers_dict": {
            "filter_outliers": true, 
            "iterations": 1, 
            "std_devs": 2
        }, 
        "fit": "linear", 
        "value": 0.9402634601819897
    }, 
    "Ar39": {
        "error": 0.024759636320221146, 
        "filter_outliers_dict": {
            "filter_outliers": true, 
            "iterations": 1, 
            "std_devs": 2
        }, 
        "fit": "Linear", 
        "value": 71.84241122709216
    }, 
    "Ar40": {
        "error": 0.10424515966141072, 
        "filter_outliers_dict": {
            "filter_outliers": true, 
            "iterations": 1, 
            "std_devs": 2
        }, 
        "fit": "Linear", 
        "value": 712.6452874319823
    }, 
    "Ar41": {
        "error": 0.005057101233302705, 
        "filter_outliers_dict": {
            "filter_outliers": true, 
            "iterations": 1, 
            "std_devs": 2
        }, 
        "fit": "Average", 
        "value": 0.12550517637778857
    }
}