{
    "Ar36": {
        "error": 0.0004994120667468541, 
        "filter_outliers_dict": {
            "filter_outliers": true, 
            "iterations": 1, 
            "std_devs": 2
        }, 
        "fit": "Linear", 
        "value": 0.041388372683867386
    }, 
    "Ar37": {
        "error": 0.011841043696758492, 
        "filter_outliers_dict": {
            "filter_outliers": true, 
            "iterations": 1, 
            "std_devs": 2
        }, 
        "fit": "linear", 
        "value": 0.5583535959515874
    }, 
    "Ar38": {
        "error": 0.005790548854410277, 
        "filter_outliers_dict": {
            "filter_outliers": true, 
            "iterations": 1, 
            "std_devs": 2
        }, 
        "fit": "linear", 
        "value": 1.0953551051045696
    }, 
    "Ar39": {
        "error": 0.02242580714427979, 
        "filter_outliers_dict": {
            "filter_outliers": true, 
            "iterations": 1, 
            "std_devs": 2
        }, 
        "fit": "Linear", 
        "value": 82.87581307468975
    }, 
    "Ar40": {
        "error": 0.0955927432442321, 
        "filter_outliers_dict": {
            "filter_outliers": true, 
            "iterations": 1, 
            "std_devs": 2
        }, 
        "fit": "Linear", 
        "value": 603.6736210593785
    }, 
    "Ar41": {
        "error": 0.004982957507811472, 
        "filter_outliers_dict": {
            "filter_outliers": true, 
            "iterations": 1, 
            "std_devs": 2
        }, 
        "fit": "Average", 
        "value": 0.10371836303581587
    }
}