{
    "Ar36": {
        "error": 0.000449254831692665, 
        "filter_outliers_dict": {
            "filter_outliers": true, 
            "iterations": 1, 
            "std_devs": 2
        }, 
        "fit": "Linear", 
        "value": 0.03087636508849006
    }, 
    "Ar37": {
        "error": 0.0111317286729108, 
        "filter_outliers_dict": {
            "filter_outliers": true, 
            "iterations": 1, 
            "std_devs": 2
        }, 
        "fit": "linear", 
        "value": 0.9374384540668993
    }, 
    "Ar38": {
        "error": 0.00646326114257622, 
        "filter_outliers_dict": {
            "filter_outliers": true, 
            "iterations": 1, 
            "std_devs": 2
        }, 
        "fit": "linear", 
        "value": 1.9098251612614132
    }, 
    "Ar39": {
        "error": 0.027985786178472322, 
        "filter_outliers_dict": {
            "filter_outliers": true, 
            "iterations": 1, 
            "std_devs": 2
        }, 
        "fit": "Linear", 
        "value": 143.92035152460244
    }, 
    "Ar40": {
        "error": 0.12172759729845553, 
        "filter_outliers_dict": {
            "filter_outliers": true, 
            "iterations": 1, 
            "std_devs": 2
        }, 
        "fit": "Linear", 
        "value": 957.6945151888605
    }, 
    "Ar41": {
        "error": 0.004945661725310417, 
        "filter_outliers_dict": {
            "filter_outliers": true, 
            "iterations": 1, 
            "std_devs": 2
        }, 
        "fit": "Average", 
        "value": 0.13022295731559091
    }
}