{
    "Ar36": {
        "error": 0.00029250053515122873, 
        "filter_outliers_dict": {
            "filter_outliers": true, 
            "iterations": 1, 
            "std_devs": 2
        }, 
        "fit": "Linear", 
        "value": 0.012597705867446195
    }, 
    "Ar37": {
        "error": 0.012124124752058828, 
        "filter_outliers_dict": {
            "filter_outliers": true, 
            "iterations": 1, 
            "std_devs": 2
        }, 
        "fit": "linear", 
        "value": 1.6797764699502853
    }, 
    "Ar38": {
        "error": 0.005020140810317961, 
        "filter_outliers_dict": {
            "filter_outliers": true, 
            "iterations": 1, 
            "std_devs": 2
        }, 
        "fit": "linear", 
        "value": 1.5404634922654363
    }, 
    "Ar39": {
        "error": 0.025973977028543836, 
        "filter_outliers_dict": {
            "filter_outliers": true, 
            "iterations": 1, 
            "std_devs": 2
        }, 
        "fit": "Linear", 
        "value": 118.1929135604631
    }, 
    "Ar40": {
        "error": 0.14629316730064765, 
        "filter_outliers_dict": {
            "filter_outliers": true, 
            "iterations": 1, 
            "std_devs": 2
        }, 
        "fit": "Linear", 
        "value": 1099.77414012923
    }, 
    "Ar41": {
        "error": 0.004341598571672942, 
        "filter_outliers_dict": {
            "filter_outliers": true, 
            "iterations": 1, 
            "std_devs": 2
        }, 
        "fit": "Average", 
        "value": 0.1426412313361233
    }
}