{
    "Ar36": {
        "error": 0.0005646463960418978, 
        "filter_outliers_dict": {
            "filter_outliers": true, 
            "iterations": 1, 
            "std_devs": 2
        }, 
        "fit": "Linear", 
        "value": 0.03941235265020433
    }, 
    "Ar37": {
        "error": 0.011711000652537119, 
        "filter_outliers_dict": {
            "filter_outliers": true, 
            "iterations": 1, 
            "std_devs": 2
        }, 
        "fit": "linear", 
        "value": 0.6192019555995121
    }, 
    "Ar38": {
        "error": 0.005239623274966794, 
        "filter_outliers_dict": {
            "filter_outliers": true, 
            "iterations": 1, 
            "std_devs": 2
        }, 
        "fit": "linear", 
        "value": 1.3627693165939128
    }, 
    "Ar39": {
        "error": 0.02320215125322268, 
        "filter_outliers_dict": {
            "filter_outliers": true, 
            "iterations": 1, 
            "std_devs": 2
        }, 
        "fit": "Linear", 
        "value": 103.42453372865408
    }, 
    "Ar40": {
        "error": 0.032270378624137196, 
        "filter_outliers_dict": {
            "filter_outliers": true, 
            "iterations": 1, 
            "std_devs": 2
        }, 
        "fit": "Linear", 
        "value": 201.67842768798363
    }, 
    "Ar41": {
        "error": 0.005037023162085947, 
        "filter_outliers_dict": {
            "filter_outliers": true, 
            "iterations": 1, 
            "std_devs": 2
        }, 
        "fit": "Average", 
        "value": 0.0970770415465625
    }
}