{
    "Ar36": {
        "error": 0.0005361179893427416, 
        "filter_outliers_dict": {
            "filter_outliers": true, 
            "iterations": 1, 
            "std_devs": 2
        }, 
        "fit": "Linear", 
        "value": 0.035849432217321606
    }, 
    "Ar37": {
        "error": 0.011107610106431222, 
        "filter_outliers_dict": {
            "filter_outliers": true, 
            "iterations": 1, 
            "std_devs": 2
        }, 
        "fit": "linear", 
        "value": 0.25250442211429713
    }, 
    "Ar38": {
        "error": 0.004147778637000938, 
        "filter_outliers_dict": {
            "filter_outliers": true, 
            "iterations": 1, 
            "std_devs": 2
        }, 
        "fit": "linear", 
        "value": 0.41461744222287866
    }, 
    "Ar39": {
        "error": 0.014686717788914283, 
        "filter_outliers_dict": {
            "filter_outliers": true, 
            "iterations": 1, 
            "std_devs": 2
        }, 
        "fit": "Linear", 
        "value": 30.85974403227772
    }, 
    "Ar40": {
        "error": 0.05115958513840894, 
        "filter_outliers_dict": {
            "filter_outliers": true, 
            "iterations": 1, 
            "std_devs": 2
        }, 
        "fit": "Linear", 
        "value": 309.81195108857645
    }, 
    "Ar41": {
        "error": 0.004803413471144468, 
        "filter_outliers_dict": {
            "filter_outliers": true, 
            "iterations": 1, 
            "std_devs": 2
        }, 
        "fit": "Average", 
        "value": 0.1075556605933788
    }
}