{
    "Ar36": {
        "error": 0.0007300602570852305, 
        "filter_outliers_dict": {
            "filter_outliers": true, 
            "iterations": 1, 
            "std_devs": 2
        }, 
        "fit": "Linear", 
        "value": 0.07993073808795036
    }, 
    "Ar37": {
        "error": 0.011556815119091101, 
        "filter_outliers_dict": {
            "filter_outliers": true, 
            "iterations": 1, 
            "std_devs": 2
        }, 
        "fit": "linear", 
        "value": 0.7108653244819504
    }, 
    "Ar38": {
        "error": 0.005860798822839959, 
        "filter_outliers_dict": {
            "filter_outliers": true, 
            "iterations": 1, 
            "std_devs": 2
        }, 
        "fit": "linear", 
        "value": 3.141542609273262
    }, 
    "Ar39": {
        "error": 0.03811924743768038, 
        "filter_outliers_dict": {
            "filter_outliers": true, 
            "iterations": 1, 
            "std_devs": 2
        }, 
        "fit": "Linear", 
        "value": 238.2445002235259
    }, 
    "Ar40": {
        "error": 0.27301636512567323, 
        "filter_outliers_dict": {
            "filter_outliers": true, 
            "iterations": 1, 
            "std_devs": 2
        }, 
        "fit": "Linear", 
        "value": 2359.515016886872
    }, 
    "Ar41": {
        "error": 0.004725240575466239, 
        "filter_outliers_dict": {
            "filter_outliers": true, 
            "iterations": 1, 
            "std_devs": 2
        }, 
        "fit": "Average", 
        "value": 0.20164479193683274
    }
}