{
    "Ar36": {
        "error": 0.0008300142903180878, 
        "filter_outliers_dict": {
            "filter_outliers": true, 
            "iterations": 1, 
            "std_devs": 2
        }, 
        "fit": "Linear", 
        "value": 0.11057853849452648
    }, 
    "Ar37": {
        "error": 0.010174753264981915, 
        "filter_outliers_dict": {
            "filter_outliers": true, 
            "iterations": 1, 
            "std_devs": 2
        }, 
        "fit": "linear", 
        "value": 0.8496208477152837
    }, 
    "Ar38": {
        "error": 0.0046258734733587705, 
        "filter_outliers_dict": {
            "filter_outliers": true, 
            "iterations": 1, 
            "std_devs": 2
        }, 
        "fit": "linear", 
        "value": 1.9302406238118088
    }, 
    "Ar39": {
        "error": 0.02844192969473719, 
        "filter_outliers_dict": {
            "filter_outliers": true, 
            "iterations": 1, 
            "std_devs": 2
        }, 
        "fit": "Linear", 
        "value": 146.51589411169292
    }, 
    "Ar40": {
        "error": 0.18533794151072452, 
        "filter_outliers_dict": {
            "filter_outliers": true, 
            "iterations": 1, 
            "std_devs": 2
        }, 
        "fit": "Linear", 
        "value": 1372.8039276926568
    }, 
    "Ar41": {
        "error": 0.004326348815787269, 
        "filter_outliers_dict": {
            "filter_outliers": true, 
            "iterations": 1, 
            "std_devs": 2
        }, 
        "fit": "Average", 
        "value": 0.15375305131548297
    }
}