{
    "Ar36": {
        "error": 0.00038899785955425896, 
        "filter_outliers_dict": {
            "filter_outliers": true, 
            "iterations": 1, 
            "std_devs": 2
        }, 
        "fit": "Linear", 
        "value": 0.020177545323453006
    }, 
    "Ar37": {
        "error": 0.00972467927203838, 
        "filter_outliers_dict": {
            "filter_outliers": true, 
            "iterations": 1, 
            "std_devs": 2
        }, 
        "fit": "linear", 
        "value": 0.5164235908047891
    }, 
    "Ar38": {
        "error": 0.005231076749305196, 
        "filter_outliers_dict": {
            "filter_outliers": true, 
            "iterations": 1, 
            "std_devs": 2
        }, 
        "fit": "linear", 
        "value": 0.9184237890582714
    }, 
    "Ar39": {
        "error": 0.018861101968080274, 
        "filter_outliers_dict": {
            "filter_outliers": true, 
            "iterations": 1, 
            "std_devs": 2
        }, 
        "fit": "Linear", 
        "value": 69.91375924855953
    }, 
    "Ar40": {
        "error": 0.08990022854930946, 
        "filter_outliers_dict": {
            "filter_outliers": true, 
            "iterations": 1, 
            "std_devs": 2
        }, 
        "fit": "Linear", 
        "value": 641.7529695698082
    }, 
    "Ar41": {
        "error": 0.004546191760023484, 
        "filter_outliers_dict": {
            "filter_outliers": true, 
            "iterations": 1, 
            "std_devs": 2
        }, 
        "fit": "Average", 
        "value": 0.12021603773625748
    }
}