{
    "Ar36": {
        "error": 0.000476458145340222, 
        "filter_outliers_dict": {
            "filter_outliers": true, 
            "iterations": 1, 
            "std_devs": 2
        }, 
        "fit": "Linear", 
        "value": 0.033387944514853836
    }, 
    "Ar37": {
        "error": 0.01234536795588504, 
        "filter_outliers_dict": {
            "filter_outliers": true, 
            "iterations": 1, 
            "std_devs": 2
        }, 
        "fit": "linear", 
        "value": 1.0085982371403777
    }, 
    "Ar38": {
        "error": 0.0055071054902647125, 
        "filter_outliers_dict": {
            "filter_outliers": true, 
            "iterations": 1, 
            "std_devs": 2
        }, 
        "fit": "linear", 
        "value": 1.8531846601476931
    }, 
    "Ar39": {
        "error": 0.030010927843326558, 
        "filter_outliers_dict": {
            "filter_outliers": true, 
            "iterations": 1, 
            "std_devs": 2
        }, 
        "fit": "Linear", 
        "value": 138.70475151148065
    }, 
    "Ar40": {
        "error": 0.16593143548005868, 
        "filter_outliers_dict": {
            "filter_outliers": true, 
            "iterations": 1, 
            "std_devs": 2
        }, 
        "fit": "Linear", 
        "value": 1270.2728882865613
    }, 
    "Ar41": {
        "error": 0.004731237515564763, 
        "filter_outliers_dict": {
            "filter_outliers": true, 
            "iterations": 1, 
            "std_devs": 2
        }, 
        "fit": "Average", 
        "value": 0.15100812279512224
    }
}