{
    "Ar36": {
        "error": 0.0006076967360004768, 
        "filter_outliers_dict": {
            "filter_outliers": true, 
            "iterations": 1, 
            "std_devs": 2
        }, 
        "fit": "Linear", 
        "value": 0.048397583333153714
    }, 
    "Ar37": {
        "error": 0.010401259484378611, 
        "filter_outliers_dict": {
            "filter_outliers": true, 
            "iterations": 1, 
            "std_devs": 2
        }, 
        "fit": "linear", 
        "value": 1.052824943988463
    }, 
    "Ar38": {
        "error": 0.0051243666936909215, 
        "filter_outliers_dict": {
            "filter_outliers": true, 
            "iterations": 1, 
            "std_devs": 2
        }, 
        "fit": "linear", 
        "value": 2.4783557428553387
    }, 
    "Ar39": {
        "error": 0.03349991643747121, 
        "filter_outliers_dict": {
            "filter_outliers": true, 
            "iterations": 1, 
            "std_devs": 2
        }, 
        "fit": "Linear", 
        "value": 188.84516991540988
    }, 
    "Ar40": {
        "error": 0.22854565731030296, 
        "filter_outliers_dict": {
            "filter_outliers": true, 
            "iterations": 1, 
            "std_devs": 2
        }, 
        "fit": "Linear", 
        "value": 1720.9624874655403
    }, 
    "Ar41": {
        "error": 0.005175205574472774, 
        "filter_outliers_dict": {
            "filter_outliers": true, 
            "iterations": 1, 
            "std_devs": 2
        }, 
        "fit": "Average", 
        "value": 0.17667157113193907
    }
}