{
    "Ar36": {
        "error": 0.00039697245975736466, 
        "filter_outliers_dict": {
            "filter_outliers": true, 
            "iterations": 1, 
            "std_devs": 2
        }, 
        "fit": "Linear", 
        "value": 0.024632707379420613
    }, 
    "Ar37": {
        "error": 0.011479228404303616, 
        "filter_outliers_dict": {
            "filter_outliers": true, 
            "iterations": 1, 
            "std_devs": 2
        }, 
        "fit": "linear", 
        "value": 0.5502742165879815
    }, 
    "Ar38": {
        "error": 0.0052021819885772515, 
        "filter_outliers_dict": {
            "filter_outliers": true, 
            "iterations": 1, 
            "std_devs": 2
        }, 
        "fit": "linear", 
        "value": 1.152530555088855
    }, 
    "Ar39": {
        "error": 0.027044027517136516, 
        "filter_outliers_dict": {
            "filter_outliers": true, 
            "iterations": 1, 
            "std_devs": 2
        }, 
        "fit": "Linear", 
        "value": 87.86350136380884
    }, 
    "Ar40": {
        "error": 0.12927911451464055, 
        "filter_outliers_dict": {
            "filter_outliers": true, 
            "iterations": 1, 
            "std_devs": 2
        }, 
        "fit": "Linear", 
        "value": 797.1342045133075
    }, 
    "Ar41": {
        "error": 0.0038141167648330955, 
        "filter_outliers_dict": {
            "filter_outliers": true, 
            "iterations": 1, 
            "std_devs": 2
        }, 
        "fit": "Average", 
        "value": 0.12263690489533931
    }
}