{
    "Ar36": {
        "error": 0.0005767538020408096, 
        "filter_outliers_dict": {
            "filter_outliers": true, 
            "iterations": 1, 
            "std_devs": 2
        }, 
        "fit": "Linear", 
        "value": 0.06029643021269556
    }, 
    "Ar37": {
        "error": 0.010452754851163907, 
        "filter_outliers_dict": {
            "filter_outliers": true, 
            "iterations": 1, 
            "std_devs": 2
        }, 
        "fit": "linear", 
        "value": 1.5179310033476472
    }, 
    "Ar38": {
        "error": 0.0050897504695555755, 
        "filter_outliers_dict": {
            "filter_outliers": true, 
            "iterations": 1, 
            "std_devs": 2
        }, 
        "fit": "linear", 
        "value": 1.3828210184004188
    }, 
    "Ar39": {
        "error": 0.02653652001623381, 
        "filter_outliers_dict": {
            "filter_outliers": true, 
            "iterations": 1, 
            "std_devs": 2
        }, 
        "fit": "Linear", 
        "value": 104.23719816610358
    }, 
    "Ar40": {
        "error": 0.13721764440337555, 
        "filter_outliers_dict": {
            "filter_outliers": true, 
            "iterations": 1, 
            "std_devs": 2
        }, 
        "fit": "Linear", 
        "value": 979.9398208537672
    }, 
    "Ar41": {
        "error": 0.0050646777431967, 
        "filter_outliers_dict": {
            "filter_outliers": true, 
            "iterations": 1, 
            "std_devs": 2
        }, 
        "fit": "Average", 
        "value": 0.1338439402395294
    }
}