{
    "Ar36": {
        "error": 0.0003216397443043521, 
        "filter_outliers_dict": {
            "filter_outliers": true, 
            "iterations": 1, 
            "std_devs": 2
        }, 
        "fit": "Linear", 
        "value": 0.01640903065870259
    }, 
    "Ar37": {
        "error": 0.011328653848372082, 
        "filter_outliers_dict": {
            "filter_outliers": true, 
            "iterations": 1, 
            "std_devs": 2
        }, 
        "fit": "linear", 
        "value": 0.9095401080529482
    }, 
    "Ar38": {
        "error": 0.005185957747811466, 
        "filter_outliers_dict": {
            "filter_outliers": true, 
            "iterations": 1, 
            "std_devs": 2
        }, 
        "fit": "linear", 
        "value": 1.6630245991435602
    }, 
    "Ar39": {
        "error": 0.028245449371411286, 
        "filter_outliers_dict": {
            "filter_outliers": true, 
            "iterations": 1, 
            "std_devs": 2
        }, 
        "fit": "Linear", 
        "value": 126.54478776604122
    }, 
    "Ar40": {
        "error": 0.14091114994005183, 
        "filter_outliers_dict": {
            "filter_outliers": true, 
            "iterations": 1, 
            "std_devs": 2
        }, 
        "fit": "Linear", 
        "value": 1146.461637442141
    }, 
    "Ar41": {
        "error": 0.00460462362806177, 
        "filter_outliers_dict": {
            "filter_outliers": true, 
            "iterations": 1, 
            "std_devs": 2
        }, 
        "fit": "Average", 
        "value": 0.1503939845579613
    }
}