{
    "Ar36": {
        "error": 0.00034635150585351555, 
        "filter_outliers_dict": {
            "filter_outliers": true, 
            "iterations": 1, 
            "std_devs": 2
        }, 
        "fit": "Linear", 
        "value": 0.024961247639898626
    }, 
    "Ar37": {
        "error": 0.010409867159140327, 
        "filter_outliers_dict": {
            "filter_outliers": true, 
            "iterations": 1, 
            "std_devs": 2
        }, 
        "fit": "linear", 
        "value": 0.7100929909897209
    }, 
    "Ar38": {
        "error": 0.004435915261900976, 
        "filter_outliers_dict": {
            "filter_outliers": true, 
            "iterations": 1, 
            "std_devs": 2
        }, 
        "fit": "linear", 
        "value": 1.371990889213635
    }, 
    "Ar39": {
        "error": 0.025423933874377733, 
        "filter_outliers_dict": {
            "filter_outliers": true, 
            "iterations": 1, 
            "std_devs": 2
        }, 
        "fit": "Linear", 
        "value": 103.62579891484057
    }, 
    "Ar40": {
        "error": 0.1155402179950932, 
        "filter_outliers_dict": {
            "filter_outliers": true, 
            "iterations": 1, 
            "std_devs": 2
        }, 
        "fit": "Linear", 
        "value": 939.6627993744818
    }, 
    "Ar41": {
        "error": 0.004204371669201248, 
        "filter_outliers_dict": {
            "filter_outliers": true, 
            "iterations": 1, 
            "std_devs": 2
        }, 
        "fit": "Average", 
        "value": 0.13775197764732972
    }
}