{
    "Ar36": {
        "error": 0.0004895059822150736, 
        "filter_outliers_dict": {
            "filter_outliers": true, 
            "iterations": 1, 
            "std_devs": 2
        }, 
        "fit": "Linear", 
        "value": 0.03687286562873954
    }, 
    "Ar37": {
        "error": 0.00930716901509979, 
        "filter_outliers_dict": {
            "filter_outliers": true, 
            "iterations": 1, 
            "std_devs": 2
        }, 
        "fit": "linear", 
        "value": 1.5634719188887467
    }, 
    "Ar38": {
        "error": 0.006086537932113127, 
        "filter_outliers_dict": {
            "filter_outliers": true, 
            "iterations": 1, 
            "std_devs": 2
        }, 
        "fit": "linear", 
        "value": 4.8228692111884515
    }, 
    "Ar39": {
        "error": 0.0518761225916786, 
        "filter_outliers_dict": {
            "filter_outliers": true, 
            "iterations": 1, 
            "std_devs": 2
        }, 
        "fit": "Linear", 
        "value": 365.9439440380364
    }, 
    "Ar40": {
        "error": 0.19450570530269834, 
        "filter_outliers_dict": {
            "filter_outliers": true, 
            "iterations": 1, 
            "std_devs": 2
        }, 
        "fit": "Linear", 
        "value": 2177.644665881806
    }, 
    "Ar41": {
        "error": 0.0044583247591623455, 
        "filter_outliers_dict": {
            "filter_outliers": true, 
            "iterations": 1, 
            "std_devs": 2
        }, 
        "fit": "Average", 
        "value": 0.1965847057836459
    }
}