{
    "Ar36": {
        "error": 0.0004377024859700431, 
        "filter_outliers_dict": {
            "filter_outliers": true, 
            "iterations": 1, 
            "std_devs": 2
        }, 
        "fit": "Linear", 
        "value": 0.022414407691704552
    }, 
    "Ar37": {
        "error": 0.01206557113739678, 
        "filter_outliers_dict": {
            "filter_outliers": true, 
            "iterations": 1, 
            "std_devs": 2
        }, 
        "fit": "linear", 
        "value": 0.43057508048764104
    }, 
    "Ar38": {
        "error": 0.006342441151899674, 
        "filter_outliers_dict": {
            "filter_outliers": true, 
            "iterations": 1, 
            "std_devs": 2
        }, 
        "fit": "linear", 
        "value": 1.0881079355226522
    }, 
    "Ar39": {
        "error": 0.02253940600589789, 
        "filter_outliers_dict": {
            "filter_outliers": true, 
            "iterations": 1, 
            "std_devs": 2
        }, 
        "fit": "Linear", 
        "value": 82.45043717130478
    }, 
    "Ar40": {
        "error": 0.0816665263058343, 
        "filter_outliers_dict": {
            "filter_outliers": true, 
            "iterations": 1, 
            "std_devs": 2
        }, 
        "fit": "Linear", 
        "value": 561.0866591424274
    }, 
    "Ar41": {
        "error": 0.00455237119602644, 
        "filter_outliers_dict": {
            "filter_outliers": true, 
            "iterations": 1, 
            "std_devs": 2
        }, 
        "fit": "Average", 
        "value": 0.10782942891064819
    }
}