{
    "Ar36": {
        "error": 0.000552988300169708, 
        "filter_outliers_dict": {
            "filter_outliers": true, 
            "iterations": 1, 
            "std_devs": 2
        }, 
        "fit": "Linear", 
        "value": 0.03454296730236289
    }, 
    "Ar37": {
        "error": 0.011634150352655548, 
        "filter_outliers_dict": {
            "filter_outliers": true, 
            "iterations": 1, 
            "std_devs": 2
        }, 
        "fit": "linear", 
        "value": 1.197631189100933
    }, 
    "Ar38": {
        "error": 0.004591955478175672, 
        "filter_outliers_dict": {
            "filter_outliers": true, 
            "iterations": 1, 
            "std_devs": 2
        }, 
        "fit": "linear", 
        "value": 2.7266734758564493
    }, 
    "Ar39": {
        "error": 0.032720718134184854, 
        "filter_outliers_dict": {
            "filter_outliers": true, 
            "iterations": 1, 
            "std_devs": 2
        }, 
        "fit": "Linear", 
        "value": 206.07461302764193
    }, 
    "Ar40": {
        "error": 0.2028148904746726, 
        "filter_outliers_dict": {
            "filter_outliers": true, 
            "iterations": 1, 
            "std_devs": 2
        }, 
        "fit": "Linear", 
        "value": 1869.3163815217001
    }, 
    "Ar41": {
        "error": 0.0047272812004410195, 
        "filter_outliers_dict": {
            "filter_outliers": true, 
            "iterations": 1, 
            "std_devs": 2
        }, 
        "fit": "Average", 
        "value": 0.1790474991816791
    }
}