{
    "Ar36": {
        "error": 0.00029322341577528454, 
        "filter_outliers_dict": {
            "filter_outliers": true, 
            "iterations": 1, 
            "std_devs": 2
        }, 
        "fit": "Linear", 
        "value": 0.01443586314878435
    }, 
    "Ar37": {
        "error": 0.011928200106171785, 
        "filter_outliers_dict": {
            "filter_outliers": true, 
            "iterations": 1, 
            "std_devs": 2
        }, 
        "fit": "linear", 
        "value": 0.8228045931901763
    }, 
    "Ar38": {
        "error": 0.005373401456739887, 
        "filter_outliers_dict": {
            "filter_outliers": true, 
            "iterations": 1, 
            "std_devs": 2
        }, 
        "fit": "linear", 
        "value": 1.9958564192986648
    }, 
    "Ar39": {
        "error": 0.02725885730252382, 
        "filter_outliers_dict": {
            "filter_outliers": true, 
            "iterations": 1, 
            "std_devs": 2
        }, 
        "fit": "Linear", 
        "value": 152.2778959891159
    }, 
    "Ar40": {
        "error": 0.158639629409166, 
        "filter_outliers_dict": {
            "filter_outliers": true, 
            "iterations": 1, 
            "std_devs": 2
        }, 
        "fit": "Linear", 
        "value": 1377.7176034623346
    }, 
    "Ar41": {
        "error": 0.004816003220695866, 
        "filter_outliers_dict": {
            "filter_outliers": true, 
            "iterations": 1, 
            "std_devs": 2
        }, 
        "fit": "Average", 
        "value": 0.14168231075660034
    }
}