{
    "Ar36": {
        "error": 0.0006075982268839149, 
        "filter_outliers_dict": {
            "filter_outliers": true, 
            "iterations": 1, 
            "std_devs": 2
        }, 
        "fit": "Linear", 
        "value": 0.05970613446073962
    }, 
    "Ar37": {
        "error": 0.012091204802824164, 
        "filter_outliers_dict": {
            "filter_outliers": true, 
            "iterations": 1, 
            "std_devs": 2
        }, 
        "fit": "linear", 
        "value": 1.2821921348552103
    }, 
    "Ar38": {
        "error": 0.005964966325325031, 
        "filter_outliers_dict": {
            "filter_outliers": true, 
            "iterations": 1, 
            "std_devs": 2
        }, 
        "fit": "linear", 
        "value": 2.6721035856096607
    }, 
    "Ar39": {
        "error": 0.0409131034423398, 
        "filter_outliers_dict": {
            "filter_outliers": true, 
            "iterations": 1, 
            "std_devs": 2
        }, 
        "fit": "Linear", 
        "value": 201.6665838586198
    }, 
    "Ar40": {
        "error": 0.16251236796320004, 
        "filter_outliers_dict": {
            "filter_outliers": true, 
            "iterations": 1, 
            "std_devs": 2
        }, 
        "fit": "Linear", 
        "value": 1327.9987861815302
    }, 
    "Ar41": {
        "error": 0.004437544552851745, 
        "filter_outliers_dict": {
            "filter_outliers": true, 
            "iterations": 1, 
            "std_devs": 2
        }, 
        "fit": "Average", 
        "value": 0.13953708945427973
    }
}