{
    "Ar36": {
        "error": 0.0005228589611891518, 
        "filter_outliers_dict": {
            "filter_outliers": true, 
            "iterations": 1, 
            "std_devs": 2
        }, 
        "fit": "Linear", 
        "value": 0.04721965115559572
    }, 
    "Ar37": {
        "error": 0.012238353225679947, 
        "filter_outliers_dict": {
            "filter_outliers": true, 
            "iterations": 1, 
            "std_devs": 2
        }, 
        "fit": "linear", 
        "value": 0.3038558800139189
    }, 
    "Ar38": {
        "error": 0.004280110811755904, 
        "filter_outliers_dict": {
            "filter_outliers": true, 
            "iterations": 1, 
            "std_devs": 2
        }, 
        "fit": "linear", 
        "value": 0.5188605993428602
    }, 
    "Ar39": {
        "error": 0.01724285282493913, 
        "filter_outliers_dict": {
            "filter_outliers": true, 
            "iterations": 1, 
            "std_devs": 2
        }, 
        "fit": "Linear", 
        "value": 38.02379263609011
    }, 
    "Ar40": {
        "error": 0.055646294748465316, 
        "filter_outliers_dict": {
            "filter_outliers": true, 
            "iterations": 1, 
            "std_devs": 2
        }, 
        "fit": "Linear", 
        "value": 374.8624912433619
    }, 
    "Ar41": {
        "error": 0.0043388166793498495, 
        "filter_outliers_dict": {
            "filter_outliers": true, 
            "iterations": 1, 
            "std_devs": 2
        }, 
        "fit": "Average", 
        "value": 0.11051646545266315
    }
}