{
    "Ar36": {
        "error": 0.000301934682252232, 
        "filter_outliers_dict": {
            "filter_outliers": true, 
            "iterations": 1, 
            "std_devs": 2
        }, 
        "fit": "Linear", 
        "value": 0.015470612771137994
    }, 
    "Ar37": {
        "error": 0.010331498863936417, 
        "filter_outliers_dict": {
            "filter_outliers": true, 
            "iterations": 1, 
            "std_devs": 2
        }, 
        "fit": "linear", 
        "value": 0.6941448452898135
    }, 
    "Ar38": {
        "error": 0.0047205186451632734, 
        "filter_outliers_dict": {
            "filter_outliers": true, 
            "iterations": 1, 
            "std_devs": 2
        }, 
        "fit": "linear", 
        "value": 1.2413036405653424
    }, 
    "Ar39": {
        "error": 0.023995389587922654, 
        "filter_outliers_dict": {
            "filter_outliers": true, 
            "iterations": 1, 
            "std_devs": 2
        }, 
        "fit": "Linear", 
        "value": 94.66504050142746
    }, 
    "Ar40": {
        "error": 0.10673868743664186, 
        "filter_outliers_dict": {
            "filter_outliers": true, 
            "iterations": 1, 
            "std_devs": 2
        }, 
        "fit": "Linear", 
        "value": 854.987512339488
    }, 
    "Ar41": {
        "error": 0.004948246852571824, 
        "filter_outliers_dict": {
            "filter_outliers": true, 
            "iterations": 1, 
            "std_devs": 2
        }, 
        "fit": "Average", 
        "value": 0.10223168859209666
    }
}