{
    "Ar36": {
        "error": 0.0003764802469942853, 
        "filter_outliers_dict": {
            "filter_outliers": true, 
            "iterations": 1, 
            "std_devs": 2
        }, 
        "fit": "Linear", 
        "value": 0.02170646058708113
    }, 
    "Ar37": {
        "error": 0.011541447071609175, 
        "filter_outliers_dict": {
            "filter_outliers": true, 
            "iterations": 1, 
            "std_devs": 2
        }, 
        "fit": "linear", 
        "value": 0.3694482455026792
    }, 
    "Ar38": {
        "error": 0.004749020570202848, 
        "filter_outliers_dict": {
            "filter_outliers": true, 
            "iterations": 1, 
            "std_devs": 2
        }, 
        "fit": "linear", 
        "value": 0.8799268860030607
    }, 
    "Ar39": {
        "error": 0.02091178678400445, 
        "filter_outliers_dict": {
            "filter_outliers": true, 
            "iterations": 1, 
            "std_devs": 2
        }, 
        "fit": "Linear", 
        "value": 67.2798567018316
    }, 
    "Ar40": {
        "error": 0.060649536401497624, 
        "filter_outliers_dict": {
            "filter_outliers": true, 
            "iterations": 1, 
            "std_devs": 2
        }, 
        "fit": "Linear", 
        "value": 425.5971503444323
    }, 
    "Ar41": {
        "error": 0.004889973487666308, 
        "filter_outliers_dict": {
            "filter_outliers": true, 
            "iterations": 1, 
            "std_devs": 2
        }, 
        "fit": "Average", 
        "value": 0.09378932456741948
    }
}