{
    "Ar36": {
        "error": 0.00033299760575564955, 
        "filter_outliers_dict": {
            "filter_outliers": true, 
            "iterations": 1, 
            "std_devs": 2
        }, 
        "fit": "Linear", 
        "value": 0.01647074166251858
    }, 
    "Ar37": {
        "error": 0.009358284139652924, 
        "filter_outliers_dict": {
            "filter_outliers": true, 
            "iterations": 1, 
            "std_devs": 2
        }, 
        "fit": "linear", 
        "value": 0.48888664188016373
    }, 
    "Ar38": {
        "error": 0.005311824351491229, 
        "filter_outliers_dict": {
            "filter_outliers": true, 
            "iterations": 1, 
            "std_devs": 2
        }, 
        "fit": "linear", 
        "value": 0.9526908362053869
    }, 
    "Ar39": {
        "error": 0.01848654397680837, 
        "filter_outliers_dict": {
            "filter_outliers": true, 
            "iterations": 1, 
            "std_devs": 2
        }, 
        "fit": "Linear", 
        "value": 72.16926828182822
    }, 
    "Ar40": {
        "error": 0.07436998066387215, 
        "filter_outliers_dict": {
            "filter_outliers": true, 
            "iterations": 1, 
            "std_devs": 2
        }, 
        "fit": "Linear", 
        "value": 639.1885700791844
    }, 
    "Ar41": {
        "error": 0.004466115747410507, 
        "filter_outliers_dict": {
            "filter_outliers": true, 
            "iterations": 1, 
            "std_devs": 2
        }, 
        "fit": "Average", 
        "value": 0.11972876826803114
    }
}