{
    "Ar36": {
        "error": 0.00044781643396638184, 
        "filter_outliers_dict": {
            "filter_outliers": true, 
            "iterations": 1, 
            "std_devs": 2
        }, 
        "fit": "Linear", 
        "value": 0.033983260532786275
    }, 
    "Ar37": {
        "error": 0.010144407271009978, 
        "filter_outliers_dict": {
            "filter_outliers": true, 
            "iterations": 1, 
            "std_devs": 2
        }, 
        "fit": "linear", 
        "value": 1.0331617036539253
    }, 
    "Ar38": {
        "error": 0.006110727325448384, 
        "filter_outliers_dict": {
            "filter_outliers": true, 
            "iterations": 1, 
            "std_devs": 2
        }, 
        "fit": "linear", 
        "value": 2.431776355351421
    }, 
    "Ar39": {
        "error": 0.027993311708981568, 
        "filter_outliers_dict": {
            "filter_outliers": true, 
            "iterations": 1, 
            "std_devs": 2
        }, 
        "fit": "Linear", 
        "value": 182.84234035061294
    }, 
    "Ar40": {
        "error": 0.14437119794313075, 
        "filter_outliers_dict": {
            "filter_outliers": true, 
            "iterations": 1, 
            "std_devs": 2
        }, 
        "fit": "Linear", 
        "value": 1215.4440345019693
    }, 
    "Ar41": {
        "error": 0.004964113356652832, 
        "filter_outliers_dict": {
            "filter_outliers": true, 
            "iterations": 1, 
            "std_devs": 2
        }, 
        "fit": "Average", 
        "value": 0.14527421057769854
    }
}