{
    "Ar36": {
        "error": 0.0009864624058946573, 
        "filter_outliers_dict": {
            "filter_outliers": true, 
            "iterations": 1, 
            "std_devs": 2
        }, 
        "fit": "Linear", 
        "value": 0.15811054048257933
    }, 
    "Ar37": {
        "error": 0.012606330485057493, 
        "filter_outliers_dict": {
            "filter_outliers": true, 
            "iterations": 1, 
            "std_devs": 2
        }, 
        "fit": "linear", 
        "value": 1.139190678587415
    }, 
    "Ar38": {
        "error": 0.004299818668820812, 
        "filter_outliers_dict": {
            "filter_outliers": true, 
            "iterations": 1, 
            "std_devs": 2
        }, 
        "fit": "linear", 
        "value": 1.1583297920726903
    }, 
    "Ar39": {
        "error": 0.02228078523005848, 
        "filter_outliers_dict": {
            "filter_outliers": true, 
            "iterations": 1, 
            "std_devs": 2
        }, 
        "fit": "Linear", 
        "value": 86.57149593541706
    }, 
    "Ar40": {
        "error": 0.05529652153761401, 
        "filter_outliers_dict": {
            "filter_outliers": true, 
            "iterations": 1, 
            "std_devs": 2
        }, 
        "fit": "Linear", 
        "value": 452.9945750367421
    }, 
    "Ar41": {
        "error": 0.0038945345814508678, 
        "filter_outliers_dict": {
            "filter_outliers": true, 
            "iterations": 1, 
            "std_devs": 2
        }, 
        "fit": "Average", 
        "value": 0.10520401759211365
    }
}