{
    "Ar36": {
        "error": 0.0003480135433612524, 
        "filter_outliers_dict": {
            "filter_outliers": true, 
            "iterations": 1, 
            "std_devs": 2
        }, 
        "fit": "Linear", 
        "value": 0.01625561312630993
    }, 
    "Ar37": {
        "error": 0.010206241639554605, 
        "filter_outliers_dict": {
            "filter_outliers": true, 
            "iterations": 1, 
            "std_devs": 2
        }, 
        "fit": "linear", 
        "value": 0.7671408900104786
    }, 
    "Ar38": {
        "error": 0.005783471626417254, 
        "filter_outliers_dict": {
            "filter_outliers": true, 
            "iterations": 1, 
            "std_devs": 2
        }, 
        "fit": "linear", 
        "value": 0.8736573262560355
    }, 
    "Ar39": {
        "error": 0.019697948074607514, 
        "filter_outliers_dict": {
            "filter_outliers": true, 
            "iterations": 1, 
            "std_devs": 2
        }, 
        "fit": "Linear", 
        "value": 66.7936978261174
    }, 
    "Ar40": {
        "error": 0.05813565914294007, 
        "filter_outliers_dict": {
            "filter_outliers": true, 
            "iterations": 1, 
            "std_devs": 2
        }, 
        "fit": "Linear", 
        "value": 392.7140395818117
    }, 
    "Ar41": {
        "error": 0.004934332650367898, 
        "filter_outliers_dict": {
            "filter_outliers": true, 
            "iterations": 1, 
            "std_devs": 2
        }, 
        "fit": "Average", 
        "value": 0.09604474376936568
    }
}