{
    "Ar36": {
        "error": 0.0005311316381902553, 
        "filter_outliers_dict": {
            "filter_outliers": true, 
            "iterations": 1, 
            "std_devs": 2
        }, 
        "fit": "Linear", 
        "value": 0.04944322806467194
    }, 
    "Ar37": {
        "error": 0.008914877216828817, 
        "filter_outliers_dict": {
            "filter_outliers": true, 
            "iterations": 1, 
            "std_devs": 2
        }, 
        "fit": "linear", 
        "value": 0.5345036177206661
    }, 
    "Ar38": {
        "error": 0.004762319616521929, 
        "filter_outliers_dict": {
            "filter_outliers": true, 
            "iterations": 1, 
            "std_devs": 2
        }, 
        "fit": "linear", 
        "value": 1.2343893867491045
    }, 
    "Ar39": {
        "error": 0.02294628006688021, 
        "filter_outliers_dict": {
            "filter_outliers": true, 
            "iterations": 1, 
            "std_devs": 2
        }, 
        "fit": "Linear", 
        "value": 92.62450553114915
    }, 
    "Ar40": {
        "error": 0.028749756519562106, 
        "filter_outliers_dict": {
            "filter_outliers": true, 
            "iterations": 1, 
            "std_devs": 2
        }, 
        "fit": "Linear", 
        "value": 184.38165557417844
    }, 
    "Ar41": {
        "error": 0.004802499974088792, 
        "filter_outliers_dict": {
            "filter_outliers": true, 
            "iterations": 1, 
            "std_devs": 2
        }, 
        "fit": "Average", 
        "value": 0.08244304867976616
    }
}