{
    "Ar36": {
        "error": 0.0005166337340056093, 
        "filter_outliers_dict": {
            "filter_outliers": true, 
            "iterations": 1, 
            "std_devs": 2
        }, 
        "fit": "Linear", 
        "value": 0.0301016584195494
    }, 
    "Ar37": {
        "error": 0.011378601263435647, 
        "filter_outliers_dict": {
            "filter_outliers": true, 
            "iterations": 1, 
            "std_devs": 2
        }, 
        "fit": "linear", 
        "value": 2.2069816482726137
    }, 
    "Ar38": {
        "error": 0.005782896791573672, 
        "filter_outliers_dict": {
            "filter_outliers": true, 
            "iterations": 1, 
            "std_devs": 2
        }, 
        "fit": "linear", 
        "value": 4.664348099280819
    }, 
    "Ar39": {
        "error": 0.05104778641984545, 
        "filter_outliers_dict": {
            "filter_outliers": true, 
            "iterations": 1, 
            "std_devs": 2
        }, 
        "fit": "Linear", 
        "value": 352.38317793920123
    }, 
    "Ar40": {
        "error": 0.3778906772482993, 
        "filter_outliers_dict": {
            "filter_outliers": true, 
            "iterations": 1, 
            "std_devs": 2
        }, 
        "fit": "Linear", 
        "value": 3189.846237444749
    }, 
    "Ar41": {
        "error": 0.004573035698985396, 
        "filter_outliers_dict": {
            "filter_outliers": true, 
            "iterations": 1, 
            "std_devs": 2
        }, 
        "fit": "Average", 
        "value": 0.2361148201630099
    }
}