{
    "Ar36": {
        "error": 0.000318566037204407, 
        "filter_outliers_dict": {
            "filter_outliers": true, 
            "iterations": 1, 
            "std_devs": 2
        }, 
        "fit": "Linear", 
        "value": 0.0142170009503608
    }, 
    "Ar37": {
        "error": 0.010681975644848738, 
        "filter_outliers_dict": {
            "filter_outliers": true, 
            "iterations": 1, 
            "std_devs": 2
        }, 
        "fit": "linear", 
        "value": 0.20515627742713305
    }, 
    "Ar38": {
        "error": 0.004461289681833807, 
        "filter_outliers_dict": {
            "filter_outliers": true, 
            "iterations": 1, 
            "std_devs": 2
        }, 
        "fit": "linear", 
        "value": 0.13484591398367685
    }, 
    "Ar39": {
        "error": 0.013938523912576042, 
        "filter_outliers_dict": {
            "filter_outliers": true, 
            "iterations": 1, 
            "std_devs": 2
        }, 
        "fit": "Linear", 
        "value": 9.353843478306981
    }, 
    "Ar40": {
        "error": 0.016484972518536326, 
        "filter_outliers_dict": {
            "filter_outliers": true, 
            "iterations": 1, 
            "std_devs": 2
        }, 
        "fit": "Linear", 
        "value": 86.67007718465075
    }, 
    "Ar41": {
        "error": 0.005107839037844443, 
        "filter_outliers_dict": {
            "filter_outliers": true, 
            "iterations": 1, 
            "std_devs": 2
        }, 
        "fit": "Average", 
        "value": 0.07402587744552573
    }
}