{
    "Ar36": {
        "error": 0.0005032560418047431, 
        "filter_outliers_dict": {
            "filter_outliers": true, 
            "iterations": 1, 
            "std_devs": 2
        }, 
        "fit": "Linear", 
        "value": 0.03907160906195292
    }, 
    "Ar37": {
        "error": 0.010361743792767828, 
        "filter_outliers_dict": {
            "filter_outliers": true, 
            "iterations": 1, 
            "std_devs": 2
        }, 
        "fit": "linear", 
        "value": 0.41355219496532436
    }, 
    "Ar38": {
        "error": 0.005469872824685019, 
        "filter_outliers_dict": {
            "filter_outliers": true, 
            "iterations": 1, 
            "std_devs": 2
        }, 
        "fit": "linear", 
        "value": 1.620994276466912
    }, 
    "Ar39": {
        "error": 0.025373500776425167, 
        "filter_outliers_dict": {
            "filter_outliers": true, 
            "iterations": 1, 
            "std_devs": 2
        }, 
        "fit": "Linear", 
        "value": 121.58433883473589
    }, 
    "Ar40": {
        "error": 0.20652010224194176, 
        "filter_outliers_dict": {
            "filter_outliers": true, 
            "iterations": 1, 
            "std_devs": 2
        }, 
        "fit": "Linear", 
        "value": 1619.6924179440625
    }, 
    "Ar41": {
        "error": 0.00482418254048614, 
        "filter_outliers_dict": {
            "filter_outliers": true, 
            "iterations": 1, 
            "std_devs": 2
        }, 
        "fit": "Average", 
        "value": 0.16971626506226045
    }
}