{
    "Ar36": {
        "error": 0.000592760756402875, 
        "filter_outliers_dict": {
            "filter_outliers": true, 
            "iterations": 1, 
            "std_devs": 2
        }, 
        "fit": "Linear", 
        "value": 0.047525169910682605
    }, 
    "Ar37": {
        "error": 0.010505249285275214, 
        "filter_outliers_dict": {
            "filter_outliers": true, 
            "iterations": 1, 
            "std_devs": 2
        }, 
        "fit": "linear", 
        "value": 0.9185730215728746
    }, 
    "Ar38": {
        "error": 0.0045273230800916935, 
        "filter_outliers_dict": {
            "filter_outliers": true, 
            "iterations": 1, 
            "std_devs": 2
        }, 
        "fit": "linear", 
        "value": 2.100299146263228
    }, 
    "Ar39": {
        "error": 0.030227199076867536, 
        "filter_outliers_dict": {
            "filter_outliers": true, 
            "iterations": 1, 
            "std_devs": 2
        }, 
        "fit": "Linear", 
        "value": 159.18386113601449
    }, 
    "Ar40": {
        "error": 0.115895226871491, 
        "filter_outliers_dict": {
            "filter_outliers": true, 
            "iterations": 1, 
            "std_devs": 2
        }, 
        "fit": "Linear", 
        "value": 1071.4004422143028
    }, 
    "Ar41": {
        "error": 0.00423421215238824, 
        "filter_outliers_dict": {
            "filter_outliers": true, 
            "iterations": 1, 
            "std_devs": 2
        }, 
        "fit": "Average", 
        "value": 0.14148622228318694
    }
}