{
    "Ar36": {
        "error": 0.0002414456143415907, 
        "filter_outliers_dict": {
            "filter_outliers": true, 
            "iterations": 1, 
            "std_devs": 2
        }, 
        "fit": "Linear", 
        "value": 0.00818345284818602
    }, 
    "Ar37": {
        "error": 0.012425067767648838, 
        "filter_outliers_dict": {
            "filter_outliers": true, 
            "iterations": 1, 
            "std_devs": 2
        }, 
        "fit": "linear", 
        "value": 0.37501258856509795
    }, 
    "Ar38": {
        "error": 0.006209515409257798, 
        "filter_outliers_dict": {
            "filter_outliers": true, 
            "iterations": 1, 
            "std_devs": 2
        }, 
        "fit": "linear", 
        "value": 0.9253009000599979
    }, 
    "Ar39": {
        "error": 0.019294335059576027, 
        "filter_outliers_dict": {
            "filter_outliers": true, 
            "iterations": 1, 
            "std_devs": 2
        }, 
        "fit": "Linear", 
        "value": 70.71323983432805
    }, 
    "Ar40": {
        "error": 0.0946737360028465, 
        "filter_outliers_dict": {
            "filter_outliers": true, 
            "iterations": 1, 
            "std_devs": 2
        }, 
        "fit": "Linear", 
        "value": 677.0103567835927
    }, 
    "Ar41": {
        "error": 0.004932001494660479, 
        "filter_outliers_dict": {
            "filter_outliers": true, 
            "iterations": 1, 
            "std_devs": 2
        }, 
        "fit": "Average", 
        "value": 0.1186467468850711
    }
}