{
    "Ar36": {
        "error": 0.0005215055943744665, 
        "filter_outliers_dict": {
            "filter_outliers": true, 
            "iterations": 1, 
            "std_devs": 2
        }, 
        "fit": "Linear", 
        "value": 0.03640676416844581
    }, 
    "Ar37": {
        "error": 0.01229130723141258, 
        "filter_outliers_dict": {
            "filter_outliers": true, 
            "iterations": 1, 
            "std_devs": 2
        }, 
        "fit": "linear", 
        "value": 1.3344211535742985
    }, 
    "Ar38": {
        "error": 0.005957896613863323, 
        "filter_outliers_dict": {
            "filter_outliers": true, 
            "iterations": 1, 
            "std_devs": 2
        }, 
        "fit": "linear", 
        "value": 2.6580009371074462
    }, 
    "Ar39": {
        "error": 0.03275974790252954, 
        "filter_outliers_dict": {
            "filter_outliers": true, 
            "iterations": 1, 
            "std_devs": 2
        }, 
        "fit": "Linear", 
        "value": 200.17495204439425
    }, 
    "Ar40": {
        "error": 0.20051750646776373, 
        "filter_outliers_dict": {
            "filter_outliers": true, 
            "iterations": 1, 
            "std_devs": 2
        }, 
        "fit": "Linear", 
        "value": 1842.2515499068927
    }, 
    "Ar41": {
        "error": 0.00418424306868902, 
        "filter_outliers_dict": {
            "filter_outliers": true, 
            "iterations": 1, 
            "std_devs": 2
        }, 
        "fit": "Average", 
        "value": 0.17746526552845085
    }
}