{
    "Ar36": {
        "error": 0.000621592055714549, 
        "filter_outliers_dict": {
            "filter_outliers": true, 
            "iterations": 1, 
            "std_devs": 2
        }, 
        "fit": "Linear", 
        "value": 0.05328516127702499
    }, 
    "Ar37": {
        "error": 0.010986285273288208, 
        "filter_outliers_dict": {
            "filter_outliers": true, 
            "iterations": 1, 
            "std_devs": 2
        }, 
        "fit": "linear", 
        "value": 0.7896515907353298
    }, 
    "Ar38": {
        "error": 0.005073078316404198, 
        "filter_outliers_dict": {
            "filter_outliers": true, 
            "iterations": 1, 
            "std_devs": 2
        }, 
        "fit": "linear", 
        "value": 1.9444791717240568
    }, 
    "Ar39": {
        "error": 0.03205235142788533, 
        "filter_outliers_dict": {
            "filter_outliers": true, 
            "iterations": 1, 
            "std_devs": 2
        }, 
        "fit": "Linear", 
        "value": 147.0591895355534
    }, 
    "Ar40": {
        "error": 0.11395586799766338, 
        "filter_outliers_dict": {
            "filter_outliers": true, 
            "iterations": 1, 
            "std_devs": 2
        }, 
        "fit": "Linear", 
        "value": 1006.0248994119139
    }, 
    "Ar41": {
        "error": 0.005048893388438524, 
        "filter_outliers_dict": {
            "filter_outliers": true, 
            "iterations": 1, 
            "std_devs": 2
        }, 
        "fit": "Average", 
        "value": 0.13498733347623337
    }
}