{
    "Ar36": {
        "error": 0.0004726192851360385, 
        "filter_outliers_dict": {
            "filter_outliers": true, 
            "iterations": 1, 
            "std_devs": 2
        }, 
        "fit": "Linear", 
        "value": 0.03082761626319309
    }, 
    "Ar37": {
        "error": 0.012378384468085648, 
        "filter_outliers_dict": {
            "filter_outliers": true, 
            "iterations": 1, 
            "std_devs": 2
        }, 
        "fit": "linear", 
        "value": 0.606921828860771
    }, 
    "Ar38": {
        "error": 0.005250021653366134, 
        "filter_outliers_dict": {
            "filter_outliers": true, 
            "iterations": 1, 
            "std_devs": 2
        }, 
        "fit": "linear", 
        "value": 1.2170075325038132
    }, 
    "Ar39": {
        "error": 0.025744092852159485, 
        "filter_outliers_dict": {
            "filter_outliers": true, 
            "iterations": 1, 
            "std_devs": 2
        }, 
        "fit": "Linear", 
        "value": 91.8479512197297
    }, 
    "Ar40": {
        "error": 0.06786799878978085, 
        "filter_outliers_dict": {
            "filter_outliers": true, 
            "iterations": 1, 
            "std_devs": 2
        }, 
        "fit": "Linear", 
        "value": 444.756092756841
    }, 
    "Ar41": {
        "error": 0.004394562931687893, 
        "filter_outliers_dict": {
            "filter_outliers": true, 
            "iterations": 1, 
            "std_devs": 2
        }, 
        "fit": "Average", 
        "value": 0.10746488917535903
    }
}