{
    "Ar36": {
        "error": 0.00040341791794516757, 
        "filter_outliers_dict": {
            "filter_outliers": true, 
            "iterations": 1, 
            "std_devs": 2
        }, 
        "fit": "Linear", 
        "value": 0.02873760987729199
    }, 
    "Ar37": {
        "error": 0.011696760826034077, 
        "filter_outliers_dict": {
            "filter_outliers": true, 
            "iterations": 1, 
            "std_devs": 2
        }, 
        "fit": "linear", 
        "value": 0.6909147650060262
    }, 
    "Ar38": {
        "error": 0.004947591247511348, 
        "filter_outliers_dict": {
            "filter_outliers": true, 
            "iterations": 1, 
            "std_devs": 2
        }, 
        "fit": "linear", 
        "value": 1.166586895187872
    }, 
    "Ar39": {
        "error": 0.025460020560183177, 
        "filter_outliers_dict": {
            "filter_outliers": true, 
            "iterations": 1, 
            "std_devs": 2
        }, 
        "fit": "Linear", 
        "value": 87.58202155335093
    }, 
    "Ar40": {
        "error": 0.109078998440564, 
        "filter_outliers_dict": {
            "filter_outliers": true, 
            "iterations": 1, 
            "std_devs": 2
        }, 
        "fit": "Linear", 
        "value": 760.7077738304837
    }, 
    "Ar41": {
        "error": 0.00510259931284348, 
        "filter_outliers_dict": {
            "filter_outliers": true, 
            "iterations": 1, 
            "std_devs": 2
        }, 
        "fit": "Average", 
        "value": 0.1197465170473214
    }
}