{
    "Ar36": {
        "error": 0.001298339319381118, 
        "filter_outliers_dict": {
            "filter_outliers": true, 
            "iterations": 1, 
            "std_devs": 2
        }, 
        "fit": "Linear", 
        "value": 0.2876777116206423
    }, 
    "Ar37": {
        "error": 0.010806864036743217, 
        "filter_outliers_dict": {
            "filter_outliers": true, 
            "iterations": 1, 
            "std_devs": 2
        }, 
        "fit": "linear", 
        "value": 0.2256928863477462
    }, 
    "Ar38": {
        "error": 0.0047591666606729725, 
        "filter_outliers_dict": {
            "filter_outliers": true, 
            "iterations": 1, 
            "std_devs": 2
        }, 
        "fit": "linear", 
        "value": 0.9723542913709643
    }, 
    "Ar39": {
        "error": 0.016492208421482024, 
        "filter_outliers_dict": {
            "filter_outliers": true, 
            "iterations": 1, 
            "std_devs": 2
        }, 
        "fit": "Linear", 
        "value": 53.32572495181933
    }, 
    "Ar40": {
        "error": 0.2093598826171707, 
        "filter_outliers_dict": {
            "filter_outliers": true, 
            "iterations": 1, 
            "std_devs": 2
        }, 
        "fit": "Linear", 
        "value": 1933.3793966150342
    }, 
    "Ar41": {
        "error": 0.004745240673955814, 
        "filter_outliers_dict": {
            "filter_outliers": true, 
            "iterations": 1, 
            "std_devs": 2
        }, 
        "fit": "Average", 
        "value": 0.20081174494456405
    }
}