{
    "Ar36": {
        "error": 0.0007365059098281307, 
        "filter_outliers_dict": {
            "filter_outliers": true, 
            "iterations": 1, 
            "std_devs": 2
        }, 
        "fit": "Linear", 
        "value": 0.07747257081698937
    }, 
    "Ar37": {
        "error": 0.011653671204065673, 
        "filter_outliers_dict": {
            "filter_outliers": true, 
            "iterations": 1, 
            "std_devs": 2
        }, 
        "fit": "linear", 
        "value": 1.1694724328954709
    }, 
    "Ar38": {
        "error": 0.006583110286746238, 
        "filter_outliers_dict": {
            "filter_outliers": true, 
            "iterations": 1, 
            "std_devs": 2
        }, 
        "fit": "linear", 
        "value": 3.032067230731839
    }, 
    "Ar39": {
        "error": 0.033511334095305115, 
        "filter_outliers_dict": {
            "filter_outliers": true, 
            "iterations": 1, 
            "std_devs": 2
        }, 
        "fit": "Linear", 
        "value": 229.3368407744106
    }, 
    "Ar40": {
        "error": 0.23361404009692333, 
        "filter_outliers_dict": {
            "filter_outliers": true, 
            "iterations": 1, 
            "std_devs": 2
        }, 
        "fit": "Linear", 
        "value": 2121.14285485445
    }, 
    "Ar41": {
        "error": 0.004514835296642182, 
        "filter_outliers_dict": {
            "filter_outliers": true, 
            "iterations": 1, 
            "std_devs": 2
        }, 
        "fit": "Average", 
        "value": 0.18578981168553568
    }
}