{
    "Ar36": {
        "error": 0.001985971928896389, 
        "filter_outliers_dict": {
            "filter_outliers": true, 
            "iterations": 1, 
            "std_devs": 2
        }, 
        "fit": "Linear", 
        "value": 0.631121788791311
    }, 
    "Ar37": {
        "error": 0.01074111066704813, 
        "filter_outliers_dict": {
            "filter_outliers": true, 
            "iterations": 1, 
            "std_devs": 2
        }, 
        "fit": "linear", 
        "value": 0.6769718528399431
    }, 
    "Ar38": {
        "error": 0.005288828546359504, 
        "filter_outliers_dict": {
            "filter_outliers": true, 
            "iterations": 1, 
            "std_devs": 2
        }, 
        "fit": "linear", 
        "value": 1.8177473485417788
    }, 
    "Ar39": {
        "error": 0.02780207318723286, 
        "filter_outliers_dict": {
            "filter_outliers": true, 
            "iterations": 1, 
            "std_devs": 2
        }, 
        "fit": "Linear", 
        "value": 128.8328085353406
    }, 
    "Ar40": {
        "error": 0.043925633520237185, 
        "filter_outliers_dict": {
            "filter_outliers": true, 
            "iterations": 1, 
            "std_devs": 2
        }, 
        "fit": "Linear", 
        "value": 383.1206738859111
    }, 
    "Ar41": {
        "error": 0.004674741422000095, 
        "filter_outliers_dict": {
            "filter_outliers": true, 
            "iterations": 1, 
            "std_devs": 2
        }, 
        "fit": "Average", 
        "value": 0.09416312770669324
    }
}