{
    "Ar36": {
        "error": 0.00014404294632642476, 
        "filter_outliers_dict": {
            "filter_outliers": true, 
            "iterations": 1, 
            "std_devs": 2
        }, 
        "fit": "Linear", 
        "value": 0.003555688382884387
    }, 
    "Ar37": {
        "error": 0.007944265773681005, 
        "filter_outliers_dict": {
            "filter_outliers": true, 
            "iterations": 1, 
            "std_devs": 2
        }, 
        "fit": "linear", 
        "value": 0.16597934651699237
    }, 
    "Ar38": {
        "error": 0.004287403550858131, 
        "filter_outliers_dict": {
            "filter_outliers": true, 
            "iterations": 1, 
            "std_devs": 2
        }, 
        "fit": "linear", 
        "value": 0.08641329425295961
    }, 
    "Ar39": {
        "error": 0.01025590659794976, 
        "filter_outliers_dict": {
            "filter_outliers": true, 
            "iterations": 1, 
            "std_devs": 2
        }, 
        "fit": "Linear", 
        "value": 6.930058908981906
    }, 
    "Ar40": {
        "error": 0.1860735002588398, 
        "filter_outliers_dict": {
            "filter_outliers": true, 
            "iterations": 1, 
            "std_devs": 2
        }, 
        "fit": "Linear", 
        "value": 2485.4075781744077
    }, 
    "Ar41": {
        "error": 0.005363215845581118, 
        "filter_outliers_dict": {
            "filter_outliers": true, 
            "iterations": 1, 
            "std_devs": 2
        }, 
        "fit": "Average", 
        "value": 0.192936408567579
    }
}