{
    "Ar36": {
        "error": 0.0005427200892598862, 
        "filter_outliers_dict": {
            "filter_outliers": true, 
            "iterations": 1, 
            "std_devs": 2
        }, 
        "fit": "Linear", 
        "value": 0.042901575341384154
    }, 
    "Ar37": {
        "error": 0.010099908004011908, 
        "filter_outliers_dict": {
            "filter_outliers": true, 
            "iterations": 1, 
            "std_devs": 2
        }, 
        "fit": "linear", 
        "value": 0.22394602849719258
    }, 
    "Ar38": {
        "error": 0.004606698925422014, 
        "filter_outliers_dict": {
            "filter_outliers": true, 
            "iterations": 1, 
            "std_devs": 2
        }, 
        "fit": "linear", 
        "value": 0.1389352924519133
    }, 
    "Ar39": {
        "error": 0.012158983925768875, 
        "filter_outliers_dict": {
            "filter_outliers": true, 
            "iterations": 1, 
            "std_devs": 2
        }, 
        "fit": "Linear", 
        "value": 9.873317798001116
    }, 
    "Ar40": {
        "error": 0.013516297614171101, 
        "filter_outliers_dict": {
            "filter_outliers": true, 
            "iterations": 1, 
            "std_devs": 2
        }, 
        "fit": "Linear", 
        "value": 70.40563357872495
    }, 
    "Ar41": {
        "error": 0.004847391116300361, 
        "filter_outliers_dict": {
            "filter_outliers": true, 
            "iterations": 1, 
            "std_devs": 2
        }, 
        "fit": "Average", 
        "value": 0.09032562922262101
    }
}