{
    "Ar36": {
        "error": 0.0004206938034566797, 
        "filter_outliers_dict": {
            "filter_outliers": true, 
            "iterations": 1, 
            "std_devs": 2
        }, 
        "fit": "Linear", 
        "value": 0.021619351268111618
    }, 
    "Ar37": {
        "error": 0.010900968208046752, 
        "filter_outliers_dict": {
            "filter_outliers": true, 
            "iterations": 1, 
            "std_devs": 2
        }, 
        "fit": "linear", 
        "value": 0.9822280997721611
    }, 
    "Ar38": {
        "error": 0.00531930887497731, 
        "filter_outliers_dict": {
            "filter_outliers": true, 
            "iterations": 1, 
            "std_devs": 2
        }, 
        "fit": "linear", 
        "value": 1.1452816876086058
    }, 
    "Ar39": {
        "error": 0.021843372824389265, 
        "filter_outliers_dict": {
            "filter_outliers": true, 
            "iterations": 1, 
            "std_devs": 2
        }, 
        "fit": "Linear", 
        "value": 85.78484298722749
    }, 
    "Ar40": {
        "error": 0.09995811722877501, 
        "filter_outliers_dict": {
            "filter_outliers": true, 
            "iterations": 1, 
            "std_devs": 2
        }, 
        "fit": "Linear", 
        "value": 826.7404609387947
    }, 
    "Ar41": {
        "error": 0.00484220179065071, 
        "filter_outliers_dict": {
            "filter_outliers": true, 
            "iterations": 1, 
            "std_devs": 2
        }, 
        "fit": "Average", 
        "value": 0.11361410186704711
    }
}