{
    "Ar36": {
        "error": 0.0003572793975495916, 
        "filter_outliers_dict": {
            "filter_outliers": true, 
            "iterations": 1, 
            "std_devs": 2
        }, 
        "fit": "Linear", 
        "value": 0.021905556812315485
    }, 
    "Ar37": {
        "error": 0.01141694922514796, 
        "filter_outliers_dict": {
            "filter_outliers": true, 
            "iterations": 1, 
            "std_devs": 2
        }, 
        "fit": "linear", 
        "value": 0.6240763235944339
    }, 
    "Ar38": {
        "error": 0.004820821219756884, 
        "filter_outliers_dict": {
            "filter_outliers": true, 
            "iterations": 1, 
            "std_devs": 2
        }, 
        "fit": "linear", 
        "value": 1.3788749231334119
    }, 
    "Ar39": {
        "error": 0.023180082156631414, 
        "filter_outliers_dict": {
            "filter_outliers": true, 
            "iterations": 1, 
            "std_devs": 2
        }, 
        "fit": "Linear", 
        "value": 104.09003824776948
    }, 
    "Ar40": {
        "error": 0.11107270213692565, 
        "filter_outliers_dict": {
            "filter_outliers": true, 
            "iterations": 1, 
            "std_devs": 2
        }, 
        "fit": "Linear", 
        "value": 946.402002002092
    }, 
    "Ar41": {
        "error": 0.004410053368616935, 
        "filter_outliers_dict": {
            "filter_outliers": true, 
            "iterations": 1, 
            "std_devs": 2
        }, 
        "fit": "Average", 
        "value": 0.11696746106132236
    }
}