{
    "Ar36": {
        "error": 0.00062990118920167, 
        "filter_outliers_dict": {
            "filter_outliers": true, 
            "iterations": 1, 
            "std_devs": 2
        }, 
        "fit": "Linear", 
        "value": 0.05945783381022229
    }, 
    "Ar37": {
        "error": 0.011152793464982783, 
        "filter_outliers_dict": {
            "filter_outliers": true, 
            "iterations": 1, 
            "std_devs": 2
        }, 
        "fit": "linear", 
        "value": 0.9471838233490586
    }, 
    "Ar38": {
        "error": 0.0053524916434646505, 
        "filter_outliers_dict": {
            "filter_outliers": true, 
            "iterations": 1, 
            "std_devs": 2
        }, 
        "fit": "linear", 
        "value": 1.8539399448217677
    }, 
    "Ar39": {
        "error": 0.025608220440213384, 
        "filter_outliers_dict": {
            "filter_outliers": true, 
            "iterations": 1, 
            "std_devs": 2
        }, 
        "fit": "Linear", 
        "value": 139.1221432278324
    }, 
    "Ar40": {
        "error": 0.270411377438075, 
        "filter_outliers_dict": {
            "filter_outliers": true, 
            "iterations": 1, 
            "std_devs": 2
        }, 
        "fit": "Linear", 
        "value": 2647.4267089821537
    }, 
    "Ar41": {
        "error": 0.004678994790958586, 
        "filter_outliers_dict": {
            "filter_outliers": true, 
            "iterations": 1, 
            "std_devs": 2
        }, 
        "fit": "Average", 
        "value": 0.20883823953933742
    }
}