{
    "Ar36": {
        "error": 0.0010539192989561133, 
        "filter_outliers_dict": {
            "filter_outliers": true, 
            "iterations": 1, 
            "std_devs": 2
        }, 
        "fit": "Linear", 
        "value": 0.15625640967314275
    }, 
    "Ar37": {
        "error": 0.010267372417017742, 
        "filter_outliers_dict": {
            "filter_outliers": true, 
            "iterations": 1, 
            "std_devs": 2
        }, 
        "fit": "linear", 
        "value": 1.4000726929084037
    }, 
    "Ar38": {
        "error": 0.0068390693008010045, 
        "filter_outliers_dict": {
            "filter_outliers": true, 
            "iterations": 1, 
            "std_devs": 2
        }, 
        "fit": "linear", 
        "value": 4.975026683110208
    }, 
    "Ar39": {
        "error": 0.047110070973529504, 
        "filter_outliers_dict": {
            "filter_outliers": true, 
            "iterations": 1, 
            "std_devs": 2
        }, 
        "fit": "Linear", 
        "value": 374.83242204118676
    }, 
    "Ar40": {
        "error": 0.3481660127562539, 
        "filter_outliers_dict": {
            "filter_outliers": true, 
            "iterations": 1, 
            "std_devs": 2
        }, 
        "fit": "Linear", 
        "value": 3625.0884914746957
    }, 
    "Ar41": {
        "error": 0.0053694151528342155, 
        "filter_outliers_dict": {
            "filter_outliers": true, 
            "iterations": 1, 
            "std_devs": 2
        }, 
        "fit": "Average", 
        "value": 0.24956352964113374
    }
}