{
    "Ar36": {
        "error": 0.0005823192566990422, 
        "filter_outliers_dict": {
            "filter_outliers": true, 
            "iterations": 1, 
            "std_devs": 2
        }, 
        "fit": "Linear", 
        "value": 0.06327924457079077
    }, 
    "Ar37": {
        "error": 0.01114956594613421, 
        "filter_outliers_dict": {
            "filter_outliers": true, 
            "iterations": 1, 
            "std_devs": 2
        }, 
        "fit": "linear", 
        "value": 0.801944541884305
    }, 
    "Ar38": {
        "error": 0.00559110810586151, 
        "filter_outliers_dict": {
            "filter_outliers": true, 
            "iterations": 1, 
            "std_devs": 2
        }, 
        "fit": "linear", 
        "value": 2.118525360997276
    }, 
    "Ar39": {
        "error": 0.027375075668664515, 
        "filter_outliers_dict": {
            "filter_outliers": true, 
            "iterations": 1, 
            "std_devs": 2
        }, 
        "fit": "Linear", 
        "value": 158.77252786855956
    }, 
    "Ar40": {
        "error": 0.09597087776859155, 
        "filter_outliers_dict": {
            "filter_outliers": true, 
            "iterations": 1, 
            "std_devs": 2
        }, 
        "fit": "Linear", 
        "value": 1067.2325011417677
    }, 
    "Ar41": {
        "error": 0.005015692153835836, 
        "filter_outliers_dict": {
            "filter_outliers": true, 
            "iterations": 1, 
            "std_devs": 2
        }, 
        "fit": "Average", 
        "value": 0.1455261389197479
    }
}