{
    "Ar36": {
        "error": 0.0003100438557666873, 
        "filter_outliers_dict": {
            "filter_outliers": true, 
            "iterations": 1, 
            "std_devs": 2
        }, 
        "fit": "Linear", 
        "value": 0.01182085105058807
    }, 
    "Ar37": {
        "error": 0.009576677226476038, 
        "filter_outliers_dict": {
            "filter_outliers": true, 
            "iterations": 1, 
            "std_devs": 2
        }, 
        "fit": "linear", 
        "value": 0.4967940204940895
    }, 
    "Ar38": {
        "error": 0.0051490199670159815, 
        "filter_outliers_dict": {
            "filter_outliers": true, 
            "iterations": 1, 
            "std_devs": 2
        }, 
        "fit": "linear", 
        "value": 1.2480665947828848
    }, 
    "Ar39": {
        "error": 0.021830642831531008, 
        "filter_outliers_dict": {
            "filter_outliers": true, 
            "iterations": 1, 
            "std_devs": 2
        }, 
        "fit": "Linear", 
        "value": 93.95866111666543
    }, 
    "Ar40": {
        "error": 0.07999518388215894, 
        "filter_outliers_dict": {
            "filter_outliers": true, 
            "iterations": 1, 
            "std_devs": 2
        }, 
        "fit": "Linear", 
        "value": 623.0152416411054
    }, 
    "Ar41": {
        "error": 0.0055970831010103295, 
        "filter_outliers_dict": {
            "filter_outliers": true, 
            "iterations": 1, 
            "std_devs": 2
        }, 
        "fit": "Average", 
        "value": 0.11683113738009462
    }
}