{
    "Ar36": {
        "error": 0.00030951166477043076, 
        "filter_outliers_dict": {
            "filter_outliers": true, 
            "iterations": 1, 
            "std_devs": 2
        }, 
        "fit": "Linear", 
        "value": 0.012467499410399445
    }, 
    "Ar37": {
        "error": 0.01278332426975052, 
        "filter_outliers_dict": {
            "filter_outliers": true, 
            "iterations": 1, 
            "std_devs": 2
        }, 
        "fit": "linear", 
        "value": 0.22981133874241974
    }, 
    "Ar38": {
        "error": 0.004695909915658436, 
        "filter_outliers_dict": {
            "filter_outliers": true, 
            "iterations": 1, 
            "std_devs": 2
        }, 
        "fit": "linear", 
        "value": 0.1958094767115361
    }, 
    "Ar39": {
        "error": 0.014437922514754504, 
        "filter_outliers_dict": {
            "filter_outliers": true, 
            "iterations": 1, 
            "std_devs": 2
        }, 
        "fit": "Linear", 
        "value": 15.035183749623979
    }, 
    "Ar40": {
        "error": 0.024523050790482993, 
        "filter_outliers_dict": {
            "filter_outliers": true, 
            "iterations": 1, 
            "std_devs": 2
        }, 
        "fit": "Linear", 
        "value": 137.24248334034718
    }, 
    "Ar41": {
        "error": 0.004235996010063671, 
        "filter_outliers_dict": {
            "filter_outliers": true, 
            "iterations": 1, 
            "std_devs": 2
        }, 
        "fit": "Average", 
        "value": 0.09759426932616938
    }
}