{
    "Ar36": {
        "error": 0.00029954221499837926, 
        "filter_outliers_dict": {
            "filter_outliers": true, 
            "iterations": 1, 
            "std_devs": 2
        }, 
        "fit": "Linear", 
        "value": 0.014435128978184442
    }, 
    "Ar37": {
        "error": 0.010293127888267452, 
        "filter_outliers_dict": {
            "filter_outliers": true, 
            "iterations": 1, 
            "std_devs": 2
        }, 
        "fit": "linear", 
        "value": 0.41544865458064495
    }, 
    "Ar38": {
        "error": 0.004815169851061902, 
        "filter_outliers_dict": {
            "filter_outliers": true, 
            "iterations": 1, 
            "std_devs": 2
        }, 
        "fit": "linear", 
        "value": 0.7119048711276175
    }, 
    "Ar39": {
        "error": 0.020629494859962124, 
        "filter_outliers_dict": {
            "filter_outliers": true, 
            "iterations": 1, 
            "std_devs": 2
        }, 
        "fit": "Linear", 
        "value": 53.74416631640233
    }, 
    "Ar40": {
        "error": 0.06919289499330976, 
        "filter_outliers_dict": {
            "filter_outliers": true, 
            "iterations": 1, 
            "std_devs": 2
        }, 
        "fit": "Linear", 
        "value": 492.96781511283916
    }, 
    "Ar41": {
        "error": 0.004869713948022298, 
        "filter_outliers_dict": {
            "filter_outliers": true, 
            "iterations": 1, 
            "std_devs": 2
        }, 
        "fit": "Average", 
        "value": 0.1188370918254914
    }
}