{
    "Ar36": {
        "error": 0.00047636304350620357, 
        "filter_outliers_dict": {
            "filter_outliers": true, 
            "iterations": 1, 
            "std_devs": 2
        }, 
        "fit": "Linear", 
        "value": 0.03123066185586242
    }, 
    "Ar37": {
        "error": 0.011746136840033956, 
        "filter_outliers_dict": {
            "filter_outliers": true, 
            "iterations": 1, 
            "std_devs": 2
        }, 
        "fit": "linear", 
        "value": 2.821564759592501
    }, 
    "Ar38": {
        "error": 0.005211870119354172, 
        "filter_outliers_dict": {
            "filter_outliers": true, 
            "iterations": 1, 
            "std_devs": 2
        }, 
        "fit": "linear", 
        "value": 1.7840341104825392
    }, 
    "Ar39": {
        "error": 0.025625215318243185, 
        "filter_outliers_dict": {
            "filter_outliers": true, 
            "iterations": 1, 
            "std_devs": 2
        }, 
        "fit": "Linear", 
        "value": 134.17239505334
    }, 
    "Ar40": {
        "error": 0.16043641666166436, 
        "filter_outliers_dict": {
            "filter_outliers": true, 
            "iterations": 1, 
            "std_devs": 2
        }, 
        "fit": "Linear", 
        "value": 1232.4398028769342
    }, 
    "Ar41": {
        "error": 0.004216580575267541, 
        "filter_outliers_dict": {
            "filter_outliers": true, 
            "iterations": 1, 
            "std_devs": 2
        }, 
        "fit": "Average", 
        "value": 0.13624367135266338
    }
}