{
    "Ar36": {
        "error": 0.0007329443264010894, 
        "filter_outliers_dict": {
            "filter_outliers": true, 
            "iterations": 1, 
            "std_devs": 2
        }, 
        "fit": "Linear", 
        "value": 0.09322918834078067
    }, 
    "Ar37": {
        "error": 0.011645550549959287, 
        "filter_outliers_dict": {
            "filter_outliers": true, 
            "iterations": 1, 
            "std_devs": 2
        }, 
        "fit": "linear", 
        "value": 0.7001660007504437
    }, 
    "Ar38": {
        "error": 0.004806849497442487, 
        "filter_outliers_dict": {
            "filter_outliers": true, 
            "iterations": 1, 
            "std_devs": 2
        }, 
        "fit": "linear", 
        "value": 1.3133534842425965
    }, 
    "Ar39": {
        "error": 0.02146065347665894, 
        "filter_outliers_dict": {
            "filter_outliers": true, 
            "iterations": 1, 
            "std_devs": 2
        }, 
        "fit": "Linear", 
        "value": 96.84456400512003
    }, 
    "Ar40": {
        "error": 0.19942297901987313, 
        "filter_outliers_dict": {
            "filter_outliers": true, 
            "iterations": 1, 
            "std_devs": 2
        }, 
        "fit": "Linear", 
        "value": 1809.0883392735027
    }, 
    "Ar41": {
        "error": 0.004702658394009812, 
        "filter_outliers_dict": {
            "filter_outliers": true, 
            "iterations": 1, 
            "std_devs": 2
        }, 
        "fit": "Average", 
        "value": 0.16781075434657855
    }
}