{
    "Ar36": {
        "error": 0.0003455790207098054, 
        "filter_outliers_dict": {
            "filter_outliers": true, 
            "iterations": 1, 
            "std_devs": 2
        }, 
        "fit": "Linear", 
        "value": 0.01443937512999952
    }, 
    "Ar37": {
        "error": 0.013357212891148931, 
        "filter_outliers_dict": {
            "filter_outliers": true, 
            "iterations": 1, 
            "std_devs": 2
        }, 
        "fit": "linear", 
        "value": 0.5194253614207653
    }, 
    "Ar38": {
        "error": 0.005107237232004675, 
        "filter_outliers_dict": {
            "filter_outliers": true, 
            "iterations": 1, 
            "std_devs": 2
        }, 
        "fit": "linear", 
        "value": 1.714213718518608
    }, 
    "Ar39": {
        "error": 0.025101653915600004, 
        "filter_outliers_dict": {
            "filter_outliers": true, 
            "iterations": 1, 
            "std_devs": 2
        }, 
        "fit": "Linear", 
        "value": 129.62586968706904
    }, 
    "Ar40": {
        "error": 0.11428625886601883, 
        "filter_outliers_dict": {
            "filter_outliers": true, 
            "iterations": 1, 
            "std_devs": 2
        }, 
        "fit": "Linear", 
        "value": 1213.4788633154908
    }, 
    "Ar41": {
        "error": 0.005394973174795248, 
        "filter_outliers_dict": {
            "filter_outliers": true, 
            "iterations": 1, 
            "std_devs": 2
        }, 
        "fit": "Average", 
        "value": 0.1306453031544186
    }
}