{
    "Ar36": {
        "error": 0.0003083335204352216, 
        "filter_outliers_dict": {
            "filter_outliers": true, 
            "iterations": 1, 
            "std_devs": 2
        }, 
        "fit": "Linear", 
        "value": 0.013040812226282927
    }, 
    "Ar37": {
        "error": 0.010750516190777626, 
        "filter_outliers_dict": {
            "filter_outliers": true, 
            "iterations": 1, 
            "std_devs": 2
        }, 
        "fit": "linear", 
        "value": 1.0793270123525083
    }, 
    "Ar38": {
        "error": 0.0055442644305502544, 
        "filter_outliers_dict": {
            "filter_outliers": true, 
            "iterations": 1, 
            "std_devs": 2
        }, 
        "fit": "linear", 
        "value": 2.125797043774596
    }, 
    "Ar39": {
        "error": 0.027984343376317826, 
        "filter_outliers_dict": {
            "filter_outliers": true, 
            "iterations": 1, 
            "std_devs": 2
        }, 
        "fit": "Linear", 
        "value": 160.80570240997355
    }, 
    "Ar40": {
        "error": 0.1759617522498733, 
        "filter_outliers_dict": {
            "filter_outliers": true, 
            "iterations": 1, 
            "std_devs": 2
        }, 
        "fit": "Linear", 
        "value": 1459.4066741534089
    }, 
    "Ar41": {
        "error": 0.004700614484620931, 
        "filter_outliers_dict": {
            "filter_outliers": true, 
            "iterations": 1, 
            "std_devs": 2
        }, 
        "fit": "Average", 
        "value": 0.16120225772644556
    }
}