{
    "Ar36": {
        "error": 0.0003220070294156591, 
        "filter_outliers_dict": {
            "filter_outliers": true, 
            "iterations": 1, 
            "std_devs": 2
        }, 
        "fit": "Linear", 
        "value": 0.012138117842454603
    }, 
    "Ar37": {
        "error": 0.010572410028607865, 
        "filter_outliers_dict": {
            "filter_outliers": true, 
            "iterations": 1, 
            "std_devs": 2
        }, 
        "fit": "linear", 
        "value": 0.25872927907855026
    }, 
    "Ar38": {
        "error": 0.003870091250403954, 
        "filter_outliers_dict": {
            "filter_outliers": true, 
            "iterations": 1, 
            "std_devs": 2
        }, 
        "fit": "linear", 
        "value": 0.3507340117284558
    }, 
    "Ar39": {
        "error": 0.016357680443018822, 
        "filter_outliers_dict": {
            "filter_outliers": true, 
            "iterations": 1, 
            "std_devs": 2
        }, 
        "fit": "Linear", 
        "value": 26.746353707837734
    }, 
    "Ar40": {
        "error": 0.034985816378003284, 
        "filter_outliers_dict": {
            "filter_outliers": true, 
            "iterations": 1, 
            "std_devs": 2
        }, 
        "fit": "Linear", 
        "value": 248.2944128535473
    }, 
    "Ar41": {
        "error": 0.004173962049170765, 
        "filter_outliers_dict": {
            "filter_outliers": true, 
            "iterations": 1, 
            "std_devs": 2
        }, 
        "fit": "Average", 
        "value": 0.08058542915377905
    }
}