{
    "Ar36": {
        "error": 0.00028204469192525967, 
        "filter_outliers_dict": {
            "filter_outliers": true, 
            "iterations": 1, 
            "std_devs": 2
        }, 
        "fit": "Linear", 
        "value": 0.00832991967739436
    }, 
    "Ar37": {
        "error": 0.011277231430584811, 
        "filter_outliers_dict": {
            "filter_outliers": true, 
            "iterations": 1, 
            "std_devs": 2
        }, 
        "fit": "linear", 
        "value": 0.9191703033767867
    }, 
    "Ar38": {
        "error": 0.00528586820962435, 
        "filter_outliers_dict": {
            "filter_outliers": true, 
            "iterations": 1, 
            "std_devs": 2
        }, 
        "fit": "linear", 
        "value": 1.2880860009935362
    }, 
    "Ar39": {
        "error": 0.02341195052135122, 
        "filter_outliers_dict": {
            "filter_outliers": true, 
            "iterations": 1, 
            "std_devs": 2
        }, 
        "fit": "Linear", 
        "value": 98.54688035021019
    }, 
    "Ar40": {
        "error": 0.08560689703687424, 
        "filter_outliers_dict": {
            "filter_outliers": true, 
            "iterations": 1, 
            "std_devs": 2
        }, 
        "fit": "Linear", 
        "value": 904.2456038152245
    }, 
    "Ar41": {
        "error": 0.004383386409536641, 
        "filter_outliers_dict": {
            "filter_outliers": true, 
            "iterations": 1, 
            "std_devs": 2
        }, 
        "fit": "Average", 
        "value": 0.1325588620668524
    }
}