{
    "Ar36": {
        "error": 0.0005605966791707169, 
        "filter_outliers_dict": {
            "filter_outliers": true, 
            "iterations": 1, 
            "std_devs": 2
        }, 
        "fit": "Linear", 
        "value": 0.05211902935844878
    }, 
    "Ar37": {
        "error": 0.011855606187603382, 
        "filter_outliers_dict": {
            "filter_outliers": true, 
            "iterations": 1, 
            "std_devs": 2
        }, 
        "fit": "linear", 
        "value": 0.9250979373777222
    }, 
    "Ar38": {
        "error": 0.0055247521569658275, 
        "filter_outliers_dict": {
            "filter_outliers": true, 
            "iterations": 1, 
            "std_devs": 2
        }, 
        "fit": "linear", 
        "value": 2.376451699067687
    }, 
    "Ar39": {
        "error": 0.02968493504332169, 
        "filter_outliers_dict": {
            "filter_outliers": true, 
            "iterations": 1, 
            "std_devs": 2
        }, 
        "fit": "Linear", 
        "value": 178.79668375318508
    }, 
    "Ar40": {
        "error": 0.11005146497314598, 
        "filter_outliers_dict": {
            "filter_outliers": true, 
            "iterations": 1, 
            "std_devs": 2
        }, 
        "fit": "Linear", 
        "value": 988.9498030079758
    }, 
    "Ar41": {
        "error": 0.004387831602939618, 
        "filter_outliers_dict": {
            "filter_outliers": true, 
            "iterations": 1, 
            "std_devs": 2
        }, 
        "fit": "Average", 
        "value": 0.14301087411696212
    }
}