{
    "Ar36": {
        "error": 0.0003344099700323819, 
        "filter_outliers_dict": {
            "filter_outliers": true, 
            "iterations": 1, 
            "std_devs": 2
        }, 
        "fit": "Linear", 
        "value": 0.015641003496951852
    }, 
    "Ar37": {
        "error": 0.010797264562343863, 
        "filter_outliers_dict": {
            "filter_outliers": true, 
            "iterations": 1, 
            "std_devs": 2
        }, 
        "fit": "linear", 
        "value": 0.35950208130351413
    }, 
    "Ar38": {
        "error": 0.004152163204884538, 
        "filter_outliers_dict": {
            "filter_outliers": true, 
            "iterations": 1, 
            "std_devs": 2
        }, 
        "fit": "linear", 
        "value": 0.7829755418869668
    }, 
    "Ar39": {
        "error": 0.015503536051112226, 
        "filter_outliers_dict": {
            "filter_outliers": true, 
            "iterations": 1, 
            "std_devs": 2
        }, 
        "fit": "Linear", 
        "value": 59.232089508665936
    }, 
    "Ar40": {
        "error": 0.1343154039780191, 
        "filter_outliers_dict": {
            "filter_outliers": true, 
            "iterations": 1, 
            "std_devs": 2
        }, 
        "fit": "Linear", 
        "value": 1144.798453434401
    }, 
    "Ar41": {
        "error": 0.004988562647436734, 
        "filter_outliers_dict": {
            "filter_outliers": true, 
            "iterations": 1, 
            "std_devs": 2
        }, 
        "fit": "Average", 
        "value": 0.1300506142357603
    }
}