{
    "Ar36": {
        "error": 0.0002462460118681283, 
        "filter_outliers_dict": {
            "filter_outliers": true, 
            "iterations": 1, 
            "std_devs": 2
        }, 
        "fit": "Linear", 
        "value": 0.008695465336399867
    }, 
    "Ar37": {
        "error": 0.010328576884234246, 
        "filter_outliers_dict": {
            "filter_outliers": true, 
            "iterations": 1, 
            "std_devs": 2
        }, 
        "fit": "linear", 
        "value": 0.3314620582186117
    }, 
    "Ar38": {
        "error": 0.004406438056634121, 
        "filter_outliers_dict": {
            "filter_outliers": true, 
            "iterations": 1, 
            "std_devs": 2
        }, 
        "fit": "linear", 
        "value": 0.5913917333183167
    }, 
    "Ar39": {
        "error": 0.016905146610405833, 
        "filter_outliers_dict": {
            "filter_outliers": true, 
            "iterations": 1, 
            "std_devs": 2
        }, 
        "fit": "Linear", 
        "value": 45.00477282350687
    }, 
    "Ar40": {
        "error": 0.05413683839347948, 
        "filter_outliers_dict": {
            "filter_outliers": true, 
            "iterations": 1, 
            "std_devs": 2
        }, 
        "fit": "Linear", 
        "value": 415.2695736229461
    }, 
    "Ar41": {
        "error": 0.004455212340618958, 
        "filter_outliers_dict": {
            "filter_outliers": true, 
            "iterations": 1, 
            "std_devs": 2
        }, 
        "fit": "Average", 
        "value": 0.11279719364150889
    }
}