{
    "Ar36": {
        "error": 0.00021343084353172905, 
        "filter_outliers_dict": {
            "filter_outliers": true, 
            "iterations": 1, 
            "std_devs": 2
        }, 
        "fit": "Linear", 
        "value": 0.006431007657878308
    }, 
    "Ar37": {
        "error": 0.010300714327751447, 
        "filter_outliers_dict": {
            "filter_outliers": true, 
            "iterations": 1, 
            "std_devs": 2
        }, 
        "fit": "linear", 
        "value": 1.3163101330260392
    }, 
    "Ar38": {
        "error": 0.005073324946074677, 
        "filter_outliers_dict": {
            "filter_outliers": true, 
            "iterations": 1, 
            "std_devs": 2
        }, 
        "fit": "linear", 
        "value": 1.370706477335415
    }, 
    "Ar39": {
        "error": 0.025682542005602427, 
        "filter_outliers_dict": {
            "filter_outliers": true, 
            "iterations": 1, 
            "std_devs": 2
        }, 
        "fit": "Linear", 
        "value": 104.05005408079191
    }, 
    "Ar40": {
        "error": 0.1243798239617908, 
        "filter_outliers_dict": {
            "filter_outliers": true, 
            "iterations": 1, 
            "std_devs": 2
        }, 
        "fit": "Linear", 
        "value": 955.2283704421741
    }, 
    "Ar41": {
        "error": 0.004745295976339825, 
        "filter_outliers_dict": {
            "filter_outliers": true, 
            "iterations": 1, 
            "std_devs": 2
        }, 
        "fit": "Average", 
        "value": 0.1331131339560612
    }
}