{
    "Ar36": {
        "error": 0.00047635804917408946, 
        "filter_outliers_dict": {
            "filter_outliers": true, 
            "iterations": 1, 
            "std_devs": 2
        }, 
        "fit": "Linear", 
        "value": 0.03153423915288487
    }, 
    "Ar37": {
        "error": 0.011604828123480609, 
        "filter_outliers_dict": {
            "filter_outliers": true, 
            "iterations": 1, 
            "std_devs": 2
        }, 
        "fit": "linear", 
        "value": 0.4056431368229405
    }, 
    "Ar38": {
        "error": 0.004369953888298958, 
        "filter_outliers_dict": {
            "filter_outliers": true, 
            "iterations": 1, 
            "std_devs": 2
        }, 
        "fit": "linear", 
        "value": 0.8330792344566034
    }, 
    "Ar39": {
        "error": 0.022274218861813633, 
        "filter_outliers_dict": {
            "filter_outliers": true, 
            "iterations": 1, 
            "std_devs": 2
        }, 
        "fit": "Linear", 
        "value": 63.57033332046596
    }, 
    "Ar40": {
        "error": 0.05313980026722037, 
        "filter_outliers_dict": {
            "filter_outliers": true, 
            "iterations": 1, 
            "std_devs": 2
        }, 
        "fit": "Linear", 
        "value": 429.81404406517345
    }, 
    "Ar41": {
        "error": 0.004079774818090983, 
        "filter_outliers_dict": {
            "filter_outliers": true, 
            "iterations": 1, 
            "std_devs": 2
        }, 
        "fit": "Average", 
        "value": 0.09904602201705218
    }
}