{
    "Ar36": {
        "error": 0.0004541039853726963, 
        "filter_outliers_dict": {
            "filter_outliers": true, 
            "iterations": 1, 
            "std_devs": 2
        }, 
        "fit": "Linear", 
        "value": 0.02919695738754699
    }, 
    "Ar37": {
        "error": 0.010970304314473853, 
        "filter_outliers_dict": {
            "filter_outliers": true, 
            "iterations": 1, 
            "std_devs": 2
        }, 
        "fit": "linear", 
        "value": 0.6210409775838736
    }, 
    "Ar38": {
        "error": 0.00457283707357426, 
        "filter_outliers_dict": {
            "filter_outliers": true, 
            "iterations": 1, 
            "std_devs": 2
        }, 
        "fit": "linear", 
        "value": 0.939832453166558
    }, 
    "Ar39": {
        "error": 0.021068828227460104, 
        "filter_outliers_dict": {
            "filter_outliers": true, 
            "iterations": 1, 
            "std_devs": 2
        }, 
        "fit": "Linear", 
        "value": 71.1023912273197
    }, 
    "Ar40": {
        "error": 0.07032865510355303, 
        "filter_outliers_dict": {
            "filter_outliers": true, 
            "iterations": 1, 
            "std_devs": 2
        }, 
        "fit": "Linear", 
        "value": 612.7520040570333
    }, 
    "Ar41": {
        "error": 0.003915831054904395, 
        "filter_outliers_dict": {
            "filter_outliers": true, 
            "iterations": 1, 
            "std_devs": 2
        }, 
        "fit": "Average", 
        "value": 0.10325035919958123
    }
}