{
    "Ar36": {
        "error": 0.0008407813661221841, 
        "filter_outliers_dict": {
            "filter_outliers": true, 
            "iterations": 1, 
            "std_devs": 2
        }, 
        "fit": "Linear", 
        "value": 0.11201882795660002
    }, 
    "Ar37": {
        "error": 0.01091969412203869, 
        "filter_outliers_dict": {
            "filter_outliers": true, 
            "iterations": 1, 
            "std_devs": 2
        }, 
        "fit": "linear", 
        "value": 0.6966909929900009
    }, 
    "Ar38": {
        "error": 0.0053194495713355175, 
        "filter_outliers_dict": {
            "filter_outliers": true, 
            "iterations": 1, 
            "std_devs": 2
        }, 
        "fit": "linear", 
        "value": 2.9638403780478733
    }, 
    "Ar39": {
        "error": 0.04020594251327763, 
        "filter_outliers_dict": {
            "filter_outliers": true, 
            "iterations": 1, 
            "std_devs": 2
        }, 
        "fit": "Linear", 
        "value": 222.765373087816
    }, 
    "Ar40": {
        "error": 0.17495895011933016, 
        "filter_outliers_dict": {
            "filter_outliers": true, 
            "iterations": 1, 
            "std_devs": 2
        }, 
        "fit": "Linear", 
        "value": 2068.0823992016185
    }, 
    "Ar41": {
        "error": 0.0044100627800896, 
        "filter_outliers_dict": {
            "filter_outliers": true, 
            "iterations": 1, 
            "std_devs": 2
        }, 
        "fit": "Average", 
        "value": 0.19624235357139108
    }
}