{
    "Ar36": {
        "error": 0.0004947988862893638, 
        "filter_outliers_dict": {
            "filter_outliers": true, 
            "iterations": 1, 
            "std_devs": 2
        }, 
        "fit": "Linear", 
        "value": 0.030285381789650238
    }, 
    "Ar37": {
        "error": 0.010947337362522718, 
        "filter_outliers_dict": {
            "filter_outliers": true, 
            "iterations": 1, 
            "std_devs": 2
        }, 
        "fit": "linear", 
        "value": 1.2366631742804068
    }, 
    "Ar38": {
        "error": 0.005678229589750201, 
        "filter_outliers_dict": {
            "filter_outliers": true, 
            "iterations": 1, 
            "std_devs": 2
        }, 
        "fit": "linear", 
        "value": 2.323998675815541
    }, 
    "Ar39": {
        "error": 0.034527196392237516, 
        "filter_outliers_dict": {
            "filter_outliers": true, 
            "iterations": 1, 
            "std_devs": 2
        }, 
        "fit": "Linear", 
        "value": 175.93234536500387
    }, 
    "Ar40": {
        "error": 0.1648371641875753, 
        "filter_outliers_dict": {
            "filter_outliers": true, 
            "iterations": 1, 
            "std_devs": 2
        }, 
        "fit": "Linear", 
        "value": 1623.4813542257293
    }, 
    "Ar41": {
        "error": 0.004978141212915109, 
        "filter_outliers_dict": {
            "filter_outliers": true, 
            "iterations": 1, 
            "std_devs": 2
        }, 
        "fit": "Average", 
        "value": 0.1550183502124956
    }
}