{
    "Ar36": {
        "error": 0.00033044745294638205, 
        "filter_outliers_dict": {
            "filter_outliers": true, 
            "iterations": 1, 
            "std_devs": 2
        }, 
        "fit": "Linear", 
        "value": 0.013478918717195643
    }, 
    "Ar37": {
        "error": 0.01071698407498562, 
        "filter_outliers_dict": {
            "filter_outliers": true, 
            "iterations": 1, 
            "std_devs": 2
        }, 
        "fit": "linear", 
        "value": 0.40187925496160226
    }, 
    "Ar38": {
        "error": 0.004345289036142548, 
        "filter_outliers_dict": {
            "filter_outliers": true, 
            "iterations": 1, 
            "std_devs": 2
        }, 
        "fit": "linear", 
        "value": 0.6122683472472341
    }, 
    "Ar39": {
        "error": 0.01813467474658841, 
        "filter_outliers_dict": {
            "filter_outliers": true, 
            "iterations": 1, 
            "std_devs": 2
        }, 
        "fit": "Linear", 
        "value": 46.58258415995285
    }, 
    "Ar40": {
        "error": 0.056996979768984726, 
        "filter_outliers_dict": {
            "filter_outliers": true, 
            "iterations": 1, 
            "std_devs": 2
        }, 
        "fit": "Linear", 
        "value": 429.8614900676744
    }, 
    "Ar41": {
        "error": 0.004887879035917531, 
        "filter_outliers_dict": {
            "filter_outliers": true, 
            "iterations": 1, 
            "std_devs": 2
        }, 
        "fit": "Average", 
        "value": 0.10096195865857974
    }
}