{
    "Ar36": {
        "error": 0.000566821341064799, 
        "filter_outliers_dict": {
            "filter_outliers": true, 
            "iterations": 1, 
            "std_devs": 2
        }, 
        "fit": "Linear", 
        "value": 0.047781737814084464
    }, 
    "Ar37": {
        "error": 0.011362256561730094, 
        "filter_outliers_dict": {
            "filter_outliers": true, 
            "iterations": 1, 
            "std_devs": 2
        }, 
        "fit": "linear", 
        "value": 1.2375327354240653
    }, 
    "Ar38": {
        "error": 0.005090613390665136, 
        "filter_outliers_dict": {
            "filter_outliers": true, 
            "iterations": 1, 
            "std_devs": 2
        }, 
        "fit": "linear", 
        "value": 2.3857986023227022
    }, 
    "Ar39": {
        "error": 0.030395456012756335, 
        "filter_outliers_dict": {
            "filter_outliers": true, 
            "iterations": 1, 
            "std_devs": 2
        }, 
        "fit": "Linear", 
        "value": 180.3280142835529
    }, 
    "Ar40": {
        "error": 0.10125317461931664, 
        "filter_outliers_dict": {
            "filter_outliers": true, 
            "iterations": 1, 
            "std_devs": 2
        }, 
        "fit": "Linear", 
        "value": 947.6001509475128
    }, 
    "Ar41": {
        "error": 0.004275112131322058, 
        "filter_outliers_dict": {
            "filter_outliers": true, 
            "iterations": 1, 
            "std_devs": 2
        }, 
        "fit": "Average", 
        "value": 0.11614929079593375
    }
}