{
    "Ar36": {
        "error": 0.0008164526548686144, 
        "filter_outliers_dict": {
            "filter_outliers": true, 
            "iterations": 1, 
            "std_devs": 2
        }, 
        "fit": "Linear", 
        "value": 0.09501332046698562
    }, 
    "Ar37": {
        "error": 0.010789423011066319, 
        "filter_outliers_dict": {
            "filter_outliers": true, 
            "iterations": 1, 
            "std_devs": 2
        }, 
        "fit": "linear", 
        "value": 0.3845817853821188
    }, 
    "Ar38": {
        "error": 0.004778053331927806, 
        "filter_outliers_dict": {
            "filter_outliers": true, 
            "iterations": 1, 
            "std_devs": 2
        }, 
        "fit": "linear", 
        "value": 0.6004829879865353
    }, 
    "Ar39": {
        "error": 0.018621027332516523, 
        "filter_outliers_dict": {
            "filter_outliers": true, 
            "iterations": 1, 
            "std_devs": 2
        }, 
        "fit": "Linear", 
        "value": 44.07151161934439
    }, 
    "Ar40": {
        "error": 0.04713771002584474, 
        "filter_outliers_dict": {
            "filter_outliers": true, 
            "iterations": 1, 
            "std_devs": 2
        }, 
        "fit": "Linear", 
        "value": 429.45221251593983
    }, 
    "Ar41": {
        "error": 0.00461407570132212, 
        "filter_outliers_dict": {
            "filter_outliers": true, 
            "iterations": 1, 
            "std_devs": 2
        }, 
        "fit": "Average", 
        "value": 0.09584067679724939
    }
}