{
    "Ar36": {
        "error": 0.0006064127389562645, 
        "filter_outliers_dict": {
            "filter_outliers": true, 
            "iterations": 1, 
            "std_devs": 2
        }, 
        "fit": "Linear", 
        "value": 0.06343664867756889
    }, 
    "Ar37": {
        "error": 0.012079182202572855, 
        "filter_outliers_dict": {
            "filter_outliers": true, 
            "iterations": 1, 
            "std_devs": 2
        }, 
        "fit": "linear", 
        "value": 0.9726284936738236
    }, 
    "Ar38": {
        "error": 0.005471873128889611, 
        "filter_outliers_dict": {
            "filter_outliers": true, 
            "iterations": 1, 
            "std_devs": 2
        }, 
        "fit": "linear", 
        "value": 2.811452331036365
    }, 
    "Ar39": {
        "error": 0.03722317335395953, 
        "filter_outliers_dict": {
            "filter_outliers": true, 
            "iterations": 1, 
            "std_devs": 2
        }, 
        "fit": "Linear", 
        "value": 213.71325323774647
    }, 
    "Ar40": {
        "error": 0.1602829367073174, 
        "filter_outliers_dict": {
            "filter_outliers": true, 
            "iterations": 1, 
            "std_devs": 2
        }, 
        "fit": "Linear", 
        "value": 1692.6487986294826
    }, 
    "Ar41": {
        "error": 0.0040927950144958244, 
        "filter_outliers_dict": {
            "filter_outliers": true, 
            "iterations": 1, 
            "std_devs": 2
        }, 
        "fit": "Average", 
        "value": 0.15806266911364258
    }
}