{
    "Ar36": {
        "error": 0.0004868762475400088, 
        "filter_outliers_dict": {
            "filter_outliers": true, 
            "iterations": 1, 
            "std_devs": 2
        }, 
        "fit": "Linear", 
        "value": 0.03314606755931417
    }, 
    "Ar37": {
        "error": 0.010805778165900254, 
        "filter_outliers_dict": {
            "filter_outliers": true, 
            "iterations": 1, 
            "std_devs": 2
        }, 
        "fit": "linear", 
        "value": 0.6841717228203282
    }, 
    "Ar38": {
        "error": 0.006082465297924917, 
        "filter_outliers_dict": {
            "filter_outliers": true, 
            "iterations": 1, 
            "std_devs": 2
        }, 
        "fit": "linear", 
        "value": 1.9990891223766902
    }, 
    "Ar39": {
        "error": 0.029309592317682077, 
        "filter_outliers_dict": {
            "filter_outliers": true, 
            "iterations": 1, 
            "std_devs": 2
        }, 
        "fit": "Linear", 
        "value": 151.89987847139918
    }, 
    "Ar40": {
        "error": 0.10011297491595039, 
        "filter_outliers_dict": {
            "filter_outliers": true, 
            "iterations": 1, 
            "std_devs": 2
        }, 
        "fit": "Linear", 
        "value": 854.5225520546716
    }, 
    "Ar41": {
        "error": 0.004583419598137731, 
        "filter_outliers_dict": {
            "filter_outliers": true, 
            "iterations": 1, 
            "std_devs": 2
        }, 
        "fit": "Average", 
        "value": 0.1276215764253407
    }
}