{
    "Ar36": {
        "error": 0.0006079790817901374, 
        "filter_outliers_dict": {
            "filter_outliers": true, 
            "iterations": 1, 
            "std_devs": 2
        }, 
        "fit": "Linear", 
        "value": 0.06320107615035658
    }, 
    "Ar37": {
        "error": 0.01164828333593437, 
        "filter_outliers_dict": {
            "filter_outliers": true, 
            "iterations": 1, 
            "std_devs": 2
        }, 
        "fit": "linear", 
        "value": 0.650055115305227
    }, 
    "Ar38": {
        "error": 0.0046036539848425964, 
        "filter_outliers_dict": {
            "filter_outliers": true, 
            "iterations": 1, 
            "std_devs": 2
        }, 
        "fit": "linear", 
        "value": 1.0933120892168628
    }, 
    "Ar39": {
        "error": 0.021909124413967977, 
        "filter_outliers_dict": {
            "filter_outliers": true, 
            "iterations": 1, 
            "std_devs": 2
        }, 
        "fit": "Linear", 
        "value": 82.7946533880306
    }, 
    "Ar40": {
        "error": 0.07429303158247462, 
        "filter_outliers_dict": {
            "filter_outliers": true, 
            "iterations": 1, 
            "std_devs": 2
        }, 
        "fit": "Linear", 
        "value": 519.148073034333
    }, 
    "Ar41": {
        "error": 0.004043462659167198, 
        "filter_outliers_dict": {
            "filter_outliers": true, 
            "iterations": 1, 
            "std_devs": 2
        }, 
        "fit": "Average", 
        "value": 0.0955533800060595
    }
}