{
    "Ar36": {
        "error": 0.0005046257293887873, 
        "filter_outliers_dict": {
            "filter_outliers": true, 
            "iterations": 1, 
            "std_devs": 2
        }, 
        "fit": "Linear", 
        "value": 0.0468950366951693
    }, 
    "Ar37": {
        "error": 0.010973625724509788, 
        "filter_outliers_dict": {
            "filter_outliers": true, 
            "iterations": 1, 
            "std_devs": 2
        }, 
        "fit": "linear", 
        "value": 1.2628075600901845
    }, 
    "Ar38": {
        "error": 0.004800929173191189, 
        "filter_outliers_dict": {
            "filter_outliers": true, 
            "iterations": 1, 
            "std_devs": 2
        }, 
        "fit": "linear", 
        "value": 0.8964561175919483
    }, 
    "Ar39": {
        "error": 0.019819936730117903, 
        "filter_outliers_dict": {
            "filter_outliers": true, 
            "iterations": 1, 
            "std_devs": 2
        }, 
        "fit": "Linear", 
        "value": 66.87288047965328
    }, 
    "Ar40": {
        "error": 0.05407789152766073, 
        "filter_outliers_dict": {
            "filter_outliers": true, 
            "iterations": 1, 
            "std_devs": 2
        }, 
        "fit": "Linear", 
        "value": 430.2636182084605
    }, 
    "Ar41": {
        "error": 0.004764847956186525, 
        "filter_outliers_dict": {
            "filter_outliers": true, 
            "iterations": 1, 
            "std_devs": 2
        }, 
        "fit": "Average", 
        "value": 0.09955915875615551
    }
}