{
    "Ar36": {
        "error": 0.0007899168179607192, 
        "filter_outliers_dict": {
            "filter_outliers": true, 
            "iterations": 1, 
            "std_devs": 2
        }, 
        "fit": "Linear", 
        "value": 0.10382764744816919
    }, 
    "Ar37": {
        "error": 0.01057972591857278, 
        "filter_outliers_dict": {
            "filter_outliers": true, 
            "iterations": 1, 
            "std_devs": 2
        }, 
        "fit": "linear", 
        "value": 0.8284762431057794
    }, 
    "Ar38": {
        "error": 0.005274638581405312, 
        "filter_outliers_dict": {
            "filter_outliers": true, 
            "iterations": 1, 
            "std_devs": 2
        }, 
        "fit": "linear", 
        "value": 1.9116639327902096
    }, 
    "Ar39": {
        "error": 0.03122192566118128, 
        "filter_outliers_dict": {
            "filter_outliers": true, 
            "iterations": 1, 
            "std_devs": 2
        }, 
        "fit": "Linear", 
        "value": 143.51843337179176
    }, 
    "Ar40": {
        "error": 0.0722222033978828, 
        "filter_outliers_dict": {
            "filter_outliers": true, 
            "iterations": 1, 
            "std_devs": 2
        }, 
        "fit": "Linear", 
        "value": 787.4877969948046
    }, 
    "Ar41": {
        "error": 0.004262703840163343, 
        "filter_outliers_dict": {
            "filter_outliers": true, 
            "iterations": 1, 
            "std_devs": 2
        }, 
        "fit": "Average", 
        "value": 0.11884032347751199
    }
}