{
    "Ar36": {
        "error": 0.0009123177591886976, 
        "filter_outliers_dict": {
            "filter_outliers": true, 
            "iterations": 1, 
            "std_devs": 2
        }, 
        "fit": "Linear", 
        "value": 0.10801455865054616
    }, 
    "Ar37": {
        "error": 0.011755440149810314, 
        "filter_outliers_dict": {
            "filter_outliers": true, 
            "iterations": 1, 
            "std_devs": 2
        }, 
        "fit": "linear", 
        "value": 1.3527385502196003
    }, 
    "Ar38": {
        "error": 0.005079324284193407, 
        "filter_outliers_dict": {
            "filter_outliers": true, 
            "iterations": 1, 
            "std_devs": 2
        }, 
        "fit": "linear", 
        "value": 2.5165017328923756
    }, 
    "Ar39": {
        "error": 0.038927354313902714, 
        "filter_outliers_dict": {
            "filter_outliers": true, 
            "iterations": 1, 
            "std_devs": 2
        }, 
        "fit": "Linear", 
        "value": 189.15207805124135
    }, 
    "Ar40": {
        "error": 0.11341721709216657, 
        "filter_outliers_dict": {
            "filter_outliers": true, 
            "iterations": 1, 
            "std_devs": 2
        }, 
        "fit": "Linear", 
        "value": 1009.7796243491272
    }, 
    "Ar41": {
        "error": 0.004932035481816431, 
        "filter_outliers_dict": {
            "filter_outliers": true, 
            "iterations": 1, 
            "std_devs": 2
        }, 
        "fit": "Average", 
        "value": 0.11665526886924986
    }
}