{
    "Ar36": {
        "error": 0.0005804773240702358, 
        "filter_outliers_dict": {
            "filter_outliers": true, 
            "iterations": 1, 
            "std_devs": 2
        }, 
        "fit": "Linear", 
        "value": 0.0515313128123474
    }, 
    "Ar37": {
        "error": 0.011380205050900235, 
        "filter_outliers_dict": {
            "filter_outliers": true, 
            "iterations": 1, 
            "std_devs": 2
        }, 
        "fit": "linear", 
        "value": 0.6533095886334466
    }, 
    "Ar38": {
        "error": 0.005016945679824982, 
        "filter_outliers_dict": {
            "filter_outliers": true, 
            "iterations": 1, 
            "std_devs": 2
        }, 
        "fit": "linear", 
        "value": 1.7973962404277861
    }, 
    "Ar39": {
        "error": 0.029759721719804007, 
        "filter_outliers_dict": {
            "filter_outliers": true, 
            "iterations": 1, 
            "std_devs": 2
        }, 
        "fit": "Linear", 
        "value": 136.59820302899243
    }, 
    "Ar40": {
        "error": 0.06556747624913141, 
        "filter_outliers_dict": {
            "filter_outliers": true, 
            "iterations": 1, 
            "std_devs": 2
        }, 
        "fit": "Linear", 
        "value": 532.5255126708336
    }, 
    "Ar41": {
        "error": 0.004763767091023908, 
        "filter_outliers_dict": {
            "filter_outliers": true, 
            "iterations": 1, 
            "std_devs": 2
        }, 
        "fit": "Average", 
        "value": 0.1058788289201793
    }
}