{
    "Ar36": {
        "error": 0.0006087256649451666, 
        "filter_outliers_dict": {
            "filter_outliers": true, 
            "iterations": 1, 
            "std_devs": 2
        }, 
        "fit": "Linear", 
        "value": 0.059777149220927694
    }, 
    "Ar37": {
        "error": 0.010922599768157496, 
        "filter_outliers_dict": {
            "filter_outliers": true, 
            "iterations": 1, 
            "std_devs": 2
        }, 
        "fit": "linear", 
        "value": 0.21769920488642786
    }, 
    "Ar38": {
        "error": 0.004693672698790279, 
        "filter_outliers_dict": {
            "filter_outliers": true, 
            "iterations": 1, 
            "std_devs": 2
        }, 
        "fit": "linear", 
        "value": 0.22849907490431678
    }, 
    "Ar39": {
        "error": 0.01351500204526151, 
        "filter_outliers_dict": {
            "filter_outliers": true, 
            "iterations": 1, 
            "std_devs": 2
        }, 
        "fit": "Linear", 
        "value": 16.23779233899413
    }, 
    "Ar40": {
        "error": 0.02369309057027767, 
        "filter_outliers_dict": {
            "filter_outliers": true, 
            "iterations": 1, 
            "std_devs": 2
        }, 
        "fit": "Linear", 
        "value": 120.72636522908569
    }, 
    "Ar41": {
        "error": 0.004691376913934793, 
        "filter_outliers_dict": {
            "filter_outliers": true, 
            "iterations": 1, 
            "std_devs": 2
        }, 
        "fit": "Average", 
        "value": 0.09421307841409207
    }
}