{
    "Ar36": {
        "error": 0.00041215314099178943, 
        "filter_outliers_dict": {
            "filter_outliers": true, 
            "iterations": 1, 
            "std_devs": 2
        }, 
        "fit": "Linear", 
        "value": 0.025914148266522583
    }, 
    "Ar37": {
        "error": 0.00980306028821511, 
        "filter_outliers_dict": {
            "filter_outliers": true, 
            "iterations": 1, 
            "std_devs": 2
        }, 
        "fit": "linear", 
        "value": 1.0389902748761737
    }, 
    "Ar38": {
        "error": 0.006311613835300615, 
        "filter_outliers_dict": {
            "filter_outliers": true, 
            "iterations": 1, 
            "std_devs": 2
        }, 
        "fit": "linear", 
        "value": 3.0887594821061244
    }, 
    "Ar39": {
        "error": 0.042502804254933746, 
        "filter_outliers_dict": {
            "filter_outliers": true, 
            "iterations": 1, 
            "std_devs": 2
        }, 
        "fit": "Linear", 
        "value": 234.6432820356485
    }, 
    "Ar40": {
        "error": 0.12634651701436683, 
        "filter_outliers_dict": {
            "filter_outliers": true, 
            "iterations": 1, 
            "std_devs": 2
        }, 
        "fit": "Linear", 
        "value": 1318.7535678232114
    }, 
    "Ar41": {
        "error": 0.004512741963190422, 
        "filter_outliers_dict": {
            "filter_outliers": true, 
            "iterations": 1, 
            "std_devs": 2
        }, 
        "fit": "Average", 
        "value": 0.14946823188908995
    }
}