{
    "Ar36": {
        "error": 0.0005739160529476449, 
        "filter_outliers_dict": {
            "filter_outliers": true, 
            "iterations": 1, 
            "std_devs": 2
        }, 
        "fit": "Linear", 
        "value": 0.04908968385876307
    }, 
    "Ar37": {
        "error": 0.010497933878626707, 
        "filter_outliers_dict": {
            "filter_outliers": true, 
            "iterations": 1, 
            "std_devs": 2
        }, 
        "fit": "linear", 
        "value": 1.2028027357023234
    }, 
    "Ar38": {
        "error": 0.005467581455604856, 
        "filter_outliers_dict": {
            "filter_outliers": true, 
            "iterations": 1, 
            "std_devs": 2
        }, 
        "fit": "linear", 
        "value": 2.7919458584819736
    }, 
    "Ar39": {
        "error": 0.03773064701167675, 
        "filter_outliers_dict": {
            "filter_outliers": true, 
            "iterations": 1, 
            "std_devs": 2
        }, 
        "fit": "Linear", 
        "value": 211.65061319638045
    }, 
    "Ar40": {
        "error": 0.14767030736079365, 
        "filter_outliers_dict": {
            "filter_outliers": true, 
            "iterations": 1, 
            "std_devs": 2
        }, 
        "fit": "Linear", 
        "value": 1131.9295277473668
    }, 
    "Ar41": {
        "error": 0.0043440848317659745, 
        "filter_outliers_dict": {
            "filter_outliers": true, 
            "iterations": 1, 
            "std_devs": 2
        }, 
        "fit": "Average", 
        "value": 0.1260642121469909
    }
}