{
    "Ar36": {
        "error": 0.000874780810396596, 
        "filter_outliers_dict": {
            "filter_outliers": true, 
            "iterations": 1, 
            "std_devs": 2
        }, 
        "fit": "Linear", 
        "value": 0.11929200454295533
    }, 
    "Ar37": {
        "error": 0.011333124536049885, 
        "filter_outliers_dict": {
            "filter_outliers": true, 
            "iterations": 1, 
            "std_devs": 2
        }, 
        "fit": "linear", 
        "value": 0.2758339090131189
    }, 
    "Ar38": {
        "error": 0.0052067692945590325, 
        "filter_outliers_dict": {
            "filter_outliers": true, 
            "iterations": 1, 
            "std_devs": 2
        }, 
        "fit": "linear", 
        "value": 0.699868212739684
    }, 
    "Ar39": {
        "error": 0.015403805655267689, 
        "filter_outliers_dict": {
            "filter_outliers": true, 
            "iterations": 1, 
            "std_devs": 2
        }, 
        "fit": "Linear", 
        "value": 50.915675958489686
    }, 
    "Ar40": {
        "error": 0.06590040663400157, 
        "filter_outliers_dict": {
            "filter_outliers": true, 
            "iterations": 1, 
            "std_devs": 2
        }, 
        "fit": "Linear", 
        "value": 444.9545748842255
    }, 
    "Ar41": {
        "error": 0.0045398230063240196, 
        "filter_outliers_dict": {
            "filter_outliers": true, 
            "iterations": 1, 
            "std_devs": 2
        }, 
        "fit": "Average", 
        "value": 0.08707811624248954
    }
}