{
    "Ar36": {
        "error": 0.0005695468530133203, 
        "filter_outliers_dict": {
            "filter_outliers": true, 
            "iterations": 1, 
            "std_devs": 2
        }, 
        "fit": "Linear", 
        "value": 0.04781040572047741
    }, 
    "Ar37": {
        "error": 0.010458825061286255, 
        "filter_outliers_dict": {
            "filter_outliers": true, 
            "iterations": 1, 
            "std_devs": 2
        }, 
        "fit": "linear", 
        "value": 0.6394482757618684
    }, 
    "Ar38": {
        "error": 0.005213482356330676, 
        "filter_outliers_dict": {
            "filter_outliers": true, 
            "iterations": 1, 
            "std_devs": 2
        }, 
        "fit": "linear", 
        "value": 1.0659589390909296
    }, 
    "Ar39": {
        "error": 0.023412453304034644, 
        "filter_outliers_dict": {
            "filter_outliers": true, 
            "iterations": 1, 
            "std_devs": 2
        }, 
        "fit": "Linear", 
        "value": 80.17587271038121
    }, 
    "Ar40": {
        "error": 0.05164818668329787, 
        "filter_outliers_dict": {
            "filter_outliers": true, 
            "iterations": 1, 
            "std_devs": 2
        }, 
        "fit": "Linear", 
        "value": 402.20816307456505
    }, 
    "Ar41": {
        "error": 0.0038046943452045364, 
        "filter_outliers_dict": {
            "filter_outliers": true, 
            "iterations": 1, 
            "std_devs": 2
        }, 
        "fit": "Average", 
        "value": 0.09808244584031695
    }
}