{
    "Ar36": {
        "error": 0.00021009323221705538, 
        "filter_outliers_dict": {
            "filter_outliers": true, 
            "iterations": 1, 
            "std_devs": 2
        }, 
        "fit": "Linear", 
        "value": 0.005720577726596331
    }, 
    "Ar37": {
        "error": 0.011713028873180889, 
        "filter_outliers_dict": {
            "filter_outliers": true, 
            "iterations": 1, 
            "std_devs": 2
        }, 
        "fit": "linear", 
        "value": 0.6786962646784667
    }, 
    "Ar38": {
        "error": 0.004733247119446881, 
        "filter_outliers_dict": {
            "filter_outliers": true, 
            "iterations": 1, 
            "std_devs": 2
        }, 
        "fit": "linear", 
        "value": 0.6361113840653847
    }, 
    "Ar39": {
        "error": 0.017268721402843964, 
        "filter_outliers_dict": {
            "filter_outliers": true, 
            "iterations": 1, 
            "std_devs": 2
        }, 
        "fit": "Linear", 
        "value": 48.536606715140394
    }, 
    "Ar40": {
        "error": 0.05626007385091614, 
        "filter_outliers_dict": {
            "filter_outliers": true, 
            "iterations": 1, 
            "std_devs": 2
        }, 
        "fit": "Linear", 
        "value": 448.0726904981373
    }, 
    "Ar41": {
        "error": 0.004415537121800199, 
        "filter_outliers_dict": {
            "filter_outliers": true, 
            "iterations": 1, 
            "std_devs": 2
        }, 
        "fit": "Average", 
        "value": 0.09589759034769135
    }
}