{
    "Ar36": {
        "error": 0.00037567174779475434, 
        "filter_outliers_dict": {
            "filter_outliers": true, 
            "iterations": 1, 
            "std_devs": 2
        }, 
        "fit": "Linear", 
        "value": 0.02059662786568185
    }, 
    "Ar37": {
        "error": 0.010833252984549905, 
        "filter_outliers_dict": {
            "filter_outliers": true, 
            "iterations": 1, 
            "std_devs": 2
        }, 
        "fit": "linear", 
        "value": 0.3236428267716697
    }, 
    "Ar38": {
        "error": 0.0050394216903306725, 
        "filter_outliers_dict": {
            "filter_outliers": true, 
            "iterations": 1, 
            "std_devs": 2
        }, 
        "fit": "linear", 
        "value": 0.7027897919750721
    }, 
    "Ar39": {
        "error": 0.01829896645078007, 
        "filter_outliers_dict": {
            "filter_outliers": true, 
            "iterations": 1, 
            "std_devs": 2
        }, 
        "fit": "Linear", 
        "value": 53.15805214116872
    }, 
    "Ar40": {
        "error": 0.05800761654469763, 
        "filter_outliers_dict": {
            "filter_outliers": true, 
            "iterations": 1, 
            "std_devs": 2
        }, 
        "fit": "Linear", 
        "value": 526.0283687978947
    }, 
    "Ar41": {
        "error": 0.004551773602234228, 
        "filter_outliers_dict": {
            "filter_outliers": true, 
            "iterations": 1, 
            "std_devs": 2
        }, 
        "fit": "Average", 
        "value": 0.10185370034466472
    }
}