{
    "Ar36": {
        "error": 0.00039099441203576296, 
        "filter_outliers_dict": {
            "filter_outliers": true, 
            "iterations": 1, 
            "std_devs": 2
        }, 
        "fit": "Linear", 
        "value": 0.01839512488624743
    }, 
    "Ar37": {
        "error": 0.010705249974024533, 
        "filter_outliers_dict": {
            "filter_outliers": true, 
            "iterations": 1, 
            "std_devs": 2
        }, 
        "fit": "linear", 
        "value": 0.5077755461736544
    }, 
    "Ar38": {
        "error": 0.005791672580078167, 
        "filter_outliers_dict": {
            "filter_outliers": true, 
            "iterations": 1, 
            "std_devs": 2
        }, 
        "fit": "linear", 
        "value": 1.01237000123753
    }, 
    "Ar39": {
        "error": 0.021535578909714533, 
        "filter_outliers_dict": {
            "filter_outliers": true, 
            "iterations": 1, 
            "std_devs": 2
        }, 
        "fit": "Linear", 
        "value": 76.06162571416635
    }, 
    "Ar40": {
        "error": 0.08255361284064877, 
        "filter_outliers_dict": {
            "filter_outliers": true, 
            "iterations": 1, 
            "std_devs": 2
        }, 
        "fit": "Linear", 
        "value": 680.7154391709183
    }, 
    "Ar41": {
        "error": 0.0043113938761655925, 
        "filter_outliers_dict": {
            "filter_outliers": true, 
            "iterations": 1, 
            "std_devs": 2
        }, 
        "fit": "Average", 
        "value": 0.12528943143304028
    }
}