{
    "Ar36": {
        "error": 0.000457274126543601, 
        "filter_outliers_dict": {
            "filter_outliers": true, 
            "iterations": 1, 
            "std_devs": 2
        }, 
        "fit": "Linear", 
        "value": 0.028219170600224594
    }, 
    "Ar37": {
        "error": 0.010596075083970645, 
        "filter_outliers_dict": {
            "filter_outliers": true, 
            "iterations": 1, 
            "std_devs": 2
        }, 
        "fit": "linear", 
        "value": 0.48176977720498954
    }, 
    "Ar38": {
        "error": 0.0054674127090743214, 
        "filter_outliers_dict": {
            "filter_outliers": true, 
            "iterations": 1, 
            "std_devs": 2
        }, 
        "fit": "linear", 
        "value": 0.9407302388634777
    }, 
    "Ar39": {
        "error": 0.020989916171549133, 
        "filter_outliers_dict": {
            "filter_outliers": true, 
            "iterations": 1, 
            "std_devs": 2
        }, 
        "fit": "Linear", 
        "value": 71.36300913646322
    }, 
    "Ar40": {
        "error": 0.040396575354531554, 
        "filter_outliers_dict": {
            "filter_outliers": true, 
            "iterations": 1, 
            "std_devs": 2
        }, 
        "fit": "Linear", 
        "value": 370.70634794882506
    }, 
    "Ar41": {
        "error": 0.004300521441123032, 
        "filter_outliers_dict": {
            "filter_outliers": true, 
            "iterations": 1, 
            "std_devs": 2
        }, 
        "fit": "Average", 
        "value": 0.09235362103519759
    }
}