{
    "Ar36": {
        "error": 0.0009151125238990553, 
        "filter_outliers_dict": {
            "filter_outliers": true, 
            "iterations": 1, 
            "std_devs": 2
        }, 
        "fit": "Linear", 
        "value": 0.1324448989372141
    }, 
    "Ar37": {
        "error": 0.012119485469861994, 
        "filter_outliers_dict": {
            "filter_outliers": true, 
            "iterations": 1, 
            "std_devs": 2
        }, 
        "fit": "linear", 
        "value": 1.5212369084452388
    }, 
    "Ar38": {
        "error": 0.005429014210196243, 
        "filter_outliers_dict": {
            "filter_outliers": true, 
            "iterations": 1, 
            "std_devs": 2
        }, 
        "fit": "linear", 
        "value": 3.8772621448450577
    }, 
    "Ar39": {
        "error": 0.045279138306580216, 
        "filter_outliers_dict": {
            "filter_outliers": true, 
            "iterations": 1, 
            "std_devs": 2
        }, 
        "fit": "Linear", 
        "value": 290.1274034244955
    }, 
    "Ar40": {
        "error": 0.371372929937498, 
        "filter_outliers_dict": {
            "filter_outliers": true, 
            "iterations": 1, 
            "std_devs": 2
        }, 
        "fit": "Linear", 
        "value": 3509.992364307199
    }, 
    "Ar41": {
        "error": 0.004616201836835719, 
        "filter_outliers_dict": {
            "filter_outliers": true, 
            "iterations": 1, 
            "std_devs": 2
        }, 
        "fit": "Average", 
        "value": 0.25414838763488784
    }
}