{
    "Ar36": {
        "error": 0.0005457802494570785, 
        "filter_outliers_dict": {
            "filter_outliers": true, 
            "iterations": 1, 
            "std_devs": 2
        }, 
        "fit": "Linear", 
        "value": 0.04070469146493334
    }, 
    "Ar37": {
        "error": 0.011162851156728992, 
        "filter_outliers_dict": {
            "filter_outliers": true, 
            "iterations": 1, 
            "std_devs": 2
        }, 
        "fit": "linear", 
        "value": 0.7478724140827312
    }, 
    "Ar38": {
        "error": 0.004398516004273115, 
        "filter_outliers_dict": {
            "filter_outliers": true, 
            "iterations": 1, 
            "std_devs": 2
        }, 
        "fit": "linear", 
        "value": 1.7693200650835037
    }, 
    "Ar39": {
        "error": 0.02873836072741356, 
        "filter_outliers_dict": {
            "filter_outliers": true, 
            "iterations": 1, 
            "std_devs": 2
        }, 
        "fit": "Linear", 
        "value": 133.45870754482132
    }, 
    "Ar40": {
        "error": 0.10143214447023458, 
        "filter_outliers_dict": {
            "filter_outliers": true, 
            "iterations": 1, 
            "std_devs": 2
        }, 
        "fit": "Linear", 
        "value": 881.8287017161526
    }, 
    "Ar41": {
        "error": 0.004816817624909513, 
        "filter_outliers_dict": {
            "filter_outliers": true, 
            "iterations": 1, 
            "std_devs": 2
        }, 
        "fit": "Average", 
        "value": 0.12174158900450868
    }
}