{
    "Ar36": {
        "error": 0.0004804819042155951, 
        "filter_outliers_dict": {
            "filter_outliers": true, 
            "iterations": 1, 
            "std_devs": 2
        }, 
        "fit": "Linear", 
        "value": 0.04146484574007127
    }, 
    "Ar37": {
        "error": 0.010170763372961508, 
        "filter_outliers_dict": {
            "filter_outliers": true, 
            "iterations": 1, 
            "std_devs": 2
        }, 
        "fit": "linear", 
        "value": 0.97148502452391
    }, 
    "Ar38": {
        "error": 0.005461302937153844, 
        "filter_outliers_dict": {
            "filter_outliers": true, 
            "iterations": 1, 
            "std_devs": 2
        }, 
        "fit": "linear", 
        "value": 2.675414237290209
    }, 
    "Ar39": {
        "error": 0.03614082631776609, 
        "filter_outliers_dict": {
            "filter_outliers": true, 
            "iterations": 1, 
            "std_devs": 2
        }, 
        "fit": "Linear", 
        "value": 203.45274691493287
    }, 
    "Ar40": {
        "error": 0.17354622018705562, 
        "filter_outliers_dict": {
            "filter_outliers": true, 
            "iterations": 1, 
            "std_devs": 2
        }, 
        "fit": "Linear", 
        "value": 1609.0644158333032
    }, 
    "Ar41": {
        "error": 0.004747522595404172, 
        "filter_outliers_dict": {
            "filter_outliers": true, 
            "iterations": 1, 
            "std_devs": 2
        }, 
        "fit": "Average", 
        "value": 0.15040913772845224
    }
}