{
    "Ar36": {
        "error": 0.00044854690911840574, 
        "filter_outliers_dict": {
            "filter_outliers": true, 
            "iterations": 1, 
            "std_devs": 2
        }, 
        "fit": "Linear", 
        "value": 0.03919955275781526
    }, 
    "Ar37": {
        "error": 0.01005250208491693, 
        "filter_outliers_dict": {
            "filter_outliers": true, 
            "iterations": 1, 
            "std_devs": 2
        }, 
        "fit": "linear", 
        "value": 1.2199181456554515
    }, 
    "Ar38": {
        "error": 0.004989532769310222, 
        "filter_outliers_dict": {
            "filter_outliers": true, 
            "iterations": 1, 
            "std_devs": 2
        }, 
        "fit": "linear", 
        "value": 2.2686030063265172
    }, 
    "Ar39": {
        "error": 0.03182660066087969, 
        "filter_outliers_dict": {
            "filter_outliers": true, 
            "iterations": 1, 
            "std_devs": 2
        }, 
        "fit": "Linear", 
        "value": 171.32030962177276
    }, 
    "Ar40": {
        "error": 0.08056718710788177, 
        "filter_outliers_dict": {
            "filter_outliers": true, 
            "iterations": 1, 
            "std_devs": 2
        }, 
        "fit": "Linear", 
        "value": 895.3666647407133
    }, 
    "Ar41": {
        "error": 0.005160296221086203, 
        "filter_outliers_dict": {
            "filter_outliers": true, 
            "iterations": 1, 
            "std_devs": 2
        }, 
        "fit": "Average", 
        "value": 0.12581283960182307
    }
}