{
    "Ar36": {
        "error": 0.00024527329979921476, 
        "filter_outliers_dict": {
            "filter_outliers": true, 
            "iterations": 1, 
            "std_devs": 2
        }, 
        "fit": "Linear", 
        "value": 0.00962935489785317
    }, 
    "Ar37": {
        "error": 0.012418652745764933, 
        "filter_outliers_dict": {
            "filter_outliers": true, 
            "iterations": 1, 
            "std_devs": 2
        }, 
        "fit": "linear", 
        "value": 0.16960240280314876
    }, 
    "Ar38": {
        "error": 0.004835528949925751, 
        "filter_outliers_dict": {
            "filter_outliers": true, 
            "iterations": 1, 
            "std_devs": 2
        }, 
        "fit": "linear", 
        "value": -0.006118888376396238
    }, 
    "Ar39": {
        "error": 0.010926072052676636, 
        "filter_outliers_dict": {
            "filter_outliers": true, 
            "iterations": 1, 
            "std_devs": 2
        }, 
        "fit": "Linear", 
        "value": 0.3174650318776483
    }, 
    "Ar40": {
        "error": 0.01190687793392168, 
        "filter_outliers_dict": {
            "filter_outliers": true, 
            "iterations": 1, 
            "std_devs": 2
        }, 
        "fit": "Linear", 
        "value": 15.376842590343779
    }, 
    "Ar41": {
        "error": 0.004557327943157848, 
        "filter_outliers_dict": {
            "filter_outliers": true, 
            "iterations": 1, 
            "std_devs": 2
        }, 
        "fit": "Average", 
        "value": 0.08964698394155758
    }
}