{
    "Ar36": {
        "error": 0.0020998341558164046, 
        "filter_outliers_dict": {
            "filter_outliers": true, 
            "iterations": 1, 
            "std_devs": 2
        }, 
        "fit": "Linear", 
        "value": 0.7263523581690311
    }, 
    "Ar37": {
        "error": 0.010590405809782242, 
        "filter_outliers_dict": {
            "filter_outliers": true, 
            "iterations": 1, 
            "std_devs": 2
        }, 
        "fit": "linear", 
        "value": 0.4143697509703998
    }, 
    "Ar38": {
        "error": 0.004197613997295309, 
        "filter_outliers_dict": {
            "filter_outliers": true, 
            "iterations": 1, 
            "std_devs": 2
        }, 
        "fit": "linear", 
        "value": 0.8830546410866624
    }, 
    "Ar39": {
        "error": 0.019664127296272933, 
        "filter_outliers_dict": {
            "filter_outliers": true, 
            "iterations": 1, 
            "std_devs": 2
        }, 
        "fit": "Linear", 
        "value": 56.931888658069894
    }, 
    "Ar40": {
        "error": 0.06786994757910471, 
        "filter_outliers_dict": {
            "filter_outliers": true, 
            "iterations": 1, 
            "std_devs": 2
        }, 
        "fit": "Linear", 
        "value": 583.7180417245928
    }, 
    "Ar41": {
        "error": 0.004373093076790767, 
        "filter_outliers_dict": {
            "filter_outliers": true, 
            "iterations": 1, 
            "std_devs": 2
        }, 
        "fit": "Average", 
        "value": 0.1106643693517588
    }
}