{
    "Ar36": {
        "error": 0.00046830431500329846, 
        "filter_outliers_dict": {
            "filter_outliers": true, 
            "iterations": 1, 
            "std_devs": 2
        }, 
        "fit": "Linear", 
        "value": 0.0346807241133675
    }, 
    "Ar37": {
        "error": 0.012640795577636945, 
        "filter_outliers_dict": {
            "filter_outliers": true, 
            "iterations": 1, 
            "std_devs": 2
        }, 
        "fit": "linear", 
        "value": 0.20849206906208229
    }, 
    "Ar38": {
        "error": 0.004655338723229968, 
        "filter_outliers_dict": {
            "filter_outliers": true, 
            "iterations": 1, 
            "std_devs": 2
        }, 
        "fit": "linear", 
        "value": 0.14857827584623395
    }, 
    "Ar39": {
        "error": 0.014365436515996522, 
        "filter_outliers_dict": {
            "filter_outliers": true, 
            "iterations": 1, 
            "std_devs": 2
        }, 
        "fit": "Linear", 
        "value": 11.050904559367265
    }, 
    "Ar40": {
        "error": 0.01679339319537619, 
        "filter_outliers_dict": {
            "filter_outliers": true, 
            "iterations": 1, 
            "std_devs": 2
        }, 
        "fit": "Linear", 
        "value": 65.13117647080574
    }, 
    "Ar41": {
        "error": 0.005509697571272573, 
        "filter_outliers_dict": {
            "filter_outliers": true, 
            "iterations": 1, 
            "std_devs": 2
        }, 
        "fit": "Average", 
        "value": 0.08110708834970802
    }
}