{
    "Ar36": {
        "error": 0.00042873142887048975, 
        "filter_outliers_dict": {
            "filter_outliers": true, 
            "iterations": 1, 
            "std_devs": 2
        }, 
        "fit": "Linear", 
        "value": 0.03511664160518872
    }, 
    "Ar37": {
        "error": 0.011333061422174853, 
        "filter_outliers_dict": {
            "filter_outliers": true, 
            "iterations": 1, 
            "std_devs": 2
        }, 
        "fit": "linear", 
        "value": 0.7628192903823671
    }, 
    "Ar38": {
        "error": 0.005246385356756329, 
        "filter_outliers_dict": {
            "filter_outliers": true, 
            "iterations": 1, 
            "std_devs": 2
        }, 
        "fit": "linear", 
        "value": 1.8933681233428423
    }, 
    "Ar39": {
        "error": 0.024631054676635743, 
        "filter_outliers_dict": {
            "filter_outliers": true, 
            "iterations": 1, 
            "std_devs": 2
        }, 
        "fit": "Linear", 
        "value": 142.92366699654121
    }, 
    "Ar40": {
        "error": 0.10702719918592196, 
        "filter_outliers_dict": {
            "filter_outliers": true, 
            "iterations": 1, 
            "std_devs": 2
        }, 
        "fit": "Linear", 
        "value": 942.4287166006525
    }, 
    "Ar41": {
        "error": 0.003882730882296476, 
        "filter_outliers_dict": {
            "filter_outliers": true, 
            "iterations": 1, 
            "std_devs": 2
        }, 
        "fit": "Average", 
        "value": 0.13368534525866474
    }
}