{
    "Ar36": {
        "error": 0.0014091004370389323, 
        "filter_outliers_dict": {
            "filter_outliers": true, 
            "iterations": 1, 
            "std_devs": 2
        }, 
        "fit": "Linear", 
        "value": 0.21985660446121397
    }, 
    "Ar37": {
        "error": 0.012051277635156506, 
        "filter_outliers_dict": {
            "filter_outliers": true, 
            "iterations": 1, 
            "std_devs": 2
        }, 
        "fit": "linear", 
        "value": 1.0369985297142423
    }, 
    "Ar38": {
        "error": 0.005177506119766396, 
        "filter_outliers_dict": {
            "filter_outliers": true, 
            "iterations": 1, 
            "std_devs": 2
        }, 
        "fit": "linear", 
        "value": 2.713179303127866
    }, 
    "Ar39": {
        "error": 0.033331489324321686, 
        "filter_outliers_dict": {
            "filter_outliers": true, 
            "iterations": 1, 
            "std_devs": 2
        }, 
        "fit": "Linear", 
        "value": 203.20439152862278
    }, 
    "Ar40": {
        "error": 0.14264076070332254, 
        "filter_outliers_dict": {
            "filter_outliers": true, 
            "iterations": 1, 
            "std_devs": 2
        }, 
        "fit": "Linear", 
        "value": 1363.9323313721573
    }, 
    "Ar41": {
        "error": 0.0043649751884626345, 
        "filter_outliers_dict": {
            "filter_outliers": true, 
            "iterations": 1, 
            "std_devs": 2
        }, 
        "fit": "Average", 
        "value": 0.14544166663347252
    }
}