{
    "Ar36": {
        "error": 0.0005580581726862906, 
        "filter_outliers_dict": {
            "filter_outliers": true, 
            "iterations": 1, 
            "std_devs": 2
        }, 
        "fit": "Linear", 
        "value": 0.0484012592923312
    }, 
    "Ar37": {
        "error": 0.01002143187486615, 
        "filter_outliers_dict": {
            "filter_outliers": true, 
            "iterations": 1, 
            "std_devs": 2
        }, 
        "fit": "linear", 
        "value": 0.35596659851126267
    }, 
    "Ar38": {
        "error": 0.005311611035398153, 
        "filter_outliers_dict": {
            "filter_outliers": true, 
            "iterations": 1, 
            "std_devs": 2
        }, 
        "fit": "linear", 
        "value": 0.49277202971428347
    }, 
    "Ar39": {
        "error": 0.017994272956016376, 
        "filter_outliers_dict": {
            "filter_outliers": true, 
            "iterations": 1, 
            "std_devs": 2
        }, 
        "fit": "Linear", 
        "value": 37.16037031072467
    }, 
    "Ar40": {
        "error": 0.0242522234131359, 
        "filter_outliers_dict": {
            "filter_outliers": true, 
            "iterations": 1, 
            "std_devs": 2
        }, 
        "fit": "Linear", 
        "value": 178.17441386385173
    }, 
    "Ar41": {
        "error": 0.00489902726387809, 
        "filter_outliers_dict": {
            "filter_outliers": true, 
            "iterations": 1, 
            "std_devs": 2
        }, 
        "fit": "Average", 
        "value": 0.08406723371846693
    }
}