{
    "Ar36": {
        "error": 0.0006708483745674177, 
        "filter_outliers_dict": {
            "filter_outliers": true, 
            "iterations": 1, 
            "std_devs": 2
        }, 
        "fit": "Linear", 
        "value": 0.07913361851376982
    }, 
    "Ar37": {
        "error": 0.011317176361996062, 
        "filter_outliers_dict": {
            "filter_outliers": true, 
            "iterations": 1, 
            "std_devs": 2
        }, 
        "fit": "linear", 
        "value": 0.801704077893211
    }, 
    "Ar38": {
        "error": 0.005297722503407529, 
        "filter_outliers_dict": {
            "filter_outliers": true, 
            "iterations": 1, 
            "std_devs": 2
        }, 
        "fit": "linear", 
        "value": 1.3462521018618214
    }, 
    "Ar39": {
        "error": 0.024029413888631265, 
        "filter_outliers_dict": {
            "filter_outliers": true, 
            "iterations": 1, 
            "std_devs": 2
        }, 
        "fit": "Linear", 
        "value": 102.22173292140596
    }, 
    "Ar40": {
        "error": 0.05915307355489642, 
        "filter_outliers_dict": {
            "filter_outliers": true, 
            "iterations": 1, 
            "std_devs": 2
        }, 
        "fit": "Linear", 
        "value": 538.8711820749018
    }, 
    "Ar41": {
        "error": 0.005059959588802555, 
        "filter_outliers_dict": {
            "filter_outliers": true, 
            "iterations": 1, 
            "std_devs": 2
        }, 
        "fit": "Average", 
        "value": 0.09896940910804589
    }
}