{
    "Ar36": {
        "error": 0.0004276786408465549, 
        "filter_outliers_dict": {
            "filter_outliers": true, 
            "iterations": 1, 
            "std_devs": 2
        }, 
        "fit": "Linear", 
        "value": 0.03580729638453294
    }, 
    "Ar37": {
        "error": 0.012106533457381226, 
        "filter_outliers_dict": {
            "filter_outliers": true, 
            "iterations": 1, 
            "std_devs": 2
        }, 
        "fit": "linear", 
        "value": 0.6548852830886138
    }, 
    "Ar38": {
        "error": 0.005336129186806062, 
        "filter_outliers_dict": {
            "filter_outliers": true, 
            "iterations": 1, 
            "std_devs": 2
        }, 
        "fit": "linear", 
        "value": 1.4266326204108366
    }, 
    "Ar39": {
        "error": 0.023570549636850534, 
        "filter_outliers_dict": {
            "filter_outliers": true, 
            "iterations": 1, 
            "std_devs": 2
        }, 
        "fit": "Linear", 
        "value": 108.07414179015004
    }, 
    "Ar40": {
        "error": 0.09289751589639834, 
        "filter_outliers_dict": {
            "filter_outliers": true, 
            "iterations": 1, 
            "std_devs": 2
        }, 
        "fit": "Linear", 
        "value": 712.1419565697795
    }, 
    "Ar41": {
        "error": 0.004875014131623591, 
        "filter_outliers_dict": {
            "filter_outliers": true, 
            "iterations": 1, 
            "std_devs": 2
        }, 
        "fit": "Average", 
        "value": 0.11400583693405153
    }
}