{
    "Ar36": {
        "error": 0.0009238221509866437, 
        "filter_outliers_dict": {
            "filter_outliers": true, 
            "iterations": 1, 
            "std_devs": 2
        }, 
        "fit": "Linear", 
        "value": 0.13037256182891444
    }, 
    "Ar37": {
        "error": 0.011003822479329704, 
        "filter_outliers_dict": {
            "filter_outliers": true, 
            "iterations": 1, 
            "std_devs": 2
        }, 
        "fit": "linear", 
        "value": 1.3521582038424254
    }, 
    "Ar38": {
        "error": 0.004787459517167858, 
        "filter_outliers_dict": {
            "filter_outliers": true, 
            "iterations": 1, 
            "std_devs": 2
        }, 
        "fit": "linear", 
        "value": 1.6224240066754123
    }, 
    "Ar39": {
        "error": 0.03016200665379845, 
        "filter_outliers_dict": {
            "filter_outliers": true, 
            "iterations": 1, 
            "std_devs": 2
        }, 
        "fit": "Linear", 
        "value": 120.95923153106946
    }, 
    "Ar40": {
        "error": 0.08425379710432436, 
        "filter_outliers_dict": {
            "filter_outliers": true, 
            "iterations": 1, 
            "std_devs": 2
        }, 
        "fit": "Linear", 
        "value": 790.8588229440259
    }, 
    "Ar41": {
        "error": 0.0043031109823381, 
        "filter_outliers_dict": {
            "filter_outliers": true, 
            "iterations": 1, 
            "std_devs": 2
        }, 
        "fit": "Average", 
        "value": 0.11709981166054724
    }
}