{
    "Ar36": {
        "error": 0.000292278043862895, 
        "filter_outliers_dict": {
            "filter_outliers": true, 
            "iterations": 1, 
            "std_devs": 2
        }, 
        "fit": "Linear", 
        "value": 0.011765954006128117
    }, 
    "Ar37": {
        "error": 0.010807607532357112, 
        "filter_outliers_dict": {
            "filter_outliers": true, 
            "iterations": 1, 
            "std_devs": 2
        }, 
        "fit": "linear", 
        "value": 1.3644173842059388
    }, 
    "Ar38": {
        "error": 0.004965070301707624, 
        "filter_outliers_dict": {
            "filter_outliers": true, 
            "iterations": 1, 
            "std_devs": 2
        }, 
        "fit": "linear", 
        "value": 2.704813790457906
    }, 
    "Ar39": {
        "error": 0.03533169584289129, 
        "filter_outliers_dict": {
            "filter_outliers": true, 
            "iterations": 1, 
            "std_devs": 2
        }, 
        "fit": "Linear", 
        "value": 204.3741230676676
    }, 
    "Ar40": {
        "error": 0.12300518918501809, 
        "filter_outliers_dict": {
            "filter_outliers": true, 
            "iterations": 1, 
            "std_devs": 2
        }, 
        "fit": "Linear", 
        "value": 1065.595201987358
    }, 
    "Ar41": {
        "error": 0.00451785558889173, 
        "filter_outliers_dict": {
            "filter_outliers": true, 
            "iterations": 1, 
            "std_devs": 2
        }, 
        "fit": "Average", 
        "value": 0.13147314281565736
    }
}