{
    "Ar36": {
        "error": 0.0008265364080614352, 
        "filter_outliers_dict": {
            "filter_outliers": true, 
            "iterations": 1, 
            "std_devs": 2
        }, 
        "fit": "Linear", 
        "value": 0.10765537732198434
    }, 
    "Ar37": {
        "error": 0.011634521446889673, 
        "filter_outliers_dict": {
            "filter_outliers": true, 
            "iterations": 1, 
            "std_devs": 2
        }, 
        "fit": "linear", 
        "value": 0.49159149182494133
    }, 
    "Ar38": {
        "error": 0.005841951329449002, 
        "filter_outliers_dict": {
            "filter_outliers": true, 
            "iterations": 1, 
            "std_devs": 2
        }, 
        "fit": "linear", 
        "value": 0.9493044892031477
    }, 
    "Ar39": {
        "error": 0.017317293473976474, 
        "filter_outliers_dict": {
            "filter_outliers": true, 
            "iterations": 1, 
            "std_devs": 2
        }, 
        "fit": "Linear", 
        "value": 71.43969905745783
    }, 
    "Ar40": {
        "error": 0.06767055922003429, 
        "filter_outliers_dict": {
            "filter_outliers": true, 
            "iterations": 1, 
            "std_devs": 2
        }, 
        "fit": "Linear", 
        "value": 687.5304929220836
    }, 
    "Ar41": {
        "error": 0.003862028418575588, 
        "filter_outliers_dict": {
            "filter_outliers": true, 
            "iterations": 1, 
            "std_devs": 2
        }, 
        "fit": "Average", 
        "value": 0.11133389038467922
    }
}