{
    "Ar36": {
        "error": 0.0005867482638994299, 
        "filter_outliers_dict": {
            "filter_outliers": true, 
            "iterations": 1, 
            "std_devs": 2
        }, 
        "fit": "Linear", 
        "value": 0.040863018125688676
    }, 
    "Ar37": {
        "error": 0.010783356012366296, 
        "filter_outliers_dict": {
            "filter_outliers": true, 
            "iterations": 1, 
            "std_devs": 2
        }, 
        "fit": "linear", 
        "value": 0.3915741825679013
    }, 
    "Ar38": {
        "error": 0.005376791234644503, 
        "filter_outliers_dict": {
            "filter_outliers": true, 
            "iterations": 1, 
            "std_devs": 2
        }, 
        "fit": "linear", 
        "value": 0.5022609595282919
    }, 
    "Ar39": {
        "error": 0.017630998571444092, 
        "filter_outliers_dict": {
            "filter_outliers": true, 
            "iterations": 1, 
            "std_devs": 2
        }, 
        "fit": "Linear", 
        "value": 38.14067372606323
    }, 
    "Ar40": {
        "error": 0.03219007036002094, 
        "filter_outliers_dict": {
            "filter_outliers": true, 
            "iterations": 1, 
            "std_devs": 2
        }, 
        "fit": "Linear", 
        "value": 205.53462726625577
    }, 
    "Ar41": {
        "error": 0.004235877501950496, 
        "filter_outliers_dict": {
            "filter_outliers": true, 
            "iterations": 1, 
            "std_devs": 2
        }, 
        "fit": "Average", 
        "value": 0.08266430833916197
    }
}