{
    "Ar36": {
        "error": 0.0005907838618434004, 
        "filter_outliers_dict": {
            "filter_outliers": true, 
            "iterations": 1, 
            "std_devs": 2
        }, 
        "fit": "Linear", 
        "value": 0.04452458743491129
    }, 
    "Ar37": {
        "error": 0.011385992288559037, 
        "filter_outliers_dict": {
            "filter_outliers": true, 
            "iterations": 1, 
            "std_devs": 2
        }, 
        "fit": "linear", 
        "value": 0.24762363995249728
    }, 
    "Ar38": {
        "error": 0.005062108314173585, 
        "filter_outliers_dict": {
            "filter_outliers": true, 
            "iterations": 1, 
            "std_devs": 2
        }, 
        "fit": "linear", 
        "value": 0.043602811413055886
    }, 
    "Ar39": {
        "error": 0.010901879032650648, 
        "filter_outliers_dict": {
            "filter_outliers": true, 
            "iterations": 1, 
            "std_devs": 2
        }, 
        "fit": "Linear", 
        "value": 3.701924640802378
    }, 
    "Ar40": {
        "error": 0.014146146090567056, 
        "filter_outliers_dict": {
            "filter_outliers": true, 
            "iterations": 1, 
            "std_devs": 2
        }, 
        "fit": "Linear", 
        "value": 36.121123669424094
    }, 
    "Ar41": {
        "error": 0.004805799461623064, 
        "filter_outliers_dict": {
            "filter_outliers": true, 
            "iterations": 1, 
            "std_devs": 2
        }, 
        "fit": "Average", 
        "value": 0.08531743071257525
    }
}