{
    "Ar36": {
        "error": 0.0003750027816370518, 
        "filter_outliers_dict": {
            "filter_outliers": true, 
            "iterations": 1, 
            "std_devs": 2
        }, 
        "fit": "Linear", 
        "value": 0.020274665829593093
    }, 
    "Ar37": {
        "error": 0.012332083358200742, 
        "filter_outliers_dict": {
            "filter_outliers": true, 
            "iterations": 1, 
            "std_devs": 2
        }, 
        "fit": "linear", 
        "value": 1.0606939524653043
    }, 
    "Ar38": {
        "error": 0.005298512852124759, 
        "filter_outliers_dict": {
            "filter_outliers": true, 
            "iterations": 1, 
            "std_devs": 2
        }, 
        "fit": "linear", 
        "value": 2.520167882915544
    }, 
    "Ar39": {
        "error": 0.035779691754908596, 
        "filter_outliers_dict": {
            "filter_outliers": true, 
            "iterations": 1, 
            "std_devs": 2
        }, 
        "fit": "Linear", 
        "value": 191.35115903631515
    }, 
    "Ar40": {
        "error": 0.16058626269623377, 
        "filter_outliers_dict": {
            "filter_outliers": true, 
            "iterations": 1, 
            "std_devs": 2
        }, 
        "fit": "Linear", 
        "value": 1738.6601242019215
    }, 
    "Ar41": {
        "error": 0.004781436428665382, 
        "filter_outliers_dict": {
            "filter_outliers": true, 
            "iterations": 1, 
            "std_devs": 2
        }, 
        "fit": "Average", 
        "value": 0.1606928760942961
    }
}