{
    "Ar36": {
        "error": 0.000344978682874926, 
        "filter_outliers_dict": {
            "filter_outliers": true, 
            "iterations": 1, 
            "std_devs": 2
        }, 
        "fit": "Linear", 
        "value": 0.019438118749846252
    }, 
    "Ar37": {
        "error": 0.010335794950574085, 
        "filter_outliers_dict": {
            "filter_outliers": true, 
            "iterations": 1, 
            "std_devs": 2
        }, 
        "fit": "linear", 
        "value": 0.999975042126152
    }, 
    "Ar38": {
        "error": 0.004882981576892817, 
        "filter_outliers_dict": {
            "filter_outliers": true, 
            "iterations": 1, 
            "std_devs": 2
        }, 
        "fit": "linear", 
        "value": 0.8173586835863802
    }, 
    "Ar39": {
        "error": 0.015512045633260368, 
        "filter_outliers_dict": {
            "filter_outliers": true, 
            "iterations": 1, 
            "std_devs": 2
        }, 
        "fit": "Linear", 
        "value": 61.73003153601576
    }, 
    "Ar40": {
        "error": 0.05479482306118738, 
        "filter_outliers_dict": {
            "filter_outliers": true, 
            "iterations": 1, 
            "std_devs": 2
        }, 
        "fit": "Linear", 
        "value": 570.4805883787697
    }, 
    "Ar41": {
        "error": 0.004896651197214215, 
        "filter_outliers_dict": {
            "filter_outliers": true, 
            "iterations": 1, 
            "std_devs": 2
        }, 
        "fit": "Average", 
        "value": 0.11339906605609873
    }
}