{
    "Ar36": {
        "error": 0.0005034926072305998, 
        "filter_outliers_dict": {
            "filter_outliers": true, 
            "iterations": 1, 
            "std_devs": 2
        }, 
        "fit": "Linear", 
        "value": 0.035425706069633446
    }, 
    "Ar37": {
        "error": 0.01055737650742672, 
        "filter_outliers_dict": {
            "filter_outliers": true, 
            "iterations": 1, 
            "std_devs": 2
        }, 
        "fit": "linear", 
        "value": 1.2795020147366043
    }, 
    "Ar38": {
        "error": 0.005778347349952557, 
        "filter_outliers_dict": {
            "filter_outliers": true, 
            "iterations": 1, 
            "std_devs": 2
        }, 
        "fit": "linear", 
        "value": 3.3273836493565767
    }, 
    "Ar39": {
        "error": 0.03225805551132993, 
        "filter_outliers_dict": {
            "filter_outliers": true, 
            "iterations": 1, 
            "std_devs": 2
        }, 
        "fit": "Linear", 
        "value": 252.45238884432467
    }, 
    "Ar40": {
        "error": 0.13970403336859735, 
        "filter_outliers_dict": {
            "filter_outliers": true, 
            "iterations": 1, 
            "std_devs": 2
        }, 
        "fit": "Linear", 
        "value": 1470.8203200630026
    }, 
    "Ar41": {
        "error": 0.004737082964108835, 
        "filter_outliers_dict": {
            "filter_outliers": true, 
            "iterations": 1, 
            "std_devs": 2
        }, 
        "fit": "Average", 
        "value": 0.1475997243352754
    }
}