{
    "Ar36": {
        "error": 0.0005290801331644441, 
        "filter_outliers_dict": {
            "filter_outliers": true, 
            "iterations": 1, 
            "std_devs": 2
        }, 
        "fit": "Linear", 
        "value": 0.054614640784022186
    }, 
    "Ar37": {
        "error": 0.011556809180612082, 
        "filter_outliers_dict": {
            "filter_outliers": true, 
            "iterations": 1, 
            "std_devs": 2
        }, 
        "fit": "linear", 
        "value": 0.8891170508530366
    }, 
    "Ar38": {
        "error": 0.005319794513792998, 
        "filter_outliers_dict": {
            "filter_outliers": true, 
            "iterations": 1, 
            "std_devs": 2
        }, 
        "fit": "linear", 
        "value": 2.430983791979255
    }, 
    "Ar39": {
        "error": 0.030053034789211626, 
        "filter_outliers_dict": {
            "filter_outliers": true, 
            "iterations": 1, 
            "std_devs": 2
        }, 
        "fit": "Linear", 
        "value": 183.64724006932067
    }, 
    "Ar40": {
        "error": 0.21841410905663391, 
        "filter_outliers_dict": {
            "filter_outliers": true, 
            "iterations": 1, 
            "std_devs": 2
        }, 
        "fit": "Linear", 
        "value": 1814.242309819092
    }, 
    "Ar41": {
        "error": 0.005440735015807226, 
        "filter_outliers_dict": {
            "filter_outliers": true, 
            "iterations": 1, 
            "std_devs": 2
        }, 
        "fit": "Average", 
        "value": 0.17191426630685536
    }
}