{
    "Ar36": {
        "error": 0.0003611282778919687, 
        "filter_outliers_dict": {
            "filter_outliers": true, 
            "iterations": 1, 
            "std_devs": 2
        }, 
        "fit": "Linear", 
        "value": 0.016179329100144385
    }, 
    "Ar37": {
        "error": 0.010703471368502878, 
        "filter_outliers_dict": {
            "filter_outliers": true, 
            "iterations": 1, 
            "std_devs": 2
        }, 
        "fit": "linear", 
        "value": 0.9739414916603171
    }, 
    "Ar38": {
        "error": 0.004861700356755677, 
        "filter_outliers_dict": {
            "filter_outliers": true, 
            "iterations": 1, 
            "std_devs": 2
        }, 
        "fit": "linear", 
        "value": 1.0865407167931291
    }, 
    "Ar39": {
        "error": 0.021254641278595488, 
        "filter_outliers_dict": {
            "filter_outliers": true, 
            "iterations": 1, 
            "std_devs": 2
        }, 
        "fit": "Linear", 
        "value": 83.22357849846678
    }, 
    "Ar40": {
        "error": 0.0527599571408611, 
        "filter_outliers_dict": {
            "filter_outliers": true, 
            "iterations": 1, 
            "std_devs": 2
        }, 
        "fit": "Linear", 
        "value": 444.12741002016065
    }, 
    "Ar41": {
        "error": 0.0046121583259228945, 
        "filter_outliers_dict": {
            "filter_outliers": true, 
            "iterations": 1, 
            "std_devs": 2
        }, 
        "fit": "Average", 
        "value": 0.10735548138778372
    }
}