{
    "Ar36": {
        "error": 0.0006297126231555992, 
        "filter_outliers_dict": {
            "filter_outliers": true, 
            "iterations": 1, 
            "std_devs": 2
        }, 
        "fit": "Linear", 
        "value": 0.07758665171989539
    }, 
    "Ar37": {
        "error": 0.010761938691199834, 
        "filter_outliers_dict": {
            "filter_outliers": true, 
            "iterations": 1, 
            "std_devs": 2
        }, 
        "fit": "linear", 
        "value": 1.568500540574262
    }, 
    "Ar38": {
        "error": 0.004775765708355031, 
        "filter_outliers_dict": {
            "filter_outliers": true, 
            "iterations": 1, 
            "std_devs": 2
        }, 
        "fit": "linear", 
        "value": 1.1860831937164755
    }, 
    "Ar39": {
        "error": 0.023125434442239, 
        "filter_outliers_dict": {
            "filter_outliers": true, 
            "iterations": 1, 
            "std_devs": 2
        }, 
        "fit": "Linear", 
        "value": 87.66927099105772
    }, 
    "Ar40": {
        "error": 0.04739034268154209, 
        "filter_outliers_dict": {
            "filter_outliers": true, 
            "iterations": 1, 
            "std_devs": 2
        }, 
        "fit": "Linear", 
        "value": 433.8516571464299
    }, 
    "Ar41": {
        "error": 0.0054488787912532755, 
        "filter_outliers_dict": {
            "filter_outliers": true, 
            "iterations": 1, 
            "std_devs": 2
        }, 
        "fit": "Average", 
        "value": 0.10227883289598132
    }
}