{
    "Ar36": {
        "error": 0.00042276349683609797, 
        "filter_outliers_dict": {
            "filter_outliers": true, 
            "iterations": 1, 
            "std_devs": 2
        }, 
        "fit": "Linear", 
        "value": 0.026930629196840347
    }, 
    "Ar37": {
        "error": 0.011928253601329845, 
        "filter_outliers_dict": {
            "filter_outliers": true, 
            "iterations": 1, 
            "std_devs": 2
        }, 
        "fit": "linear", 
        "value": 0.4846093663542076
    }, 
    "Ar38": {
        "error": 0.005674855129477336, 
        "filter_outliers_dict": {
            "filter_outliers": true, 
            "iterations": 1, 
            "std_devs": 2
        }, 
        "fit": "linear", 
        "value": 2.1775675592678425
    }, 
    "Ar39": {
        "error": 0.030221180922016363, 
        "filter_outliers_dict": {
            "filter_outliers": true, 
            "iterations": 1, 
            "std_devs": 2
        }, 
        "fit": "Linear", 
        "value": 165.25122076187412
    }, 
    "Ar40": {
        "error": 0.18992741536332786, 
        "filter_outliers_dict": {
            "filter_outliers": true, 
            "iterations": 1, 
            "std_devs": 2
        }, 
        "fit": "Linear", 
        "value": 1621.4175237093687
    }, 
    "Ar41": {
        "error": 0.004610372074130419, 
        "filter_outliers_dict": {
            "filter_outliers": true, 
            "iterations": 1, 
            "std_devs": 2
        }, 
        "fit": "Average", 
        "value": 0.15992129330528573
    }
}