{
    "Ar36": {
        "error": 0.0003859003379964656, 
        "filter_outliers_dict": {
            "filter_outliers": true, 
            "iterations": 1, 
            "std_devs": 2
        }, 
        "fit": "Linear", 
        "value": 0.025902178349369892
    }, 
    "Ar37": {
        "error": 0.013253777630589063, 
        "filter_outliers_dict": {
            "filter_outliers": true, 
            "iterations": 1, 
            "std_devs": 2
        }, 
        "fit": "linear", 
        "value": 0.7473981653061752
    }, 
    "Ar38": {
        "error": 0.005497874610285459, 
        "filter_outliers_dict": {
            "filter_outliers": true, 
            "iterations": 1, 
            "std_devs": 2
        }, 
        "fit": "linear", 
        "value": 1.4518324454302398
    }, 
    "Ar39": {
        "error": 0.027695841654380066, 
        "filter_outliers_dict": {
            "filter_outliers": true, 
            "iterations": 1, 
            "std_devs": 2
        }, 
        "fit": "Linear", 
        "value": 110.07931499565629
    }, 
    "Ar40": {
        "error": 0.08126663665444812, 
        "filter_outliers_dict": {
            "filter_outliers": true, 
            "iterations": 1, 
            "std_devs": 2
        }, 
        "fit": "Linear", 
        "value": 733.5056379466014
    }, 
    "Ar41": {
        "error": 0.004889967102543093, 
        "filter_outliers_dict": {
            "filter_outliers": true, 
            "iterations": 1, 
            "std_devs": 2
        }, 
        "fit": "Average", 
        "value": 0.11454649306813969
    }
}