{
    "Ar36": {
        "error": 0.00047831701485728334, 
        "filter_outliers_dict": {
            "filter_outliers": true, 
            "iterations": 1, 
            "std_devs": 2
        }, 
        "fit": "Linear", 
        "value": 0.04362154154291141
    }, 
    "Ar37": {
        "error": 0.01204322407828443, 
        "filter_outliers_dict": {
            "filter_outliers": true, 
            "iterations": 1, 
            "std_devs": 2
        }, 
        "fit": "linear", 
        "value": 0.6100077517941341
    }, 
    "Ar38": {
        "error": 0.005344993863440191, 
        "filter_outliers_dict": {
            "filter_outliers": true, 
            "iterations": 1, 
            "std_devs": 2
        }, 
        "fit": "linear", 
        "value": 1.1533161266754786
    }, 
    "Ar39": {
        "error": 0.022939498499539513, 
        "filter_outliers_dict": {
            "filter_outliers": true, 
            "iterations": 1, 
            "std_devs": 2
        }, 
        "fit": "Linear", 
        "value": 86.21732220954038
    }, 
    "Ar40": {
        "error": 0.054886308800223306, 
        "filter_outliers_dict": {
            "filter_outliers": true, 
            "iterations": 1, 
            "std_devs": 2
        }, 
        "fit": "Linear", 
        "value": 426.47721546737273
    }, 
    "Ar41": {
        "error": 0.004105848969902436, 
        "filter_outliers_dict": {
            "filter_outliers": true, 
            "iterations": 1, 
            "std_devs": 2
        }, 
        "fit": "Average", 
        "value": 0.09137207767443817
    }
}