{
    "Ar36": {
        "error": 0.00020652991212387318, 
        "filter_outliers_dict": {
            "filter_outliers": true, 
            "iterations": 1, 
            "std_devs": 2
        }, 
        "fit": "Linear", 
        "value": 0.007991802691231781
    }, 
    "Ar37": {
        "error": 0.009179952705843633, 
        "filter_outliers_dict": {
            "filter_outliers": true, 
            "iterations": 1, 
            "std_devs": 2
        }, 
        "fit": "linear", 
        "value": 0.17335041497561074
    }, 
    "Ar38": {
        "error": 0.0045805738455127415, 
        "filter_outliers_dict": {
            "filter_outliers": true, 
            "iterations": 1, 
            "std_devs": 2
        }, 
        "fit": "linear", 
        "value": 0.1592737290398915
    }, 
    "Ar39": {
        "error": 0.01255442744442066, 
        "filter_outliers_dict": {
            "filter_outliers": true, 
            "iterations": 1, 
            "std_devs": 2
        }, 
        "fit": "Linear", 
        "value": 12.014716858777533
    }, 
    "Ar40": {
        "error": 0.23407191772734887, 
        "filter_outliers_dict": {
            "filter_outliers": true, 
            "iterations": 1, 
            "std_devs": 2
        }, 
        "fit": "Linear", 
        "value": 3759.4626239026466
    }, 
    "Ar41": {
        "error": 0.004395400723045773, 
        "filter_outliers_dict": {
            "filter_outliers": true, 
            "iterations": 1, 
            "std_devs": 2
        }, 
        "fit": "Average", 
        "value": 0.2558970167077497
    }
}