{
    "Ar36": {
        "error": 0.0005030852885652247, 
        "filter_outliers_dict": {
            "filter_outliers": true, 
            "iterations": 1, 
            "std_devs": 2
        }, 
        "fit": "Linear", 
        "value": 0.03576596225422419
    }, 
    "Ar37": {
        "error": 0.011566044929441473, 
        "filter_outliers_dict": {
            "filter_outliers": true, 
            "iterations": 1, 
            "std_devs": 2
        }, 
        "fit": "linear", 
        "value": 0.8380906010814855
    }, 
    "Ar38": {
        "error": 0.005305839648708347, 
        "filter_outliers_dict": {
            "filter_outliers": true, 
            "iterations": 1, 
            "std_devs": 2
        }, 
        "fit": "linear", 
        "value": 3.154757060396891
    }, 
    "Ar39": {
        "error": 0.03583318917682143, 
        "filter_outliers_dict": {
            "filter_outliers": true, 
            "iterations": 1, 
            "std_devs": 2
        }, 
        "fit": "Linear", 
        "value": 239.070812477421
    }, 
    "Ar40": {
        "error": 0.20473443569270477, 
        "filter_outliers_dict": {
            "filter_outliers": true, 
            "iterations": 1, 
            "std_devs": 2
        }, 
        "fit": "Linear", 
        "value": 1894.066946860859
    }, 
    "Ar41": {
        "error": 0.0044520550953554075, 
        "filter_outliers_dict": {
            "filter_outliers": true, 
            "iterations": 1, 
            "std_devs": 2
        }, 
        "fit": "Average", 
        "value": 0.1728320135596072
    }
}