{
    "Ar36": {
        "error": 0.0005203904854316686, 
        "filter_outliers_dict": {
            "filter_outliers": true, 
            "iterations": 1, 
            "std_devs": 2
        }, 
        "fit": "Linear", 
        "value": 0.03958871558129822
    }, 
    "Ar37": {
        "error": 0.011101250614184295, 
        "filter_outliers_dict": {
            "filter_outliers": true, 
            "iterations": 1, 
            "std_devs": 2
        }, 
        "fit": "linear", 
        "value": 0.7180509315235574
    }, 
    "Ar38": {
        "error": 0.004725775078409389, 
        "filter_outliers_dict": {
            "filter_outliers": true, 
            "iterations": 1, 
            "std_devs": 2
        }, 
        "fit": "linear", 
        "value": 0.5623308171133049
    }, 
    "Ar39": {
        "error": 0.017206451155940043, 
        "filter_outliers_dict": {
            "filter_outliers": true, 
            "iterations": 1, 
            "std_devs": 2
        }, 
        "fit": "Linear", 
        "value": 41.708442100969286
    }, 
    "Ar40": {
        "error": 0.05483778494266985, 
        "filter_outliers_dict": {
            "filter_outliers": true, 
            "iterations": 1, 
            "std_devs": 2
        }, 
        "fit": "Linear", 
        "value": 394.0880971220672
    }, 
    "Ar41": {
        "error": 0.004545953016479987, 
        "filter_outliers_dict": {
            "filter_outliers": true, 
            "iterations": 1, 
            "std_devs": 2
        }, 
        "fit": "Average", 
        "value": 0.09836546953481753
    }
}