{
    "Ar36": {
        "error": 0.00026517302238608247, 
        "filter_outliers_dict": {
            "filter_outliers": true, 
            "iterations": 1, 
            "std_devs": 2
        }, 
        "fit": "Linear", 
        "value": 0.009386572125095496
    }, 
    "Ar37": {
        "error": 0.011844499482296794, 
        "filter_outliers_dict": {
            "filter_outliers": true, 
            "iterations": 1, 
            "std_devs": 2
        }, 
        "fit": "linear", 
        "value": 1.1451724747769927
    }, 
    "Ar38": {
        "error": 0.006361525553590951, 
        "filter_outliers_dict": {
            "filter_outliers": true, 
            "iterations": 1, 
            "std_devs": 2
        }, 
        "fit": "linear", 
        "value": 1.860388977168371
    }, 
    "Ar39": {
        "error": 0.023420024292364425, 
        "filter_outliers_dict": {
            "filter_outliers": true, 
            "iterations": 1, 
            "std_devs": 2
        }, 
        "fit": "Linear", 
        "value": 141.318950059974
    }, 
    "Ar40": {
        "error": 0.08005466554303632, 
        "filter_outliers_dict": {
            "filter_outliers": true, 
            "iterations": 1, 
            "std_devs": 2
        }, 
        "fit": "Linear", 
        "value": 749.9542547555772
    }, 
    "Ar41": {
        "error": 0.005375520963485282, 
        "filter_outliers_dict": {
            "filter_outliers": true, 
            "iterations": 1, 
            "std_devs": 2
        }, 
        "fit": "Average", 
        "value": 0.11807169967808387
    }
}