{
    "Ar36": {
        "error": 0.0003987599801333492, 
        "filter_outliers_dict": {
            "filter_outliers": true, 
            "iterations": 1, 
            "std_devs": 2
        }, 
        "fit": "Linear", 
        "value": 0.021984756492982923
    }, 
    "Ar37": {
        "error": 0.011341111713898266, 
        "filter_outliers_dict": {
            "filter_outliers": true, 
            "iterations": 1, 
            "std_devs": 2
        }, 
        "fit": "linear", 
        "value": 0.19473307511939122
    }, 
    "Ar38": {
        "error": 0.0043088826762819965, 
        "filter_outliers_dict": {
            "filter_outliers": true, 
            "iterations": 1, 
            "std_devs": 2
        }, 
        "fit": "linear", 
        "value": 0.14411276774565704
    }, 
    "Ar39": {
        "error": 0.013067747981272408, 
        "filter_outliers_dict": {
            "filter_outliers": true, 
            "iterations": 1, 
            "std_devs": 2
        }, 
        "fit": "Linear", 
        "value": 11.047387034758838
    }, 
    "Ar40": {
        "error": 0.017912407904255682, 
        "filter_outliers_dict": {
            "filter_outliers": true, 
            "iterations": 1, 
            "std_devs": 2
        }, 
        "fit": "Linear", 
        "value": 55.432424217163465
    }, 
    "Ar41": {
        "error": 0.00530909088189294, 
        "filter_outliers_dict": {
            "filter_outliers": true, 
            "iterations": 1, 
            "std_devs": 2
        }, 
        "fit": "Average", 
        "value": 0.07648664896195434
    }
}