{
    "Ar36": {
        "error": 0.0005242819453350325, 
        "filter_outliers_dict": {
            "filter_outliers": true, 
            "iterations": 1, 
            "std_devs": 2
        }, 
        "fit": "Linear", 
        "value": 0.04822864206828107
    }, 
    "Ar37": {
        "error": 0.011692874804355706, 
        "filter_outliers_dict": {
            "filter_outliers": true, 
            "iterations": 1, 
            "std_devs": 2
        }, 
        "fit": "linear", 
        "value": 0.9263301717400392
    }, 
    "Ar38": {
        "error": 0.004397290966322068, 
        "filter_outliers_dict": {
            "filter_outliers": true, 
            "iterations": 1, 
            "std_devs": 2
        }, 
        "fit": "linear", 
        "value": 2.3678140862892905
    }, 
    "Ar39": {
        "error": 0.03202957661042973, 
        "filter_outliers_dict": {
            "filter_outliers": true, 
            "iterations": 1, 
            "std_devs": 2
        }, 
        "fit": "Linear", 
        "value": 178.8860795000486
    }, 
    "Ar40": {
        "error": 0.10112554864281921, 
        "filter_outliers_dict": {
            "filter_outliers": true, 
            "iterations": 1, 
            "std_devs": 2
        }, 
        "fit": "Linear", 
        "value": 1015.9495975900671
    }, 
    "Ar41": {
        "error": 0.004512717121967512, 
        "filter_outliers_dict": {
            "filter_outliers": true, 
            "iterations": 1, 
            "std_devs": 2
        }, 
        "fit": "Average", 
        "value": 0.12300286503056715
    }
}