{
    "Ar36": {
        "error": 0.0003801558994888388, 
        "filter_outliers_dict": {
            "filter_outliers": true, 
            "iterations": 1, 
            "std_devs": 2
        }, 
        "fit": "Linear", 
        "value": 0.02042833752575345
    }, 
    "Ar37": {
        "error": 0.010800659710342324, 
        "filter_outliers_dict": {
            "filter_outliers": true, 
            "iterations": 1, 
            "std_devs": 2
        }, 
        "fit": "linear", 
        "value": 0.4474189224155393
    }, 
    "Ar38": {
        "error": 0.0049567677118800115, 
        "filter_outliers_dict": {
            "filter_outliers": true, 
            "iterations": 1, 
            "std_devs": 2
        }, 
        "fit": "linear", 
        "value": 0.7263279715818203
    }, 
    "Ar39": {
        "error": 0.017559376513490415, 
        "filter_outliers_dict": {
            "filter_outliers": true, 
            "iterations": 1, 
            "std_devs": 2
        }, 
        "fit": "Linear", 
        "value": 54.91067589036533
    }, 
    "Ar40": {
        "error": 0.049034680871484264, 
        "filter_outliers_dict": {
            "filter_outliers": true, 
            "iterations": 1, 
            "std_devs": 2
        }, 
        "fit": "Linear", 
        "value": 362.48249243541665
    }, 
    "Ar41": {
        "error": 0.005344419060588664, 
        "filter_outliers_dict": {
            "filter_outliers": true, 
            "iterations": 1, 
            "std_devs": 2
        }, 
        "fit": "Average", 
        "value": 0.10692936630324588
    }
}