{
    "Ar36": {
        "error": 0.0007143412331085793, 
        "filter_outliers_dict": {
            "filter_outliers": true, 
            "iterations": 1, 
            "std_devs": 2
        }, 
        "fit": "Linear", 
        "value": 0.0817518755910516
    }, 
    "Ar37": {
        "error": 0.010077907135586565, 
        "filter_outliers_dict": {
            "filter_outliers": true, 
            "iterations": 1, 
            "std_devs": 2
        }, 
        "fit": "linear", 
        "value": 0.9223844025559864
    }, 
    "Ar38": {
        "error": 0.004574810539630029, 
        "filter_outliers_dict": {
            "filter_outliers": true, 
            "iterations": 1, 
            "std_devs": 2
        }, 
        "fit": "linear", 
        "value": 1.6701923226608213
    }, 
    "Ar39": {
        "error": 0.025388467738218835, 
        "filter_outliers_dict": {
            "filter_outliers": true, 
            "iterations": 1, 
            "std_devs": 2
        }, 
        "fit": "Linear", 
        "value": 124.52065605089027
    }, 
    "Ar40": {
        "error": 0.08188042989178415, 
        "filter_outliers_dict": {
            "filter_outliers": true, 
            "iterations": 1, 
            "std_devs": 2
        }, 
        "fit": "Linear", 
        "value": 665.2267847988479
    }, 
    "Ar41": {
        "error": 0.00479983187630826, 
        "filter_outliers_dict": {
            "filter_outliers": true, 
            "iterations": 1, 
            "std_devs": 2
        }, 
        "fit": "Average", 
        "value": 0.12165072007125166
    }
}