{
    "Ar36": {
        "error": 0.000481703740728825, 
        "filter_outliers_dict": {
            "filter_outliers": true, 
            "iterations": 1, 
            "std_devs": 2
        }, 
        "fit": "Linear", 
        "value": 0.03454145008812493
    }, 
    "Ar37": {
        "error": 0.010566957116896734, 
        "filter_outliers_dict": {
            "filter_outliers": true, 
            "iterations": 1, 
            "std_devs": 2
        }, 
        "fit": "linear", 
        "value": 0.28869887726101007
    }, 
    "Ar38": {
        "error": 0.004737947302104753, 
        "filter_outliers_dict": {
            "filter_outliers": true, 
            "iterations": 1, 
            "std_devs": 2
        }, 
        "fit": "linear", 
        "value": 0.26484992473562535
    }, 
    "Ar39": {
        "error": 0.014814132361283016, 
        "filter_outliers_dict": {
            "filter_outliers": true, 
            "iterations": 1, 
            "std_devs": 2
        }, 
        "fit": "Linear", 
        "value": 19.88821709506301
    }, 
    "Ar40": {
        "error": 0.022254428351608894, 
        "filter_outliers_dict": {
            "filter_outliers": true, 
            "iterations": 1, 
            "std_devs": 2
        }, 
        "fit": "Linear", 
        "value": 125.64086239462597
    }, 
    "Ar41": {
        "error": 0.005122463946216222, 
        "filter_outliers_dict": {
            "filter_outliers": true, 
            "iterations": 1, 
            "std_devs": 2
        }, 
        "fit": "Average", 
        "value": 0.0796162092391301
    }
}