{
    "Ar36": {
        "error": 0.0010310460549683314, 
        "filter_outliers_dict": {
            "filter_outliers": true, 
            "iterations": 1, 
            "std_devs": 2
        }, 
        "fit": "Linear", 
        "value": 0.19195218920573592
    }, 
    "Ar37": {
        "error": 0.010749170057784436, 
        "filter_outliers_dict": {
            "filter_outliers": true, 
            "iterations": 1, 
            "std_devs": 2
        }, 
        "fit": "linear", 
        "value": 1.7048947743901417
    }, 
    "Ar38": {
        "error": 0.0077204873799933465, 
        "filter_outliers_dict": {
            "filter_outliers": true, 
            "iterations": 1, 
            "std_devs": 2
        }, 
        "fit": "linear", 
        "value": 5.333100939480587
    }, 
    "Ar39": {
        "error": 0.054618282353076225, 
        "filter_outliers_dict": {
            "filter_outliers": true, 
            "iterations": 1, 
            "std_devs": 2
        }, 
        "fit": "Linear", 
        "value": 400.39809939524093
    }, 
    "Ar40": {
        "error": 0.22499802711613837, 
        "filter_outliers_dict": {
            "filter_outliers": true, 
            "iterations": 1, 
            "std_devs": 2
        }, 
        "fit": "Linear", 
        "value": 2276.113657766176
    }, 
    "Ar41": {
        "error": 0.004752329246647961, 
        "filter_outliers_dict": {
            "filter_outliers": true, 
            "iterations": 1, 
            "std_devs": 2
        }, 
        "fit": "Average", 
        "value": 0.1880318647632959
    }
}