{
    "Ar36": {
        "error": 0.00044041432045473726, 
        "filter_outliers_dict": {
            "filter_outliers": true, 
            "iterations": 1, 
            "std_devs": 2
        }, 
        "fit": "Linear", 
        "value": 0.029788478326452338
    }, 
    "Ar37": {
        "error": 0.009422605391457261, 
        "filter_outliers_dict": {
            "filter_outliers": true, 
            "iterations": 1, 
            "std_devs": 2
        }, 
        "fit": "linear", 
        "value": 0.47946041303645975
    }, 
    "Ar38": {
        "error": 0.004761309494181654, 
        "filter_outliers_dict": {
            "filter_outliers": true, 
            "iterations": 1, 
            "std_devs": 2
        }, 
        "fit": "linear", 
        "value": 0.7866111112775591
    }, 
    "Ar39": {
        "error": 0.01784978893700099, 
        "filter_outliers_dict": {
            "filter_outliers": true, 
            "iterations": 1, 
            "std_devs": 2
        }, 
        "fit": "Linear", 
        "value": 59.563509654043926
    }, 
    "Ar40": {
        "error": 0.04137681178721648, 
        "filter_outliers_dict": {
            "filter_outliers": true, 
            "iterations": 1, 
            "std_devs": 2
        }, 
        "fit": "Linear", 
        "value": 341.8117391474
    }, 
    "Ar41": {
        "error": 0.004606122259876322, 
        "filter_outliers_dict": {
            "filter_outliers": true, 
            "iterations": 1, 
            "std_devs": 2
        }, 
        "fit": "Average", 
        "value": 0.09305440920055462
    }
}