{
    "Ar36": {
        "error": 0.00037377056116335135, 
        "filter_outliers_dict": {
            "filter_outliers": true, 
            "iterations": 1, 
            "std_devs": 2
        }, 
        "fit": "Linear", 
        "value": 0.02356483242260303
    }, 
    "Ar37": {
        "error": 0.010840330572869821, 
        "filter_outliers_dict": {
            "filter_outliers": true, 
            "iterations": 1, 
            "std_devs": 2
        }, 
        "fit": "linear", 
        "value": 0.1678704380995168
    }, 
    "Ar38": {
        "error": 0.00471262862669489, 
        "filter_outliers_dict": {
            "filter_outliers": true, 
            "iterations": 1, 
            "std_devs": 2
        }, 
        "fit": "linear", 
        "value": 0.015492983110527
    }, 
    "Ar39": {
        "error": 0.014409129311745874, 
        "filter_outliers_dict": {
            "filter_outliers": true, 
            "iterations": 1, 
            "std_devs": 2
        }, 
        "fit": "Linear", 
        "value": 0.25730538955604915
    }, 
    "Ar40": {
        "error": 0.011434728446186274, 
        "filter_outliers_dict": {
            "filter_outliers": true, 
            "iterations": 1, 
            "std_devs": 2
        }, 
        "fit": "Linear", 
        "value": 16.705864766222774
    }, 
    "Ar41": {
        "error": 0.004070468281695219, 
        "filter_outliers_dict": {
            "filter_outliers": true, 
            "iterations": 1, 
            "std_devs": 2
        }, 
        "fit": "Average", 
        "value": 0.09312562079554651
    }
}