{
    "Ar36": {
        "error": 0.0006645523986400442, 
        "filter_outliers_dict": {
            "filter_outliers": true, 
            "iterations": 1, 
            "std_devs": 2
        }, 
        "fit": "Linear", 
        "value": 0.07412263710392544
    }, 
    "Ar37": {
        "error": 0.011160591967374945, 
        "filter_outliers_dict": {
            "filter_outliers": true, 
            "iterations": 1, 
            "std_devs": 2
        }, 
        "fit": "linear", 
        "value": 0.5999390860257409
    }, 
    "Ar38": {
        "error": 0.005119684671580338, 
        "filter_outliers_dict": {
            "filter_outliers": true, 
            "iterations": 1, 
            "std_devs": 2
        }, 
        "fit": "linear", 
        "value": 1.3316951306043476
    }, 
    "Ar39": {
        "error": 0.02496998774919185, 
        "filter_outliers_dict": {
            "filter_outliers": true, 
            "iterations": 1, 
            "std_devs": 2
        }, 
        "fit": "Linear", 
        "value": 100.62465586475216
    }, 
    "Ar40": {
        "error": 0.09986829029768056, 
        "filter_outliers_dict": {
            "filter_outliers": true, 
            "iterations": 1, 
            "std_devs": 2
        }, 
        "fit": "Linear", 
        "value": 959.5891368432557
    }, 
    "Ar41": {
        "error": 0.004383103100421967, 
        "filter_outliers_dict": {
            "filter_outliers": true, 
            "iterations": 1, 
            "std_devs": 2
        }, 
        "fit": "Average", 
        "value": 0.12090818786679422
    }
}