{
    "Ar36": {
        "error": 0.0020917613656951414, 
        "filter_outliers_dict": {
            "filter_outliers": true, 
            "iterations": 1, 
            "std_devs": 2
        }, 
        "fit": "Linear", 
        "value": 0.7715146443625219
    }, 
    "Ar37": {
        "error": 0.012032752675593963, 
        "filter_outliers_dict": {
            "filter_outliers": true, 
            "iterations": 1, 
            "std_devs": 2
        }, 
        "fit": "linear", 
        "value": 8.671690053281935
    }, 
    "Ar38": {
        "error": 0.00807202935595351, 
        "filter_outliers_dict": {
            "filter_outliers": true, 
            "iterations": 1, 
            "std_devs": 2
        }, 
        "fit": "linear", 
        "value": 9.062915514462242
    }, 
    "Ar39": {
        "error": 0.08768817784056357, 
        "filter_outliers_dict": {
            "filter_outliers": true, 
            "iterations": 1, 
            "std_devs": 2
        }, 
        "fit": "Linear", 
        "value": 673.5294822177761
    }, 
    "Ar40": {
        "error": 0.39631264496458957, 
        "filter_outliers_dict": {
            "filter_outliers": true, 
            "iterations": 1, 
            "std_devs": 2
        }, 
        "fit": "Linear", 
        "value": 3771.971219692525
    }, 
    "Ar41": {
        "error": 0.004969136413839216, 
        "filter_outliers_dict": {
            "filter_outliers": true, 
            "iterations": 1, 
            "std_devs": 2
        }, 
        "fit": "Average", 
        "value": 0.2694563230281951
    }
}