{
    "Ar36": {
        "error": 0.00018834097215253347, 
        "filter_outliers_dict": {
            "filter_outliers": true, 
            "iterations": 1, 
            "std_devs": 2
        }, 
        "fit": "Linear", 
        "value": 0.00461759562319723
    }, 
    "Ar37": {
        "error": 0.01091861745124655, 
        "filter_outliers_dict": {
            "filter_outliers": true, 
            "iterations": 1, 
            "std_devs": 2
        }, 
        "fit": "linear", 
        "value": 1.5119058595072912
    }, 
    "Ar38": {
        "error": 0.004854501752030429, 
        "filter_outliers_dict": {
            "filter_outliers": true, 
            "iterations": 1, 
            "std_devs": 2
        }, 
        "fit": "linear", 
        "value": 4.31103911919878
    }, 
    "Ar39": {
        "error": 0.04021737014221761, 
        "filter_outliers_dict": {
            "filter_outliers": true, 
            "iterations": 1, 
            "std_devs": 2
        }, 
        "fit": "Linear", 
        "value": 319.54905895008375
    }, 
    "Ar40": {
        "error": 0.12487110620773713, 
        "filter_outliers_dict": {
            "filter_outliers": true, 
            "iterations": 1, 
            "std_devs": 2
        }, 
        "fit": "Linear", 
        "value": 1682.9366856091697
    }, 
    "Ar41": {
        "error": 0.004319597669966952, 
        "filter_outliers_dict": {
            "filter_outliers": true, 
            "iterations": 1, 
            "std_devs": 2
        }, 
        "fit": "Average", 
        "value": 0.16179620139289622
    }
}