{
    "Ar36": {
        "error": 0.001364629312055478, 
        "filter_outliers_dict": {
            "filter_outliers": true, 
            "iterations": 1, 
            "std_devs": 2
        }, 
        "fit": "Linear", 
        "value": 0.39562563363506625
    }, 
    "Ar37": {
        "error": 0.01526139267918519, 
        "filter_outliers_dict": {
            "filter_outliers": true, 
            "iterations": 1, 
            "std_devs": 2
        }, 
        "fit": "linear", 
        "value": 30.079633237375745
    }, 
    "Ar38": {
        "error": 0.004295211786617579, 
        "filter_outliers_dict": {
            "filter_outliers": true, 
            "iterations": 1, 
            "std_devs": 2
        }, 
        "fit": "linear", 
        "value": 0.7644012123697999
    }, 
    "Ar39": {
        "error": 0.017192035916404252, 
        "filter_outliers_dict": {
            "filter_outliers": true, 
            "iterations": 1, 
            "std_devs": 2
        }, 
        "fit": "Linear", 
        "value": 50.079290627700054
    }, 
    "Ar40": {
        "error": 0.06078610895804042, 
        "filter_outliers_dict": {
            "filter_outliers": true, 
            "iterations": 1, 
            "std_devs": 2
        }, 
        "fit": "Linear", 
        "value": 373.1802932262389
    }, 
    "Ar41": {
        "error": 0.004046935362006153, 
        "filter_outliers_dict": {
            "filter_outliers": true, 
            "iterations": 1, 
            "std_devs": 2
        }, 
        "fit": "Average", 
        "value": 0.10241617832725602
    }
}