{
    "Ar36": {
        "error": 0.0024745317396565577, 
        "filter_outliers_dict": {
            "filter_outliers": true, 
            "iterations": 1, 
            "std_devs": 2
        }, 
        "fit": "Linear", 
        "value": 1.1445906983856424
    }, 
    "Ar37": {
        "error": 0.011231630202325187, 
        "filter_outliers_dict": {
            "filter_outliers": true, 
            "iterations": 1, 
            "std_devs": 2
        }, 
        "fit": "linear", 
        "value": 4.850896360226502
    }, 
    "Ar38": {
        "error": 0.008819415449783137, 
        "filter_outliers_dict": {
            "filter_outliers": true, 
            "iterations": 1, 
            "std_devs": 2
        }, 
        "fit": "linear", 
        "value": 8.417462753365733
    }, 
    "Ar39": {
        "error": 0.09926602457942911, 
        "filter_outliers_dict": {
            "filter_outliers": true, 
            "iterations": 1, 
            "std_devs": 2
        }, 
        "fit": "Linear", 
        "value": 618.6952902986283
    }, 
    "Ar40": {
        "error": 0.45194662981125755, 
        "filter_outliers_dict": {
            "filter_outliers": true, 
            "iterations": 1, 
            "std_devs": 2
        }, 
        "fit": "Linear", 
        "value": 3589.149165556396
    }, 
    "Ar41": {
        "error": 0.0043899277824644275, 
        "filter_outliers_dict": {
            "filter_outliers": true, 
            "iterations": 1, 
            "std_devs": 2
        }, 
        "fit": "Average", 
        "value": 0.2735003857396337
    }
}