{
    "Ar36": {
        "error": 0.001392847507067718, 
        "filter_outliers_dict": {
            "filter_outliers": true, 
            "iterations": 1, 
            "std_devs": 2
        }, 
        "fit": "Linear", 
        "value": 0.3937292047663874
    }, 
    "Ar37": {
        "error": 0.010471453849511267, 
        "filter_outliers_dict": {
            "filter_outliers": true, 
            "iterations": 1, 
            "std_devs": 2
        }, 
        "fit": "linear", 
        "value": 1.602398912308753
    }, 
    "Ar38": {
        "error": 0.007615251988974356, 
        "filter_outliers_dict": {
            "filter_outliers": true, 
            "iterations": 1, 
            "std_devs": 2
        }, 
        "fit": "linear", 
        "value": 6.730611303100721
    }, 
    "Ar39": {
        "error": 0.06753477393442141, 
        "filter_outliers_dict": {
            "filter_outliers": true, 
            "iterations": 1, 
            "std_devs": 2
        }, 
        "fit": "Linear", 
        "value": 501.46004331260747
    }, 
    "Ar40": {
        "error": 0.3481570132226424, 
        "filter_outliers_dict": {
            "filter_outliers": true, 
            "iterations": 1, 
            "std_devs": 2
        }, 
        "fit": "Linear", 
        "value": 2752.9034493295767
    }, 
    "Ar41": {
        "error": 0.004841643791928347, 
        "filter_outliers_dict": {
            "filter_outliers": true, 
            "iterations": 1, 
            "std_devs": 2
        }, 
        "fit": "Average", 
        "value": 0.21996577988677804
    }
}