{
    "Ar36": {
        "error": 0.00023498960129369385, 
        "filter_outliers_dict": {
            "filter_outliers": true, 
            "iterations": 1, 
            "std_devs": 2
        }, 
        "fit": "Linear", 
        "value": 0.008161471925171278
    }, 
    "Ar37": {
        "error": 0.009906705346927997, 
        "filter_outliers_dict": {
            "filter_outliers": true, 
            "iterations": 1, 
            "std_devs": 2
        }, 
        "fit": "linear", 
        "value": 1.3777410700565882
    }, 
    "Ar38": {
        "error": 0.005612189146987232, 
        "filter_outliers_dict": {
            "filter_outliers": true, 
            "iterations": 1, 
            "std_devs": 2
        }, 
        "fit": "linear", 
        "value": 3.4546178110841903
    }, 
    "Ar39": {
        "error": 0.027210394656320757, 
        "filter_outliers_dict": {
            "filter_outliers": true, 
            "iterations": 1, 
            "std_devs": 2
        }, 
        "fit": "Linear", 
        "value": 258.635506791887
    }, 
    "Ar40": {
        "error": 0.09591744385808483, 
        "filter_outliers_dict": {
            "filter_outliers": true, 
            "iterations": 1, 
            "std_devs": 2
        }, 
        "fit": "Linear", 
        "value": 1351.959738949241
    }, 
    "Ar41": {
        "error": 0.004464967147759224, 
        "filter_outliers_dict": {
            "filter_outliers": true, 
            "iterations": 1, 
            "std_devs": 2
        }, 
        "fit": "Average", 
        "value": 0.12587951176621368
    }
}