{
    "Ar36": {
        "error": 0.00021119267786815732, 
        "filter_outliers_dict": {
            "filter_outliers": true, 
            "iterations": 1, 
            "std_devs": 2
        }, 
        "fit": "Linear", 
        "value": 0.010469417163547901
    }, 
    "Ar37": {
        "error": 0.010490828196002343, 
        "filter_outliers_dict": {
            "filter_outliers": true, 
            "iterations": 1, 
            "std_devs": 2
        }, 
        "fit": "linear", 
        "value": 0.32010546434996756
    }, 
    "Ar38": {
        "error": 0.004087977737653654, 
        "filter_outliers_dict": {
            "filter_outliers": true, 
            "iterations": 1, 
            "std_devs": 2
        }, 
        "fit": "linear", 
        "value": 0.6667488382018796
    }, 
    "Ar39": {
        "error": 0.016421761805238362, 
        "filter_outliers_dict": {
            "filter_outliers": true, 
            "iterations": 1, 
            "std_devs": 2
        }, 
        "fit": "Linear", 
        "value": 51.22622909418973
    }, 
    "Ar40": {
        "error": 0.03136580436721731, 
        "filter_outliers_dict": {
            "filter_outliers": true, 
            "iterations": 1, 
            "std_devs": 2
        }, 
        "fit": "Linear", 
        "value": 272.8930972163772
    }, 
    "Ar41": {
        "error": 0.004880037507734436, 
        "filter_outliers_dict": {
            "filter_outliers": true, 
            "iterations": 1, 
            "std_devs": 2
        }, 
        "fit": "Average", 
        "value": 0.09810253179584108
    }
}