{
    "Ar36": {
        "error": 0.0001731521276285774, 
        "filter_outliers_dict": {
            "filter_outliers": true, 
            "iterations": 1, 
            "std_devs": 2
        }, 
        "fit": "Linear", 
        "value": 0.0034555143975970436
    }, 
    "Ar37": {
        "error": 0.011712834334601073, 
        "filter_outliers_dict": {
            "filter_outliers": true, 
            "iterations": 1, 
            "std_devs": 2
        }, 
        "fit": "linear", 
        "value": 0.193689889411557
    }, 
    "Ar38": {
        "error": 0.004930362274810551, 
        "filter_outliers_dict": {
            "filter_outliers": true, 
            "iterations": 1, 
            "std_devs": 2
        }, 
        "fit": "linear", 
        "value": 0.23387784783164717
    }, 
    "Ar39": {
        "error": 0.013410143332343511, 
        "filter_outliers_dict": {
            "filter_outliers": true, 
            "iterations": 1, 
            "std_devs": 2
        }, 
        "fit": "Linear", 
        "value": 17.008246739116846
    }, 
    "Ar40": {
        "error": 0.018582168860799806, 
        "filter_outliers_dict": {
            "filter_outliers": true, 
            "iterations": 1, 
            "std_devs": 2
        }, 
        "fit": "Linear", 
        "value": 90.85598215237275
    }, 
    "Ar41": {
        "error": 0.005140790062827776, 
        "filter_outliers_dict": {
            "filter_outliers": true, 
            "iterations": 1, 
            "std_devs": 2
        }, 
        "fit": "Average", 
        "value": 0.07097081448509494
    }
}