{
    "Ar36": {
        "error": 0.0001902755128238139, 
        "filter_outliers_dict": {
            "filter_outliers": true, 
            "iterations": 1, 
            "std_devs": 2
        }, 
        "fit": "Linear", 
        "value": 0.00449191136454247
    }, 
    "Ar37": {
        "error": 0.009369899602459986, 
        "filter_outliers_dict": {
            "filter_outliers": true, 
            "iterations": 1, 
            "std_devs": 2
        }, 
        "fit": "linear", 
        "value": 0.276250969821204
    }, 
    "Ar38": {
        "error": 0.004571572096963364, 
        "filter_outliers_dict": {
            "filter_outliers": true, 
            "iterations": 1, 
            "std_devs": 2
        }, 
        "fit": "linear", 
        "value": 0.6992902480700907
    }, 
    "Ar39": {
        "error": 0.013429847976432407, 
        "filter_outliers_dict": {
            "filter_outliers": true, 
            "iterations": 1, 
            "std_devs": 2
        }, 
        "fit": "Linear", 
        "value": 52.868358559066664
    }, 
    "Ar40": {
        "error": 0.03552281920582196, 
        "filter_outliers_dict": {
            "filter_outliers": true, 
            "iterations": 1, 
            "std_devs": 2
        }, 
        "fit": "Linear", 
        "value": 280.33769172377765
    }, 
    "Ar41": {
        "error": 0.004852054232513648, 
        "filter_outliers_dict": {
            "filter_outliers": true, 
            "iterations": 1, 
            "std_devs": 2
        }, 
        "fit": "Average", 
        "value": 0.08777288299024597
    }
}