{
    "Ar36": {
        "error": 0.00028412875669427183, 
        "filter_outliers_dict": {
            "filter_outliers": true, 
            "iterations": 1, 
            "std_devs": 2
        }, 
        "fit": "Linear", 
        "value": 0.016382424271105346
    }, 
    "Ar37": {
        "error": 0.009169833481779882, 
        "filter_outliers_dict": {
            "filter_outliers": true, 
            "iterations": 1, 
            "std_devs": 2
        }, 
        "fit": "linear", 
        "value": 0.32028330365900054
    }, 
    "Ar38": {
        "error": 0.004866351280098205, 
        "filter_outliers_dict": {
            "filter_outliers": true, 
            "iterations": 1, 
            "std_devs": 2
        }, 
        "fit": "linear", 
        "value": 0.5996208523927615
    }, 
    "Ar39": {
        "error": 0.015379802882027421, 
        "filter_outliers_dict": {
            "filter_outliers": true, 
            "iterations": 1, 
            "std_devs": 2
        }, 
        "fit": "Linear", 
        "value": 46.95285537387444
    }, 
    "Ar40": {
        "error": 0.03624051681154901, 
        "filter_outliers_dict": {
            "filter_outliers": true, 
            "iterations": 1, 
            "std_devs": 2
        }, 
        "fit": "Linear", 
        "value": 252.58965896029616
    }, 
    "Ar41": {
        "error": 0.0045816439193044735, 
        "filter_outliers_dict": {
            "filter_outliers": true, 
            "iterations": 1, 
            "std_devs": 2
        }, 
        "fit": "Average", 
        "value": 0.09588622058302636
    }
}