{
    "Ar36": {
        "error": 0.0011481175309093151, 
        "filter_outliers_dict": {
            "filter_outliers": true, 
            "iterations": 1, 
            "std_devs": 2
        }, 
        "fit": "Linear", 
        "value": 0.1816990642975695
    }, 
    "Ar37": {
        "error": 0.011513340873760233, 
        "filter_outliers_dict": {
            "filter_outliers": true, 
            "iterations": 1, 
            "std_devs": 2
        }, 
        "fit": "linear", 
        "value": 1.8666306214788688
    }, 
    "Ar38": {
        "error": 0.007127628684369282, 
        "filter_outliers_dict": {
            "filter_outliers": true, 
            "iterations": 1, 
            "std_devs": 2
        }, 
        "fit": "linear", 
        "value": 7.360096965365773
    }, 
    "Ar39": {
        "error": 0.05400736897959877, 
        "filter_outliers_dict": {
            "filter_outliers": true, 
            "iterations": 1, 
            "std_devs": 2
        }, 
        "fit": "Linear", 
        "value": 553.3413012060231
    }, 
    "Ar40": {
        "error": 0.18501039456729484, 
        "filter_outliers_dict": {
            "filter_outliers": true, 
            "iterations": 1, 
            "std_devs": 2
        }, 
        "fit": "Linear", 
        "value": 2977.041478290261
    }, 
    "Ar41": {
        "error": 0.004053598160827098, 
        "filter_outliers_dict": {
            "filter_outliers": true, 
            "iterations": 1, 
            "std_devs": 2
        }, 
        "fit": "Average", 
        "value": 0.22628096210585286
    }
}