{
    "Ar36": {
        "error": 0.0027840604814841157, 
        "filter_outliers_dict": {
            "filter_outliers": true, 
            "iterations": 1, 
            "std_devs": 2
        }, 
        "fit": "Linear", 
        "value": 1.6443207621381224
    }, 
    "Ar37": {
        "error": 0.009753800394510924, 
        "filter_outliers_dict": {
            "filter_outliers": true, 
            "iterations": 1, 
            "std_devs": 2
        }, 
        "fit": "linear", 
        "value": 0.8422394864569482
    }, 
    "Ar38": {
        "error": 0.004898952109102294, 
        "filter_outliers_dict": {
            "filter_outliers": true, 
            "iterations": 1, 
            "std_devs": 2
        }, 
        "fit": "linear", 
        "value": 0.4745960135472828
    }, 
    "Ar39": {
        "error": 0.012535679743451414, 
        "filter_outliers_dict": {
            "filter_outliers": true, 
            "iterations": 1, 
            "std_devs": 2
        }, 
        "fit": "Linear", 
        "value": 11.041892657886457
    }, 
    "Ar40": {
        "error": 0.07220778932283373, 
        "filter_outliers_dict": {
            "filter_outliers": true, 
            "iterations": 1, 
            "std_devs": 2
        }, 
        "fit": "Linear", 
        "value": 538.438823933108
    }, 
    "Ar41": {
        "error": 0.0043598435226127035, 
        "filter_outliers_dict": {
            "filter_outliers": true, 
            "iterations": 1, 
            "std_devs": 2
        }, 
        "fit": "Average", 
        "value": 0.10029807991677485
    }
}