{
    "Ar36": {
        "error": 0.00047162759818071526, 
        "filter_outliers_dict": {
            "filter_outliers": true, 
            "iterations": 1, 
            "std_devs": 2
        }, 
        "fit": "Linear", 
        "value": 0.03778296343822265
    }, 
    "Ar37": {
        "error": 0.009728152161499378, 
        "filter_outliers_dict": {
            "filter_outliers": true, 
            "iterations": 1, 
            "std_devs": 2
        }, 
        "fit": "linear", 
        "value": 0.6352464163876812
    }, 
    "Ar38": {
        "error": 0.004352163125268308, 
        "filter_outliers_dict": {
            "filter_outliers": true, 
            "iterations": 1, 
            "std_devs": 2
        }, 
        "fit": "linear", 
        "value": 0.6113879698357756
    }, 
    "Ar39": {
        "error": 0.01520138820594364, 
        "filter_outliers_dict": {
            "filter_outliers": true, 
            "iterations": 1, 
            "std_devs": 2
        }, 
        "fit": "Linear", 
        "value": 46.72395842733159
    }, 
    "Ar40": {
        "error": 0.03338963186321431, 
        "filter_outliers_dict": {
            "filter_outliers": true, 
            "iterations": 1, 
            "std_devs": 2
        }, 
        "fit": "Linear", 
        "value": 256.8245657446337
    }, 
    "Ar41": {
        "error": 0.004574135421254978, 
        "filter_outliers_dict": {
            "filter_outliers": true, 
            "iterations": 1, 
            "std_devs": 2
        }, 
        "fit": "Average", 
        "value": 0.08559018135538202
    }
}