{
    "Ar36": {
        "error": 0.0009189644649648972, 
        "filter_outliers_dict": {
            "filter_outliers": true, 
            "iterations": 1, 
            "std_devs": 2
        }, 
        "fit": "Linear", 
        "value": 0.18792924407817319
    }, 
    "Ar37": {
        "error": 0.01084377650667399, 
        "filter_outliers_dict": {
            "filter_outliers": true, 
            "iterations": 1, 
            "std_devs": 2
        }, 
        "fit": "linear", 
        "value": 6.209489823314323
    }, 
    "Ar38": {
        "error": 0.00581581590508042, 
        "filter_outliers_dict": {
            "filter_outliers": true, 
            "iterations": 1, 
            "std_devs": 2
        }, 
        "fit": "linear", 
        "value": 4.794859926075856
    }, 
    "Ar39": {
        "error": 0.04028015984254488, 
        "filter_outliers_dict": {
            "filter_outliers": true, 
            "iterations": 1, 
            "std_devs": 2
        }, 
        "fit": "Linear", 
        "value": 359.75400523392875
    }, 
    "Ar40": {
        "error": 0.16176954805571095, 
        "filter_outliers_dict": {
            "filter_outliers": true, 
            "iterations": 1, 
            "std_devs": 2
        }, 
        "fit": "Linear", 
        "value": 1949.3651544019374
    }, 
    "Ar41": {
        "error": 0.004992613918649179, 
        "filter_outliers_dict": {
            "filter_outliers": true, 
            "iterations": 1, 
            "std_devs": 2
        }, 
        "fit": "Average", 
        "value": 0.1655662202117833
    }
}