{
    "Ar36": {
        "error": 0.0005174556446882866, 
        "filter_outliers_dict": {
            "filter_outliers": true, 
            "iterations": 1, 
            "std_devs": 2
        }, 
        "fit": "Linear", 
        "value": 0.03662548483933477
    }, 
    "Ar37": {
        "error": 0.01086649457433094, 
        "filter_outliers_dict": {
            "filter_outliers": true, 
            "iterations": 1, 
            "std_devs": 2
        }, 
        "fit": "linear", 
        "value": 0.6543327958422254
    }, 
    "Ar38": {
        "error": 0.004392183456529211, 
        "filter_outliers_dict": {
            "filter_outliers": true, 
            "iterations": 1, 
            "std_devs": 2
        }, 
        "fit": "linear", 
        "value": 1.1718341816649342
    }, 
    "Ar39": {
        "error": 0.018016735001444684, 
        "filter_outliers_dict": {
            "filter_outliers": true, 
            "iterations": 1, 
            "std_devs": 2
        }, 
        "fit": "Linear", 
        "value": 87.67207232151475
    }, 
    "Ar40": {
        "error": 0.05363416389279166, 
        "filter_outliers_dict": {
            "filter_outliers": true, 
            "iterations": 1, 
            "std_devs": 2
        }, 
        "fit": "Linear", 
        "value": 471.62197642647186
    }, 
    "Ar41": {
        "error": 0.0044372473962570914, 
        "filter_outliers_dict": {
            "filter_outliers": true, 
            "iterations": 1, 
            "std_devs": 2
        }, 
        "fit": "Average", 
        "value": 0.08967432394345502
    }
}