{
    "Ar36": {
        "error": 0.00040021734661856303, 
        "filter_outliers_dict": {
            "filter_outliers": true, 
            "iterations": 1, 
            "std_devs": 2
        }, 
        "fit": "Linear", 
        "value": 0.03281084976965142
    }, 
    "Ar37": {
        "error": 0.010496548615222579, 
        "filter_outliers_dict": {
            "filter_outliers": true, 
            "iterations": 1, 
            "std_devs": 2
        }, 
        "fit": "linear", 
        "value": 2.2180357274260687
    }, 
    "Ar38": {
        "error": 0.004622016347366382, 
        "filter_outliers_dict": {
            "filter_outliers": true, 
            "iterations": 1, 
            "std_devs": 2
        }, 
        "fit": "linear", 
        "value": 0.6067403780006551
    }, 
    "Ar39": {
        "error": 0.016963722652497397, 
        "filter_outliers_dict": {
            "filter_outliers": true, 
            "iterations": 1, 
            "std_devs": 2
        }, 
        "fit": "Linear", 
        "value": 46.213076862652315
    }, 
    "Ar40": {
        "error": 0.035233825405907124, 
        "filter_outliers_dict": {
            "filter_outliers": true, 
            "iterations": 1, 
            "std_devs": 2
        }, 
        "fit": "Linear", 
        "value": 251.6489333654567
    }, 
    "Ar41": {
        "error": 0.004092223219419534, 
        "filter_outliers_dict": {
            "filter_outliers": true, 
            "iterations": 1, 
            "std_devs": 2
        }, 
        "fit": "Average", 
        "value": 0.07450833299057573
    }
}