{
    "Ar36": {
        "error": 0.000184682315567519, 
        "filter_outliers_dict": {
            "filter_outliers": true, 
            "iterations": 1, 
            "std_devs": 2
        }, 
        "fit": "Linear", 
        "value": 0.005684573777445511
    }, 
    "Ar37": {
        "error": 0.009900238208673586, 
        "filter_outliers_dict": {
            "filter_outliers": true, 
            "iterations": 1, 
            "std_devs": 2
        }, 
        "fit": "linear", 
        "value": 0.3090814783209336
    }, 
    "Ar38": {
        "error": 0.0045033095116520086, 
        "filter_outliers_dict": {
            "filter_outliers": true, 
            "iterations": 1, 
            "std_devs": 2
        }, 
        "fit": "linear", 
        "value": 0.4909847611283798
    }, 
    "Ar39": {
        "error": 0.013601938749760477, 
        "filter_outliers_dict": {
            "filter_outliers": true, 
            "iterations": 1, 
            "std_devs": 2
        }, 
        "fit": "Linear", 
        "value": 37.653470711343395
    }, 
    "Ar40": {
        "error": 0.02728737441159363, 
        "filter_outliers_dict": {
            "filter_outliers": true, 
            "iterations": 1, 
            "std_devs": 2
        }, 
        "fit": "Linear", 
        "value": 199.88714574816956
    }, 
    "Ar41": {
        "error": 0.004155789848568856, 
        "filter_outliers_dict": {
            "filter_outliers": true, 
            "iterations": 1, 
            "std_devs": 2
        }, 
        "fit": "Average", 
        "value": 0.08904383457453743
    }
}