{
    "Ar36": {
        "error": 0.0003504267922040049, 
        "filter_outliers_dict": {
            "filter_outliers": true, 
            "iterations": 1, 
            "std_devs": 2
        }, 
        "fit": "Linear", 
        "value": 0.020819980763816207
    }, 
    "Ar37": {
        "error": 0.011588934028197728, 
        "filter_outliers_dict": {
            "filter_outliers": true, 
            "iterations": 1, 
            "std_devs": 2
        }, 
        "fit": "linear", 
        "value": 0.40147105195538
    }, 
    "Ar38": {
        "error": 0.004008531161291755, 
        "filter_outliers_dict": {
            "filter_outliers": true, 
            "iterations": 1, 
            "std_devs": 2
        }, 
        "fit": "linear", 
        "value": 1.0740518577139735
    }, 
    "Ar39": {
        "error": 0.021037305107903984, 
        "filter_outliers_dict": {
            "filter_outliers": true, 
            "iterations": 1, 
            "std_devs": 2
        }, 
        "fit": "Linear", 
        "value": 82.28761247524662
    }, 
    "Ar40": {
        "error": 0.04350406860887023, 
        "filter_outliers_dict": {
            "filter_outliers": true, 
            "iterations": 1, 
            "std_devs": 2
        }, 
        "fit": "Linear", 
        "value": 440.3015867571044
    }, 
    "Ar41": {
        "error": 0.004493982613167242, 
        "filter_outliers_dict": {
            "filter_outliers": true, 
            "iterations": 1, 
            "std_devs": 2
        }, 
        "fit": "Average", 
        "value": 0.0970871340425803
    }
}