{
    "Ar36": {
        "error": 0.0007410010484431972, 
        "filter_outliers_dict": {
            "filter_outliers": true, 
            "iterations": 1, 
            "std_devs": 2
        }, 
        "fit": "Linear", 
        "value": 0.11653462442945582
    }, 
    "Ar37": {
        "error": 0.01264605737982268, 
        "filter_outliers_dict": {
            "filter_outliers": true, 
            "iterations": 1, 
            "std_devs": 2
        }, 
        "fit": "linear", 
        "value": 0.16036843763193045
    }, 
    "Ar38": {
        "error": 0.004622718418150389, 
        "filter_outliers_dict": {
            "filter_outliers": true, 
            "iterations": 1, 
            "std_devs": 2
        }, 
        "fit": "linear", 
        "value": 0.04834268865665587
    }, 
    "Ar39": {
        "error": 0.010417359923541146, 
        "filter_outliers_dict": {
            "filter_outliers": true, 
            "iterations": 1, 
            "std_devs": 2
        }, 
        "fit": "Linear", 
        "value": 0.1495944859212402
    }, 
    "Ar40": {
        "error": 0.01335663026387583, 
        "filter_outliers_dict": {
            "filter_outliers": true, 
            "iterations": 1, 
            "std_devs": 2
        }, 
        "fit": "Linear", 
        "value": 34.894300066675186
    }, 
    "Ar41": {
        "error": 0.004334247287247173, 
        "filter_outliers_dict": {
            "filter_outliers": true, 
            "iterations": 1, 
            "std_devs": 2
        }, 
        "fit": "Average", 
        "value": 0.07066983826561128
    }
}