{
    "Ar36": {
        "error": 0.00024025463655165874, 
        "filter_outliers_dict": {
            "filter_outliers": true, 
            "iterations": 1, 
            "std_devs": 2
        }, 
        "fit": "Linear", 
        "value": 0.01073082321212865
    }, 
    "Ar37": {
        "error": 0.010932597537286657, 
        "filter_outliers_dict": {
            "filter_outliers": true, 
            "iterations": 1, 
            "std_devs": 2
        }, 
        "fit": "linear", 
        "value": 0.39178233252248096
    }, 
    "Ar38": {
        "error": 0.004667123456117853, 
        "filter_outliers_dict": {
            "filter_outliers": true, 
            "iterations": 1, 
            "std_devs": 2
        }, 
        "fit": "linear", 
        "value": 1.163432224989117
    }, 
    "Ar39": {
        "error": 0.017179892218980856, 
        "filter_outliers_dict": {
            "filter_outliers": true, 
            "iterations": 1, 
            "std_devs": 2
        }, 
        "fit": "Linear", 
        "value": 87.31630814584003
    }, 
    "Ar40": {
        "error": 0.0488680218697418, 
        "filter_outliers_dict": {
            "filter_outliers": true, 
            "iterations": 1, 
            "std_devs": 2
        }, 
        "fit": "Linear", 
        "value": 463.40902920357814
    }, 
    "Ar41": {
        "error": 0.005164187347863412, 
        "filter_outliers_dict": {
            "filter_outliers": true, 
            "iterations": 1, 
            "std_devs": 2
        }, 
        "fit": "Average", 
        "value": 0.08687859193999269
    }
}