{
    "Ar36": {
        "error": 0.0003210981466582309, 
        "filter_outliers_dict": {
            "filter_outliers": true, 
            "iterations": 1, 
            "std_devs": 2
        }, 
        "fit": "Linear", 
        "value": 0.023460260598119998
    }, 
    "Ar37": {
        "error": 0.011192859384056694, 
        "filter_outliers_dict": {
            "filter_outliers": true, 
            "iterations": 1, 
            "std_devs": 2
        }, 
        "fit": "linear", 
        "value": 0.8544677559463372
    }, 
    "Ar38": {
        "error": 0.005174557770022987, 
        "filter_outliers_dict": {
            "filter_outliers": true, 
            "iterations": 1, 
            "std_devs": 2
        }, 
        "fit": "linear", 
        "value": 2.573665259447157
    }, 
    "Ar39": {
        "error": 0.02471354043587277, 
        "filter_outliers_dict": {
            "filter_outliers": true, 
            "iterations": 1, 
            "std_devs": 2
        }, 
        "fit": "Linear", 
        "value": 195.20096398998535
    }, 
    "Ar40": {
        "error": 0.08600163995650496, 
        "filter_outliers_dict": {
            "filter_outliers": true, 
            "iterations": 1, 
            "std_devs": 2
        }, 
        "fit": "Linear", 
        "value": 1038.4182110693228
    }, 
    "Ar41": {
        "error": 0.004139285564420586, 
        "filter_outliers_dict": {
            "filter_outliers": true, 
            "iterations": 1, 
            "std_devs": 2
        }, 
        "fit": "Average", 
        "value": 0.12381393574613751
    }
}