{
    "Ar36": {
        "error": 0.00025631806800767247, 
        "filter_outliers_dict": {
            "filter_outliers": true, 
            "iterations": 1, 
            "std_devs": 2
        }, 
        "fit": "Linear", 
        "value": 0.011383775346531098
    }, 
    "Ar37": {
        "error": 0.010068619599685498, 
        "filter_outliers_dict": {
            "filter_outliers": true, 
            "iterations": 1, 
            "std_devs": 2
        }, 
        "fit": "linear", 
        "value": 0.48486731764216306
    }, 
    "Ar38": {
        "error": 0.0049954059515535665, 
        "filter_outliers_dict": {
            "filter_outliers": true, 
            "iterations": 1, 
            "std_devs": 2
        }, 
        "fit": "linear", 
        "value": 1.352490197899437
    }, 
    "Ar39": {
        "error": 0.021905158979390885, 
        "filter_outliers_dict": {
            "filter_outliers": true, 
            "iterations": 1, 
            "std_devs": 2
        }, 
        "fit": "Linear", 
        "value": 103.46619043038172
    }, 
    "Ar40": {
        "error": 0.05101363726114511, 
        "filter_outliers_dict": {
            "filter_outliers": true, 
            "iterations": 1, 
            "std_devs": 2
        }, 
        "fit": "Linear", 
        "value": 549.3358463150478
    }, 
    "Ar41": {
        "error": 0.005024445346247048, 
        "filter_outliers_dict": {
            "filter_outliers": true, 
            "iterations": 1, 
            "std_devs": 2
        }, 
        "fit": "Average", 
        "value": 0.09805679825158614
    }
}