{
    "Ar36": {
        "error": 0.0001928053324398323, 
        "filter_outliers_dict": {
            "filter_outliers": true, 
            "iterations": 1, 
            "std_devs": 2
        }, 
        "fit": "Linear", 
        "value": 0.006376491441124888
    }, 
    "Ar37": {
        "error": 0.009881575548639438, 
        "filter_outliers_dict": {
            "filter_outliers": true, 
            "iterations": 1, 
            "std_devs": 2
        }, 
        "fit": "linear", 
        "value": 0.5172121211790763
    }, 
    "Ar38": {
        "error": 0.00571833240190229, 
        "filter_outliers_dict": {
            "filter_outliers": true, 
            "iterations": 1, 
            "std_devs": 2
        }, 
        "fit": "linear", 
        "value": 1.7147224663379521
    }, 
    "Ar39": {
        "error": 0.023021103770913685, 
        "filter_outliers_dict": {
            "filter_outliers": true, 
            "iterations": 1, 
            "std_devs": 2
        }, 
        "fit": "Linear", 
        "value": 130.151122993326
    }, 
    "Ar40": {
        "error": 0.05238288140237401, 
        "filter_outliers_dict": {
            "filter_outliers": true, 
            "iterations": 1, 
            "std_devs": 2
        }, 
        "fit": "Linear", 
        "value": 690.0587014541763
    }, 
    "Ar41": {
        "error": 0.004975765530106173, 
        "filter_outliers_dict": {
            "filter_outliers": true, 
            "iterations": 1, 
            "std_devs": 2
        }, 
        "fit": "Average", 
        "value": 0.11911368014350082
    }
}