{
    "Ar36": {
        "error": 0.0002993768454556942, 
        "filter_outliers_dict": {
            "filter_outliers": true, 
            "iterations": 1, 
            "std_devs": 2
        }, 
        "fit": "Linear", 
        "value": 0.015905078934252925
    }, 
    "Ar37": {
        "error": 0.009202617713437387, 
        "filter_outliers_dict": {
            "filter_outliers": true, 
            "iterations": 1, 
            "std_devs": 2
        }, 
        "fit": "linear", 
        "value": 0.40401709306056083
    }, 
    "Ar38": {
        "error": 0.004701149611381873, 
        "filter_outliers_dict": {
            "filter_outliers": true, 
            "iterations": 1, 
            "std_devs": 2
        }, 
        "fit": "linear", 
        "value": 1.012674354301899
    }, 
    "Ar39": {
        "error": 0.020600590454384116, 
        "filter_outliers_dict": {
            "filter_outliers": true, 
            "iterations": 1, 
            "std_devs": 2
        }, 
        "fit": "Linear", 
        "value": 77.36504551836327
    }, 
    "Ar40": {
        "error": 0.04954416822080859, 
        "filter_outliers_dict": {
            "filter_outliers": true, 
            "iterations": 1, 
            "std_devs": 2
        }, 
        "fit": "Linear", 
        "value": 412.4811806259698
    }, 
    "Ar41": {
        "error": 0.004462684840320118, 
        "filter_outliers_dict": {
            "filter_outliers": true, 
            "iterations": 1, 
            "std_devs": 2
        }, 
        "fit": "Average", 
        "value": 0.1024036778442106
    }
}