{
    "Ar36": {
        "error": 0.00046219564399703283, 
        "filter_outliers_dict": {
            "filter_outliers": true, 
            "iterations": 1, 
            "std_devs": 2
        }, 
        "fit": "Linear", 
        "value": 0.039552625620403514
    }, 
    "Ar37": {
        "error": 0.009835057656223015, 
        "filter_outliers_dict": {
            "filter_outliers": true, 
            "iterations": 1, 
            "std_devs": 2
        }, 
        "fit": "linear", 
        "value": 0.4591246808184979
    }, 
    "Ar38": {
        "error": 0.004728815028666766, 
        "filter_outliers_dict": {
            "filter_outliers": true, 
            "iterations": 1, 
            "std_devs": 2
        }, 
        "fit": "linear", 
        "value": 1.4999997236105862
    }, 
    "Ar39": {
        "error": 0.02170143960297176, 
        "filter_outliers_dict": {
            "filter_outliers": true, 
            "iterations": 1, 
            "std_devs": 2
        }, 
        "fit": "Linear", 
        "value": 113.97047507224394
    }, 
    "Ar40": {
        "error": 0.057613776361633166, 
        "filter_outliers_dict": {
            "filter_outliers": true, 
            "iterations": 1, 
            "std_devs": 2
        }, 
        "fit": "Linear", 
        "value": 614.502224839352
    }, 
    "Ar41": {
        "error": 0.004527332264979346, 
        "filter_outliers_dict": {
            "filter_outliers": true, 
            "iterations": 1, 
            "std_devs": 2
        }, 
        "fit": "Average", 
        "value": 0.12740140637854078
    }
}