{
    "Ar36": {
        "error": 0.0007298813841048044, 
        "filter_outliers_dict": {
            "filter_outliers": true, 
            "iterations": 1, 
            "std_devs": 2
        }, 
        "fit": "Linear", 
        "value": 0.10237247058579821
    }, 
    "Ar37": {
        "error": 0.00853496893644987, 
        "filter_outliers_dict": {
            "filter_outliers": true, 
            "iterations": 1, 
            "std_devs": 2
        }, 
        "fit": "linear", 
        "value": 1.1705240398949273
    }, 
    "Ar38": {
        "error": 0.005272324130797209, 
        "filter_outliers_dict": {
            "filter_outliers": true, 
            "iterations": 1, 
            "std_devs": 2
        }, 
        "fit": "linear", 
        "value": 4.579018386623794
    }, 
    "Ar39": {
        "error": 0.03287987946092735, 
        "filter_outliers_dict": {
            "filter_outliers": true, 
            "iterations": 1, 
            "std_devs": 2
        }, 
        "fit": "Linear", 
        "value": 345.29722455880994
    }, 
    "Ar40": {
        "error": 0.11296022171464527, 
        "filter_outliers_dict": {
            "filter_outliers": true, 
            "iterations": 1, 
            "std_devs": 2
        }, 
        "fit": "Linear", 
        "value": 1853.1931533907564
    }, 
    "Ar41": {
        "error": 0.005110466191480786, 
        "filter_outliers_dict": {
            "filter_outliers": true, 
            "iterations": 1, 
            "std_devs": 2
        }, 
        "fit": "Average", 
        "value": 0.16588504977156535
    }
}