{
    "Ar36": {
        "error": 0.00017197620041418886, 
        "filter_outliers_dict": {
            "filter_outliers": true, 
            "iterations": 1, 
            "std_devs": 2
        }, 
        "fit": "Linear", 
        "value": 0.004551874880299897
    }, 
    "Ar37": {
        "error": 0.008624607026118563, 
        "filter_outliers_dict": {
            "filter_outliers": true, 
            "iterations": 1, 
            "std_devs": 2
        }, 
        "fit": "linear", 
        "value": 0.19749601498038277
    }, 
    "Ar38": {
        "error": 0.004579862061315785, 
        "filter_outliers_dict": {
            "filter_outliers": true, 
            "iterations": 1, 
            "std_devs": 2
        }, 
        "fit": "linear", 
        "value": 0.20029504275401722
    }, 
    "Ar39": {
        "error": 0.013444727134878614, 
        "filter_outliers_dict": {
            "filter_outliers": true, 
            "iterations": 1, 
            "std_devs": 2
        }, 
        "fit": "Linear", 
        "value": 15.243742337555545
    }, 
    "Ar40": {
        "error": 0.016735868494405358, 
        "filter_outliers_dict": {
            "filter_outliers": true, 
            "iterations": 1, 
            "std_devs": 2
        }, 
        "fit": "Linear", 
        "value": 81.7179109098899
    }, 
    "Ar41": {
        "error": 0.004869379114636591, 
        "filter_outliers_dict": {
            "filter_outliers": true, 
            "iterations": 1, 
            "std_devs": 2
        }, 
        "fit": "Average", 
        "value": 0.07467891219645482
    }
}