{
    "Ar36": {
        "error": 0.0011639968590871385, 
        "filter_outliers_dict": {
            "filter_outliers": true, 
            "iterations": 1, 
            "std_devs": 2
        }, 
        "fit": "Linear", 
        "value": 0.24101731450416355
    }, 
    "Ar37": {
        "error": 0.010563284729815806, 
        "filter_outliers_dict": {
            "filter_outliers": true, 
            "iterations": 1, 
            "std_devs": 2
        }, 
        "fit": "linear", 
        "value": 7.041220740787275
    }, 
    "Ar38": {
        "error": 0.007451091438671826, 
        "filter_outliers_dict": {
            "filter_outliers": true, 
            "iterations": 1, 
            "std_devs": 2
        }, 
        "fit": "linear", 
        "value": 9.168554070174483
    }, 
    "Ar39": {
        "error": 0.06750048047566452, 
        "filter_outliers_dict": {
            "filter_outliers": true, 
            "iterations": 1, 
            "std_devs": 2
        }, 
        "fit": "Linear", 
        "value": 689.8026493012926
    }, 
    "Ar40": {
        "error": 0.4860181103262908, 
        "filter_outliers_dict": {
            "filter_outliers": true, 
            "iterations": 1, 
            "std_devs": 2
        }, 
        "fit": "Linear", 
        "value": 3677.338181118972
    }, 
    "Ar41": {
        "error": 0.0049550665834502275, 
        "filter_outliers_dict": {
            "filter_outliers": true, 
            "iterations": 1, 
            "std_devs": 2
        }, 
        "fit": "Average", 
        "value": 0.30627750833927186
    }
}