{
    "Ar36": {
        "error": 0.000673697516204505, 
        "filter_outliers_dict": {
            "filter_outliers": true, 
            "iterations": 1, 
            "std_devs": 2
        }, 
        "fit": "Linear", 
        "value": 0.08429470376383338
    }, 
    "Ar37": {
        "error": 0.010465037063377907, 
        "filter_outliers_dict": {
            "filter_outliers": true, 
            "iterations": 1, 
            "std_devs": 2
        }, 
        "fit": "linear", 
        "value": 0.1642773474305118
    }, 
    "Ar38": {
        "error": 0.004154543329304696, 
        "filter_outliers_dict": {
            "filter_outliers": true, 
            "iterations": 1, 
            "std_devs": 2
        }, 
        "fit": "linear", 
        "value": 0.015045216074242874
    }, 
    "Ar39": {
        "error": 0.009890056548027387, 
        "filter_outliers_dict": {
            "filter_outliers": true, 
            "iterations": 1, 
            "std_devs": 2
        }, 
        "fit": "Linear", 
        "value": 0.6204810597158052
    }, 
    "Ar40": {
        "error": 0.012366274453322827, 
        "filter_outliers_dict": {
            "filter_outliers": true, 
            "iterations": 1, 
            "std_devs": 2
        }, 
        "fit": "Linear", 
        "value": 28.215348394798653
    }, 
    "Ar41": {
        "error": 0.004818270842025882, 
        "filter_outliers_dict": {
            "filter_outliers": true, 
            "iterations": 1, 
            "std_devs": 2
        }, 
        "fit": "Average", 
        "value": 0.07209993536766696
    }
}