{
    "Ar36": {
        "error": 0.0011599618715044274, 
        "filter_outliers_dict": {
            "filter_outliers": true, 
            "iterations": 1, 
            "std_devs": 2
        }, 
        "fit": "Linear", 
        "value": 0.2503696897176958
    }, 
    "Ar37": {
        "error": 0.009656839373172035, 
        "filter_outliers_dict": {
            "filter_outliers": true, 
            "iterations": 1, 
            "std_devs": 2
        }, 
        "fit": "linear", 
        "value": 2.9560329840111503
    }, 
    "Ar38": {
        "error": 0.00728228578388679, 
        "filter_outliers_dict": {
            "filter_outliers": true, 
            "iterations": 1, 
            "std_devs": 2
        }, 
        "fit": "linear", 
        "value": 7.9358059454447885
    }, 
    "Ar39": {
        "error": 0.057234321730890346, 
        "filter_outliers_dict": {
            "filter_outliers": true, 
            "iterations": 1, 
            "std_devs": 2
        }, 
        "fit": "Linear", 
        "value": 595.3231492433166
    }, 
    "Ar40": {
        "error": 0.2435227661456222, 
        "filter_outliers_dict": {
            "filter_outliers": true, 
            "iterations": 1, 
            "std_devs": 2
        }, 
        "fit": "Linear", 
        "value": 3214.5928289112658
    }, 
    "Ar41": {
        "error": 0.004293798671499439, 
        "filter_outliers_dict": {
            "filter_outliers": true, 
            "iterations": 1, 
            "std_devs": 2
        }, 
        "fit": "Average", 
        "value": 0.2171742441337252
    }
}