{
    "Ar36": {
        "error": 0.0005889780954548856, 
        "filter_outliers_dict": {
            "filter_outliers": true, 
            "iterations": 1, 
            "std_devs": 2
        }, 
        "fit": "Linear", 
        "value": 0.08564252505081267
    }, 
    "Ar37": {
        "error": 0.008775133605900218, 
        "filter_outliers_dict": {
            "filter_outliers": true, 
            "iterations": 1, 
            "std_devs": 2
        }, 
        "fit": "linear", 
        "value": 0.555790661586731
    }, 
    "Ar38": {
        "error": 0.004693934604410248, 
        "filter_outliers_dict": {
            "filter_outliers": true, 
            "iterations": 1, 
            "std_devs": 2
        }, 
        "fit": "linear", 
        "value": 0.43231163106389486
    }, 
    "Ar39": {
        "error": 0.015222464819568121, 
        "filter_outliers_dict": {
            "filter_outliers": true, 
            "iterations": 1, 
            "std_devs": 2
        }, 
        "fit": "Linear", 
        "value": 31.85723358512045
    }, 
    "Ar40": {
        "error": 0.0317834421075915, 
        "filter_outliers_dict": {
            "filter_outliers": true, 
            "iterations": 1, 
            "std_devs": 2
        }, 
        "fit": "Linear", 
        "value": 193.14801783546153
    }, 
    "Ar41": {
        "error": 0.004376541040514157, 
        "filter_outliers_dict": {
            "filter_outliers": true, 
            "iterations": 1, 
            "std_devs": 2
        }, 
        "fit": "Average", 
        "value": 0.09123786847135552
    }
}