{
    "Ar36": {
        "error": 0.0011027165615059263, 
        "filter_outliers_dict": {
            "filter_outliers": true, 
            "iterations": 1, 
            "std_devs": 2
        }, 
        "fit": "Linear", 
        "value": 0.25202210945522785
    }, 
    "Ar37": {
        "error": 0.009420313623087314, 
        "filter_outliers_dict": {
            "filter_outliers": true, 
            "iterations": 1, 
            "std_devs": 2
        }, 
        "fit": "linear", 
        "value": 0.20515241490598207
    }, 
    "Ar38": {
        "error": 0.00419710687079807, 
        "filter_outliers_dict": {
            "filter_outliers": true, 
            "iterations": 1, 
            "std_devs": 2
        }, 
        "fit": "linear", 
        "value": 0.10076770941304376
    }, 
    "Ar39": {
        "error": 0.011897491542471947, 
        "filter_outliers_dict": {
            "filter_outliers": true, 
            "iterations": 1, 
            "std_devs": 2
        }, 
        "fit": "Linear", 
        "value": 5.3943213035237525
    }, 
    "Ar40": {
        "error": 0.022958508738303445, 
        "filter_outliers_dict": {
            "filter_outliers": true, 
            "iterations": 1, 
            "std_devs": 2
        }, 
        "fit": "Linear", 
        "value": 104.35134220804507
    }, 
    "Ar41": {
        "error": 0.003938556464490971, 
        "filter_outliers_dict": {
            "filter_outliers": true, 
            "iterations": 1, 
            "std_devs": 2
        }, 
        "fit": "Average", 
        "value": 0.08582990274527386
    }
}