{
    "Ar36": {
        "error": 0.0005030393274269767, 
        "filter_outliers_dict": {
            "filter_outliers": true, 
            "iterations": 1, 
            "std_devs": 2
        }, 
        "fit": "Linear", 
        "value": 0.04170045893016167
    }, 
    "Ar37": {
        "error": 0.010645335886352495, 
        "filter_outliers_dict": {
            "filter_outliers": true, 
            "iterations": 1, 
            "std_devs": 2
        }, 
        "fit": "linear", 
        "value": 0.19107301516505554
    }, 
    "Ar38": {
        "error": 0.004063051958320882, 
        "filter_outliers_dict": {
            "filter_outliers": true, 
            "iterations": 1, 
            "std_devs": 2
        }, 
        "fit": "linear", 
        "value": 0.019456395508417695
    }, 
    "Ar39": {
        "error": 0.010567070682081197, 
        "filter_outliers_dict": {
            "filter_outliers": true, 
            "iterations": 1, 
            "std_devs": 2
        }, 
        "fit": "Linear", 
        "value": 0.6679686521395185
    }, 
    "Ar40": {
        "error": 0.018006013149011815, 
        "filter_outliers_dict": {
            "filter_outliers": true, 
            "iterations": 1, 
            "std_devs": 2
        }, 
        "fit": "Linear", 
        "value": 14.887203091769603
    }, 
    "Ar41": {
        "error": 0.004549368006260996, 
        "filter_outliers_dict": {
            "filter_outliers": true, 
            "iterations": 1, 
            "std_devs": 2
        }, 
        "fit": "Average", 
        "value": 0.06371337699627919
    }
}