{
    "Ar36": {
        "error": 0.0007841933279489799, 
        "filter_outliers_dict": {
            "filter_outliers": true, 
            "iterations": 1, 
            "std_devs": 2
        }, 
        "fit": "Linear", 
        "value": 0.12819809835310608
    }, 
    "Ar37": {
        "error": 0.009306696485813195, 
        "filter_outliers_dict": {
            "filter_outliers": true, 
            "iterations": 1, 
            "std_devs": 2
        }, 
        "fit": "linear", 
        "value": 0.13568395035260597
    }, 
    "Ar38": {
        "error": 0.004613508958003381, 
        "filter_outliers_dict": {
            "filter_outliers": true, 
            "iterations": 1, 
            "std_devs": 2
        }, 
        "fit": "linear", 
        "value": 0.04306756555872243
    }, 
    "Ar39": {
        "error": 0.009910040717526462, 
        "filter_outliers_dict": {
            "filter_outliers": true, 
            "iterations": 1, 
            "std_devs": 2
        }, 
        "fit": "Linear", 
        "value": 0.21458330292529237
    }, 
    "Ar40": {
        "error": 0.010400368197869627, 
        "filter_outliers_dict": {
            "filter_outliers": true, 
            "iterations": 1, 
            "std_devs": 2
        }, 
        "fit": "Linear", 
        "value": 38.038183860682
    }, 
    "Ar41": {
        "error": 0.004566074003219911, 
        "filter_outliers_dict": {
            "filter_outliers": true, 
            "iterations": 1, 
            "std_devs": 2
        }, 
        "fit": "Average", 
        "value": 0.06998036294017944
    }
}