{
    "Ar36": {
        "error": 0.0005170876560077685, 
        "filter_outliers_dict": {
            "filter_outliers": true, 
            "iterations": 1, 
            "std_devs": 2
        }, 
        "fit": "Linear", 
        "value": 0.05058599359970461
    }, 
    "Ar37": {
        "error": 0.011147237823240327, 
        "filter_outliers_dict": {
            "filter_outliers": true, 
            "iterations": 1, 
            "std_devs": 2
        }, 
        "fit": "linear", 
        "value": 0.8972084635773994
    }, 
    "Ar38": {
        "error": 0.004742694791673099, 
        "filter_outliers_dict": {
            "filter_outliers": true, 
            "iterations": 1, 
            "std_devs": 2
        }, 
        "fit": "linear", 
        "value": 1.4818159418600048
    }, 
    "Ar39": {
        "error": 0.02183532637578891, 
        "filter_outliers_dict": {
            "filter_outliers": true, 
            "iterations": 1, 
            "std_devs": 2
        }, 
        "fit": "Linear", 
        "value": 112.30397030523432
    }, 
    "Ar40": {
        "error": 0.059857360868826884, 
        "filter_outliers_dict": {
            "filter_outliers": true, 
            "iterations": 1, 
            "std_devs": 2
        }, 
        "fit": "Linear", 
        "value": 605.6742946541378
    }, 
    "Ar41": {
        "error": 0.004507177303557674, 
        "filter_outliers_dict": {
            "filter_outliers": true, 
            "iterations": 1, 
            "std_devs": 2
        }, 
        "fit": "Average", 
        "value": 0.10552040974531829
    }
}