{
    "Ar36": {
        "error": 0.0010756109130416614, 
        "filter_outliers_dict": {
            "filter_outliers": true, 
            "iterations": 1, 
            "std_devs": 2
        }, 
        "fit": "Linear", 
        "value": 0.20643057299205275
    }, 
    "Ar37": {
        "error": 0.01135859068551939, 
        "filter_outliers_dict": {
            "filter_outliers": true, 
            "iterations": 1, 
            "std_devs": 2
        }, 
        "fit": "linear", 
        "value": 0.21427996431465782
    }, 
    "Ar38": {
        "error": 0.004403530316384841, 
        "filter_outliers_dict": {
            "filter_outliers": true, 
            "iterations": 1, 
            "std_devs": 2
        }, 
        "fit": "linear", 
        "value": 0.09573989617663001
    }, 
    "Ar39": {
        "error": 0.011094340884453928, 
        "filter_outliers_dict": {
            "filter_outliers": true, 
            "iterations": 1, 
            "std_devs": 2
        }, 
        "fit": "Linear", 
        "value": 4.553255420192496
    }, 
    "Ar40": {
        "error": 0.018601827741537756, 
        "filter_outliers_dict": {
            "filter_outliers": true, 
            "iterations": 1, 
            "std_devs": 2
        }, 
        "fit": "Linear", 
        "value": 84.33327344246884
    }, 
    "Ar41": {
        "error": 0.0038112185151266353, 
        "filter_outliers_dict": {
            "filter_outliers": true, 
            "iterations": 1, 
            "std_devs": 2
        }, 
        "fit": "Average", 
        "value": 0.08725275348106323
    }
}