{
    "Ar36": {
        "error": 0.00043271060421050194, 
        "filter_outliers_dict": {
            "filter_outliers": true, 
            "iterations": 1, 
            "std_devs": 2
        }, 
        "fit": "Linear", 
        "value": 0.03570343987568878
    }, 
    "Ar37": {
        "error": 0.011127753781754028, 
        "filter_outliers_dict": {
            "filter_outliers": true, 
            "iterations": 1, 
            "std_devs": 2
        }, 
        "fit": "linear", 
        "value": 0.7491404507407664
    }, 
    "Ar38": {
        "error": 0.005099498841129799, 
        "filter_outliers_dict": {
            "filter_outliers": true, 
            "iterations": 1, 
            "std_devs": 2
        }, 
        "fit": "linear", 
        "value": 2.382038422430674
    }, 
    "Ar39": {
        "error": 0.02527995380687323, 
        "filter_outliers_dict": {
            "filter_outliers": true, 
            "iterations": 1, 
            "std_devs": 2
        }, 
        "fit": "Linear", 
        "value": 180.1093342722688
    }, 
    "Ar40": {
        "error": 0.07367554751921844, 
        "filter_outliers_dict": {
            "filter_outliers": true, 
            "iterations": 1, 
            "std_devs": 2
        }, 
        "fit": "Linear", 
        "value": 959.6020315781365
    }, 
    "Ar41": {
        "error": 0.004457049811587903, 
        "filter_outliers_dict": {
            "filter_outliers": true, 
            "iterations": 1, 
            "std_devs": 2
        }, 
        "fit": "Average", 
        "value": 0.13024553329762414
    }
}