{
    "Ar36": {
        "error": 0.0006223694385752523, 
        "filter_outliers_dict": {
            "filter_outliers": true, 
            "iterations": 1, 
            "std_devs": 2
        }, 
        "fit": "Linear", 
        "value": 0.07900642011342368
    }, 
    "Ar37": {
        "error": 0.010443336609711442, 
        "filter_outliers_dict": {
            "filter_outliers": true, 
            "iterations": 1, 
            "std_devs": 2
        }, 
        "fit": "linear", 
        "value": 1.026531620503491
    }, 
    "Ar38": {
        "error": 0.00496915259491391, 
        "filter_outliers_dict": {
            "filter_outliers": true, 
            "iterations": 1, 
            "std_devs": 2
        }, 
        "fit": "linear", 
        "value": 1.6689953509201891
    }, 
    "Ar39": {
        "error": 0.020610182770859617, 
        "filter_outliers_dict": {
            "filter_outliers": true, 
            "iterations": 1, 
            "std_devs": 2
        }, 
        "fit": "Linear", 
        "value": 124.99959260728346
    }, 
    "Ar40": {
        "error": 0.07736365961263916, 
        "filter_outliers_dict": {
            "filter_outliers": true, 
            "iterations": 1, 
            "std_devs": 2
        }, 
        "fit": "Linear", 
        "value": 679.9489257081802
    }, 
    "Ar41": {
        "error": 0.005156452534016775, 
        "filter_outliers_dict": {
            "filter_outliers": true, 
            "iterations": 1, 
            "std_devs": 2
        }, 
        "fit": "Average", 
        "value": 0.11178036162273378
    }
}