{
    "Ar36": {
        "error": 0.00047938588273116055, 
        "filter_outliers_dict": {
            "filter_outliers": true, 
            "iterations": 1, 
            "std_devs": 2
        }, 
        "fit": "Linear", 
        "value": 0.03620925374165757
    }, 
    "Ar37": {
        "error": 0.011940425584503998, 
        "filter_outliers_dict": {
            "filter_outliers": true, 
            "iterations": 1, 
            "std_devs": 2
        }, 
        "fit": "linear", 
        "value": 0.1721786062793034
    }, 
    "Ar38": {
        "error": 0.00487031172999155, 
        "filter_outliers_dict": {
            "filter_outliers": true, 
            "iterations": 1, 
            "std_devs": 2
        }, 
        "fit": "linear", 
        "value": 0.009551120364295106
    }, 
    "Ar39": {
        "error": 0.010941151292193559, 
        "filter_outliers_dict": {
            "filter_outliers": true, 
            "iterations": 1, 
            "std_devs": 2
        }, 
        "fit": "Linear", 
        "value": 0.26130395587066635
    }, 
    "Ar40": {
        "error": 0.01219550940830792, 
        "filter_outliers_dict": {
            "filter_outliers": true, 
            "iterations": 1, 
            "std_devs": 2
        }, 
        "fit": "Linear", 
        "value": 11.535485467833297
    }, 
    "Ar41": {
        "error": 0.004410693376877746, 
        "filter_outliers_dict": {
            "filter_outliers": true, 
            "iterations": 1, 
            "std_devs": 2
        }, 
        "fit": "Average", 
        "value": 0.07654835715171383
    }
}