{
    "Ar36": {
        "error": 0.00021152769726197497, 
        "filter_outliers_dict": {
            "filter_outliers": true, 
            "iterations": 1, 
            "std_devs": 2
        }, 
        "fit": "Linear", 
        "value": 0.004764885589444406
    }, 
    "Ar37": {
        "error": 0.009704150855634221, 
        "filter_outliers_dict": {
            "filter_outliers": true, 
            "iterations": 1, 
            "std_devs": 2
        }, 
        "fit": "linear", 
        "value": 0.42406225087621985
    }, 
    "Ar38": {
        "error": 0.00422619680521248, 
        "filter_outliers_dict": {
            "filter_outliers": true, 
            "iterations": 1, 
            "std_devs": 2
        }, 
        "fit": "linear", 
        "value": 1.24523162083936
    }, 
    "Ar39": {
        "error": 0.018057527530299076, 
        "filter_outliers_dict": {
            "filter_outliers": true, 
            "iterations": 1, 
            "std_devs": 2
        }, 
        "fit": "Linear", 
        "value": 95.19566729818011
    }, 
    "Ar40": {
        "error": 0.04400539629249326, 
        "filter_outliers_dict": {
            "filter_outliers": true, 
            "iterations": 1, 
            "std_devs": 2
        }, 
        "fit": "Linear", 
        "value": 503.02382144743024
    }, 
    "Ar41": {
        "error": 0.004896790435938957, 
        "filter_outliers_dict": {
            "filter_outliers": true, 
            "iterations": 1, 
            "std_devs": 2
        }, 
        "fit": "Average", 
        "value": 0.09683599849002877
    }
}