{
    "Ar36": {
        "error": 0.0004440219219223647, 
        "filter_outliers_dict": {
            "filter_outliers": true, 
            "iterations": 1, 
            "std_devs": 2
        }, 
        "fit": "Linear", 
        "value": 0.042502392153546655
    }, 
    "Ar37": {
        "error": 0.011095682038759734, 
        "filter_outliers_dict": {
            "filter_outliers": true, 
            "iterations": 1, 
            "std_devs": 2
        }, 
        "fit": "linear", 
        "value": 0.7674897795541265
    }, 
    "Ar38": {
        "error": 0.005410062799036198, 
        "filter_outliers_dict": {
            "filter_outliers": true, 
            "iterations": 1, 
            "std_devs": 2
        }, 
        "fit": "linear", 
        "value": 2.5132579056051734
    }, 
    "Ar39": {
        "error": 0.0265519925803661, 
        "filter_outliers_dict": {
            "filter_outliers": true, 
            "iterations": 1, 
            "std_devs": 2
        }, 
        "fit": "Linear", 
        "value": 189.60818997176779
    }, 
    "Ar40": {
        "error": 0.09500893016371822, 
        "filter_outliers_dict": {
            "filter_outliers": true, 
            "iterations": 1, 
            "std_devs": 2
        }, 
        "fit": "Linear", 
        "value": 1010.7234169623824
    }, 
    "Ar41": {
        "error": 0.004460829734405037, 
        "filter_outliers_dict": {
            "filter_outliers": true, 
            "iterations": 1, 
            "std_devs": 2
        }, 
        "fit": "Average", 
        "value": 0.14279312850616235
    }
}