{
    "AX": {
        "error": 0.0069278807668579296, 
        "filter_outliers_dict": {
            "filter_outliers": true, 
            "iterations": 1, 
            "std_devs": 2
        }, 
        "fit": "average", 
        "value": 0.03943051241139169
    }, 
    "CDD": {
        "error": 6.6766123460178074e-06, 
        "filter_outliers_dict": {
            "filter_outliers": true, 
            "iterations": 1, 
            "std_devs": 10
        }, 
        "fit": "average", 
        "value": 2.011525250886787e-05
    }, 
    "H1": {
        "error": 0.004888865209131659, 
        "filter_outliers_dict": {
            "filter_outliers": true, 
            "iterations": 1, 
            "std_devs": 2
        }, 
        "fit": "average", 
        "value": -0.03941411455225538
    }, 
    "H2": {
        "error": 0.006787507088847047, 
        "filter_outliers_dict": {
            "filter_outliers": true, 
            "iterations": 1, 
            "std_devs": 2
        }, 
        "fit": "average", 
        "value": 0.07726381661120915
    }, 
    "L1": {
        "error": 0.0019730191062198982, 
        "filter_outliers_dict": {
            "filter_outliers": true, 
            "iterations": 1, 
            "std_devs": 2
        }, 
        "fit": "average", 
        "value": -0.0028747839916275077
    }, 
    "L2": {
        "error": 0.006269992544789334, 
        "filter_outliers_dict": {
            "filter_outliers": true, 
            "iterations": 1, 
            "std_devs": 2
        }, 
        "fit": "average", 
        "value": 0.13139211449433816
    }
}