{
    "AX": {
        "error": 0.0067951452334312264, 
        "filter_outliers_dict": {
            "filter_outliers": true, 
            "iterations": 1, 
            "std_devs": 2
        }, 
        "fit": "average", 
        "value": 0.031088380847493137
    }, 
    "CDD": {
        "error": 1.0057626296702442e-05, 
        "filter_outliers_dict": {
            "filter_outliers": true, 
            "iterations": 1, 
            "std_devs": 10
        }, 
        "fit": "average", 
        "value": 4.023050511365274e-05
    }, 
    "H1": {
        "error": 0.004510269895378547, 
        "filter_outliers_dict": {
            "filter_outliers": true, 
            "iterations": 1, 
            "std_devs": 2
        }, 
        "fit": "average", 
        "value": -0.03810091238133236
    }, 
    "H2": {
        "error": 0.006923234286638694, 
        "filter_outliers_dict": {
            "filter_outliers": true, 
            "iterations": 1, 
            "std_devs": 2
        }, 
        "fit": "average", 
        "value": 0.06698010723160766
    }, 
    "L1": {
        "error": 0.0023130043187195746, 
        "filter_outliers_dict": {
            "filter_outliers": true, 
            "iterations": 1, 
            "std_devs": 2
        }, 
        "fit": "average", 
        "value": -5.623380914516286e-06
    }, 
    "L2": {
        "error": 0.006469880732776492, 
        "filter_outliers_dict": {
            "filter_outliers": true, 
            "iterations": 1, 
            "std_devs": 2
        }, 
        "fit": "average", 
        "value": 0.12474549901290677
    }
}