{
    "AX": {
        "error": 0.006340485904751857, 
        "filter_outliers_dict": {
            "filter_outliers": true, 
            "iterations": 1, 
            "std_devs": 2
        }, 
        "fit": "average", 
        "value": 0.03696478600724016
    }, 
    "CDD": {
        "error": 1.0876621960949484e-05, 
        "filter_outliers_dict": {
            "filter_outliers": true, 
            "iterations": 1, 
            "std_devs": 10
        }, 
        "fit": "average", 
        "value": 6.03457576225206e-05
    }, 
    "H1": {
        "error": 0.004833557517522378, 
        "filter_outliers_dict": {
            "filter_outliers": true, 
            "iterations": 1, 
            "std_devs": 2
        }, 
        "fit": "average", 
        "value": -0.03045324654841273
    }, 
    "H2": {
        "error": 0.006820170148820525, 
        "filter_outliers_dict": {
            "filter_outliers": true, 
            "iterations": 1, 
            "std_devs": 2
        }, 
        "fit": "average", 
        "value": 0.0807243569619691
    }, 
    "L1": {
        "error": 0.00248579181784179, 
        "filter_outliers_dict": {
            "filter_outliers": true, 
            "iterations": 1, 
            "std_devs": 2
        }, 
        "fit": "average", 
        "value": -0.006046221458342843
    }, 
    "L2": {
        "error": 0.005612450314560523, 
        "filter_outliers_dict": {
            "filter_outliers": true, 
            "iterations": 1, 
            "std_devs": 2
        }, 
        "fit": "average", 
        "value": 0.13128583226887017
    }
}