{
    "AX": {
        "error": 0.006357612465439417, 
        "filter_outliers_dict": {
            "filter_outliers": true, 
            "iterations": 1, 
            "std_devs": 2
        }, 
        "fit": "average", 
        "value": 0.0829762237869914
    }, 
    "CDD": {
        "error": 2.2515727325193942e-05, 
        "filter_outliers_dict": {
            "filter_outliers": true, 
            "iterations": 1, 
            "std_devs": 10
        }, 
        "fit": "average", 
        "value": 0.00023383981353289148
    }, 
    "H1": {
        "error": 0.005351939234223892, 
        "filter_outliers_dict": {
            "filter_outliers": true, 
            "iterations": 1, 
            "std_devs": 2
        }, 
        "fit": "average", 
        "value": -0.007371638665078064
    }, 
    "H2": {
        "error": 0.0068969026003387135, 
        "filter_outliers_dict": {
            "filter_outliers": true, 
            "iterations": 1, 
            "std_devs": 2
        }, 
        "fit": "average", 
        "value": 0.06164491357698039
    }, 
    "L1": {
        "error": 0.002889520726961807, 
        "filter_outliers_dict": {
            "filter_outliers": true, 
            "iterations": 1, 
            "std_devs": 2
        }, 
        "fit": "average", 
        "value": 0.0017925011349976849
    }, 
    "L2": {
        "error": 0.005506965635384231, 
        "filter_outliers_dict": {
            "filter_outliers": true, 
            "iterations": 1, 
            "std_devs": 2
        }, 
        "fit": "average", 
        "value": 0.1256456921776908
    }
}