{
    "AX": {
        "error": 0.006740305973234402, 
        "filter_outliers_dict": {
            "filter_outliers": true, 
            "iterations": 1, 
            "std_devs": 2
        }, 
        "fit": "average", 
        "value": 0.08012236084077173
    }, 
    "CDD": {
        "error": 2.5144065636084837e-06, 
        "filter_outliers_dict": {
            "filter_outliers": true, 
            "iterations": 1, 
            "std_devs": 10
        }, 
        "fit": "average", 
        "value": 2.5144065636084837e-06
    }, 
    "H1": {
        "error": 0.0051615070630435305, 
        "filter_outliers_dict": {
            "filter_outliers": true, 
            "iterations": 1, 
            "std_devs": 2
        }, 
        "fit": "average", 
        "value": -0.023768843897562477
    }, 
    "H2": {
        "error": 0.006536803563792948, 
        "filter_outliers_dict": {
            "filter_outliers": true, 
            "iterations": 1, 
            "std_devs": 2
        }, 
        "fit": "average", 
        "value": 0.06936318080359684
    }, 
    "L1": {
        "error": 0.002405175532141027, 
        "filter_outliers_dict": {
            "filter_outliers": true, 
            "iterations": 1, 
            "std_devs": 2
        }, 
        "fit": "average", 
        "value": -0.0011686966141547296
    }, 
    "L2": {
        "error": 0.006605604860684889, 
        "filter_outliers_dict": {
            "filter_outliers": true, 
            "iterations": 1, 
            "std_devs": 2
        }, 
        "fit": "average", 
        "value": 0.14818443928975594
    }
}