{
    "AX": {
        "error": 0.006974475519257126, 
        "filter_outliers_dict": {
            "filter_outliers": true, 
            "iterations": 1, 
            "std_devs": 2
        }, 
        "fit": "average", 
        "value": 0.08017136166196327
    }, 
    "CDD": {
        "error": 1.0200444860814856e-05, 
        "filter_outliers_dict": {
            "filter_outliers": true, 
            "iterations": 1, 
            "std_devs": 10
        }, 
        "fit": "average", 
        "value": 4.2744911677261213e-05
    }, 
    "H1": {
        "error": 0.005092847341957941, 
        "filter_outliers_dict": {
            "filter_outliers": true, 
            "iterations": 1, 
            "std_devs": 2
        }, 
        "fit": "average", 
        "value": -0.01714366560041789
    }, 
    "H2": {
        "error": 0.005934865907366528, 
        "filter_outliers_dict": {
            "filter_outliers": true, 
            "iterations": 1, 
            "std_devs": 2
        }, 
        "fit": "average", 
        "value": 0.0606320364769477
    }, 
    "L1": {
        "error": 0.002215193347382419, 
        "filter_outliers_dict": {
            "filter_outliers": true, 
            "iterations": 1, 
            "std_devs": 2
        }, 
        "fit": "average", 
        "value": -0.0009362518413265743
    }, 
    "L2": {
        "error": 0.006340978285779383, 
        "filter_outliers_dict": {
            "filter_outliers": true, 
            "iterations": 1, 
            "std_devs": 2
        }, 
        "fit": "average", 
        "value": 0.14364740505263354
    }
}