{
    "AX": {
        "error": 0.006864941061973291, 
        "filter_outliers_dict": {
            "filter_outliers": true, 
            "iterations": 1, 
            "std_devs": 2
        }, 
        "fit": "average", 
        "value": 0.09103995557681825
    }, 
    "CDD": {
        "error": 1.6364119017104794e-05, 
        "filter_outliers_dict": {
            "filter_outliers": true, 
            "iterations": 1, 
            "std_devs": 10
        }, 
        "fit": "average", 
        "value": 9.806185665214985e-05
    }, 
    "H1": {
        "error": 0.006190914594282846, 
        "filter_outliers_dict": {
            "filter_outliers": true, 
            "iterations": 1, 
            "std_devs": 2
        }, 
        "fit": "average", 
        "value": -0.011501508430559203
    }, 
    "H2": {
        "error": 0.00734363990500343, 
        "filter_outliers_dict": {
            "filter_outliers": true, 
            "iterations": 1, 
            "std_devs": 2
        }, 
        "fit": "average", 
        "value": 0.09231497411136706
    }, 
    "L1": {
        "error": 0.0022063875322233966, 
        "filter_outliers_dict": {
            "filter_outliers": true, 
            "iterations": 1, 
            "std_devs": 2
        }, 
        "fit": "average", 
        "value": 0.006373834322985154
    }, 
    "L2": {
        "error": 0.004665071610509013, 
        "filter_outliers_dict": {
            "filter_outliers": true, 
            "iterations": 1, 
            "std_devs": 2
        }, 
        "fit": "average", 
        "value": 0.1425607625694504
    }
}