{
    "AX": {
        "error": 0.006703930984649322, 
        "filter_outliers_dict": {
            "filter_outliers": true, 
            "iterations": 1, 
            "std_devs": 2
        }, 
        "fit": "average", 
        "value": 0.06094270168017387
    }, 
    "CDD": {
        "error": 2.514406563608484e-06, 
        "filter_outliers_dict": {
            "filter_outliers": true, 
            "iterations": 1, 
            "std_devs": 10
        }, 
        "fit": "average", 
        "value": 2.5144065636084837e-06
    }, 
    "H1": {
        "error": 0.005648743327914082, 
        "filter_outliers_dict": {
            "filter_outliers": true, 
            "iterations": 1, 
            "std_devs": 2
        }, 
        "fit": "average", 
        "value": -0.03435241225805437
    }, 
    "H2": {
        "error": 0.005749271841713236, 
        "filter_outliers_dict": {
            "filter_outliers": true, 
            "iterations": 1, 
            "std_devs": 2
        }, 
        "fit": "average", 
        "value": 0.053684186176282726
    }, 
    "L1": {
        "error": 0.0025663688552860294, 
        "filter_outliers_dict": {
            "filter_outliers": true, 
            "iterations": 1, 
            "std_devs": 2
        }, 
        "fit": "average", 
        "value": 0.004112331414147191
    }, 
    "L2": {
        "error": 0.0068302005984960425, 
        "filter_outliers_dict": {
            "filter_outliers": true, 
            "iterations": 1, 
            "std_devs": 2
        }, 
        "fit": "average", 
        "value": 0.13691751707049984
    }
}