{
    "AX": {
        "error": 0.006564102550079939, 
        "filter_outliers_dict": {
            "filter_outliers": true, 
            "iterations": 1, 
            "std_devs": 2
        }, 
        "fit": "average", 
        "value": 0.08574332033304963
    }, 
    "CDD": {
        "error": 7.319720499849045e-06, 
        "filter_outliers_dict": {
            "filter_outliers": true, 
            "iterations": 1, 
            "std_devs": 10
        }, 
        "fit": "average", 
        "value": 2.5144065636084836e-05
    }, 
    "H1": {
        "error": 0.004479957062759597, 
        "filter_outliers_dict": {
            "filter_outliers": true, 
            "iterations": 1, 
            "std_devs": 2
        }, 
        "fit": "average", 
        "value": -0.027758031986984934
    }, 
    "H2": {
        "error": 0.005714722981093929, 
        "filter_outliers_dict": {
            "filter_outliers": true, 
            "iterations": 1, 
            "std_devs": 2
        }, 
        "fit": "average", 
        "value": 0.07142973984165224
    }, 
    "L1": {
        "error": 0.002625347049145318, 
        "filter_outliers_dict": {
            "filter_outliers": true, 
            "iterations": 1, 
            "std_devs": 2
        }, 
        "fit": "average", 
        "value": 0.007339997514285329
    }, 
    "L2": {
        "error": 0.0057386226229661315, 
        "filter_outliers_dict": {
            "filter_outliers": true, 
            "iterations": 1, 
            "std_devs": 2
        }, 
        "fit": "average", 
        "value": 0.1315093151433814
    }
}