{
    "AX": {
        "error": 0.005797372236891566, 
        "filter_outliers_dict": {
            "filter_outliers": true, 
            "iterations": 1, 
            "std_devs": 2
        }, 
        "fit": "average", 
        "value": 0.08453743716275684
    }, 
    "CDD": {
        "error": 9.229816382827235e-06, 
        "filter_outliers_dict": {
            "filter_outliers": true, 
            "iterations": 1, 
            "std_devs": 10
        }, 
        "fit": "average", 
        "value": 3.7716098502085756e-05
    }, 
    "H1": {
        "error": 0.0051506890618234335, 
        "filter_outliers_dict": {
            "filter_outliers": true, 
            "iterations": 1, 
            "std_devs": 2
        }, 
        "fit": "average", 
        "value": -0.015641794173558567
    }, 
    "H2": {
        "error": 0.007692374740735242, 
        "filter_outliers_dict": {
            "filter_outliers": true, 
            "iterations": 1, 
            "std_devs": 2
        }, 
        "fit": "average", 
        "value": 0.056784699676148714
    }, 
    "L1": {
        "error": 0.002596054597513865, 
        "filter_outliers_dict": {
            "filter_outliers": true, 
            "iterations": 1, 
            "std_devs": 2
        }, 
        "fit": "average", 
        "value": 0.012015286579473693
    }, 
    "L2": {
        "error": 0.005673259694891991, 
        "filter_outliers_dict": {
            "filter_outliers": true, 
            "iterations": 1, 
            "std_devs": 2
        }, 
        "fit": "average", 
        "value": 0.13456197380620163
    }
}