{
    "deflections": {
        "AX": 190.0,
        "CDD": 50.0,
        "H1": 0.0,
        "H2": 0.0,
        "L1": 400.0,
        "L2": 825.0
    },
    "gains": {
        "AX": 0.09717,
        "CDD": 0.0,
        "H1": 0.1,
        "H2": 0.01,
        "L1": 0.010546,
        "L2": 0.09392
    },
    "spectrometer": {
        "ElectronEnergy": 74.0419947506562,
        "ExtractionLens": 26.13,
        "HV": 4.49994659342336,
        "IonCounterVoltage": 0.0,
        "IonRepeller": -3.81,
        "YSymmetry": -2.81,
        "ZFocus": 74.64,
        "ZSymmetry": -50.72
    }
}