{
    "Ca3637": [
        0.0002744,
        4e-07
    ],
    "Ca3837": [
        0.00016,
        1e-06
    ],
    "Ca3937": [
        0.00076,
        2e-05
    ],
    "Ca_K": [
        1.96,
        0.02
    ],
    "Cl3638": [
        263.0,
        0.0003
    ],
    "Cl_K": [
        15.0,
        0.1
    ],
    "K3739": [
        0.000155,
        1.5e-05
    ],
    "K3839": [
        0.01208,
        2e-05
    ],
    "K4039": [
        0.000129,
        8e-05
    ],
    "name": "PR NM-312 CLICIT"
}