{
    "Ar36": {
        "error": 0.00010465168261071593, 
        "filter_outliers_dict": {
            "filter_outliers": true, 
            "iterations": 1, 
            "std_devs": 2
        }, 
        "fit": "Parabolic", 
        "value": 0.0007478614797897154
    }, 
    "Ar37": {
        "error": 0.004757565467995481, 
        "filter_outliers_dict": {
            "filter_outliers": true, 
            "iterations": 1, 
            "std_devs": 2
        }, 
        "fit": "linear", 
        "value": 0.1642973417707857
    }, 
    "Ar38": {
        "error": 0.002204456479043535, 
        "filter_outliers_dict": {
            "filter_outliers": true, 
            "iterations": 1, 
            "std_devs": 2
        }, 
        "fit": "linear", 
        "value": 0.006300439420753312
    }, 
    "Ar39": {
        "error": 0.007958504295744675, 
        "filter_outliers_dict": {
            "filter_outliers": true, 
            "iterations": 1, 
            "std_devs": 2
        }, 
        "fit": "Parabolic", 
        "value": 0.08205832632549383
    }, 
    "Ar40": {
        "error": 0.006966279207263439, 
        "filter_outliers_dict": {
            "filter_outliers": true, 
            "iterations": 1, 
            "std_devs": 2
        }, 
        "fit": "Parabolic", 
        "value": 0.07463122204395793
    }, 
    "Ar41": {
        "error": 0.005251550409229372, 
        "filter_outliers_dict": {
            "filter_outliers": true, 
            "iterations": 1, 
            "std_devs": 2
        }, 
        "fit": "linear", 
        "value": 0.07252620766352733
    }
}