{
    "Ar36": {
        "error": 0.00010468821455812237, 
        "filter_outliers_dict": {
            "filter_outliers": true, 
            "iterations": 1, 
            "std_devs": 2
        }, 
        "fit": "Parabolic", 
        "value": 0.0007535514418861749
    }, 
    "Ar37": {
        "error": 0.005103943081862017, 
        "filter_outliers_dict": {
            "filter_outliers": true, 
            "iterations": 1, 
            "std_devs": 2
        }, 
        "fit": "linear", 
        "value": 0.16243691943839936
    }, 
    "Ar38": {
        "error": 0.002408250187614591, 
        "filter_outliers_dict": {
            "filter_outliers": true, 
            "iterations": 1, 
            "std_devs": 2
        }, 
        "fit": "linear", 
        "value": 0.003513384552031069
    }, 
    "Ar39": {
        "error": 0.008478193893253279, 
        "filter_outliers_dict": {
            "filter_outliers": true, 
            "iterations": 1, 
            "std_devs": 2
        }, 
        "fit": "Parabolic", 
        "value": 0.08680927900693458
    }, 
    "Ar40": {
        "error": 0.007479837597166892, 
        "filter_outliers_dict": {
            "filter_outliers": true, 
            "iterations": 1, 
            "std_devs": 2
        }, 
        "fit": "Parabolic", 
        "value": 0.10320609247620124
    }, 
    "Ar41": {
        "error": 0.005072102289837148, 
        "filter_outliers_dict": {
            "filter_outliers": true, 
            "iterations": 1, 
            "std_devs": 2
        }, 
        "fit": "linear", 
        "value": 0.09049717249402735
    }
}