{
    "AX": {
        "error": 0.004418065886069683, 
        "filter_outliers_dict": {
            "filter_outliers": true, 
            "iterations": 1, 
            "std_devs": 2
        }, 
        "fit": "average", 
        "value": 0.045586763671425945
    }, 
    "CDD": {
        "error": 3.6426275626805163e-06, 
        "filter_outliers_dict": {
            "filter_outliers": true, 
            "iterations": 1, 
            "std_devs": 10
        }, 
        "fit": "average", 
        "value": 1.1314829536238175e-05
    }, 
    "H1": {
        "error": 0.0038659291784275142, 
        "filter_outliers_dict": {
            "filter_outliers": true, 
            "iterations": 1, 
            "std_devs": 2
        }, 
        "fit": "average", 
        "value": -0.039756938758663075
    }, 
    "H2": {
        "error": 0.004520524114568992, 
        "filter_outliers_dict": {
            "filter_outliers": true, 
            "iterations": 1, 
            "std_devs": 2
        }, 
        "fit": "average", 
        "value": 0.0555857717043213
    }, 
    "L1": {
        "error": 0.0015835900282225328, 
        "filter_outliers_dict": {
            "filter_outliers": true, 
            "iterations": 1, 
            "std_devs": 2
        }, 
        "fit": "average", 
        "value": -0.010437371325458324
    }, 
    "L2": {
        "error": 0.004877758731774369, 
        "filter_outliers_dict": {
            "filter_outliers": true, 
            "iterations": 1, 
            "std_devs": 2
        }, 
        "fit": "average", 
        "value": 0.13156391823182867
    }
}