{
    "AX": {
        "error": 0.004779242698205858, 
        "filter_outliers_dict": {
            "filter_outliers": true, 
            "iterations": 1, 
            "std_devs": 2
        }, 
        "fit": "average", 
        "value": 0.04764462570944837
    }, 
    "CDD": {
        "error": 5.546273788369761e-06, 
        "filter_outliers_dict": {
            "filter_outliers": true, 
            "iterations": 1, 
            "std_devs": 10
        }, 
        "fit": "average", 
        "value": 2.2629659120434853e-05
    }, 
    "H1": {
        "error": 0.0033786938291478536, 
        "filter_outliers_dict": {
            "filter_outliers": true, 
            "iterations": 1, 
            "std_devs": 2
        }, 
        "fit": "average", 
        "value": -0.04786256439562869
    }, 
    "H2": {
        "error": 0.004908666805392565, 
        "filter_outliers_dict": {
            "filter_outliers": true, 
            "iterations": 1, 
            "std_devs": 2
        }, 
        "fit": "average", 
        "value": 0.05986222024501794
    }, 
    "L1": {
        "error": 0.0019893983521809973, 
        "filter_outliers_dict": {
            "filter_outliers": true, 
            "iterations": 1, 
            "std_devs": 2
        }, 
        "fit": "average", 
        "value": -0.01002495435207118
    }, 
    "L2": {
        "error": 0.004259235003228388, 
        "filter_outliers_dict": {
            "filter_outliers": true, 
            "iterations": 1, 
            "std_devs": 2
        }, 
        "fit": "average", 
        "value": 0.14020548297227517
    }
}