{
    "Ar36": {
        "error": 0.00011520683047558409, 
        "filter_outliers_dict": {
            "filter_outliers": true, 
            "iterations": 1, 
            "std_devs": 2
        }, 
        "fit": "Parabolic", 
        "value": 0.0011251309670038926
    }, 
    "Ar37": {
        "error": 0.0050716129159498555, 
        "filter_outliers_dict": {
            "filter_outliers": true, 
            "iterations": 1, 
            "std_devs": 2
        }, 
        "fit": "linear", 
        "value": 0.151668767678741
    }, 
    "Ar38": {
        "error": 0.0022316838638403104, 
        "filter_outliers_dict": {
            "filter_outliers": true, 
            "iterations": 1, 
            "std_devs": 2
        }, 
        "fit": "linear", 
        "value": 0.004527861136760164
    }, 
    "Ar39": {
        "error": 0.008159119022016164, 
        "filter_outliers_dict": {
            "filter_outliers": true, 
            "iterations": 1, 
            "std_devs": 2
        }, 
        "fit": "Parabolic", 
        "value": 0.05728281619549854
    }, 
    "Ar40": {
        "error": 0.006983034245661354, 
        "filter_outliers_dict": {
            "filter_outliers": true, 
            "iterations": 1, 
            "std_devs": 2
        }, 
        "fit": "Parabolic", 
        "value": 0.2751388998407994
    }, 
    "Ar41": {
        "error": 0.005237798370278472, 
        "filter_outliers_dict": {
            "filter_outliers": true, 
            "iterations": 1, 
            "std_devs": 2
        }, 
        "fit": "linear", 
        "value": 0.08382590193124978
    }
}