{
    "AX": {
        "error": 0.007389588599075361, 
        "filter_outliers_dict": {
            "filter_outliers": true, 
            "iterations": 1, 
            "std_devs": 2
        }, 
        "fit": "average", 
        "value": 0.03350037188528645
    }, 
    "CDD": {
        "error": 2.3559951169554492e-05, 
        "filter_outliers_dict": {
            "filter_outliers": true, 
            "iterations": 1, 
            "std_devs": 10
        }, 
        "fit": "average", 
        "value": 0.00017600846180256034
    }, 
    "H1": {
        "error": 0.006088263298056119, 
        "filter_outliers_dict": {
            "filter_outliers": true, 
            "iterations": 1, 
            "std_devs": 2
        }, 
        "fit": "average", 
        "value": -0.03289692550563933
    }, 
    "H2": {
        "error": 0.00568610575721557, 
        "filter_outliers_dict": {
            "filter_outliers": true, 
            "iterations": 1, 
            "std_devs": 2
        }, 
        "fit": "average", 
        "value": 0.07549039426665356
    }, 
    "L1": {
        "error": 0.0024901000455490184, 
        "filter_outliers_dict": {
            "filter_outliers": true, 
            "iterations": 1, 
            "std_devs": 2
        }, 
        "fit": "average", 
        "value": -0.011459321861175055
    }, 
    "L2": {
        "error": 0.006161568918159065, 
        "filter_outliers_dict": {
            "filter_outliers": true, 
            "iterations": 1, 
            "std_devs": 2
        }, 
        "fit": "average", 
        "value": 0.12647680168382605
    }
}