{
    "Ar36": {
        "error": 0.00026163446412934147, 
        "filter_outliers_dict": {
            "filter_outliers": true, 
            "iterations": 1, 
            "std_devs": 2
        }, 
        "fit": "Linear", 
        "value": 0.013582517323512918
    }, 
    "Ar37": {
        "error": 0.010313294189766026, 
        "filter_outliers_dict": {
            "filter_outliers": true, 
            "iterations": 1, 
            "std_devs": 2
        }, 
        "fit": "linear", 
        "value": 0.43802374215921036
    }, 
    "Ar38": {
        "error": 0.0054269311746029236, 
        "filter_outliers_dict": {
            "filter_outliers": true, 
            "iterations": 1, 
            "std_devs": 2
        }, 
        "fit": "linear", 
        "value": 0.8623248845035003
    }, 
    "Ar39": {
        "error": 0.020432946699783867, 
        "filter_outliers_dict": {
            "filter_outliers": true, 
            "iterations": 1, 
            "std_devs": 2
        }, 
        "fit": "Linear", 
        "value": 65.35812198184709
    }, 
    "Ar40": {
        "error": 0.04151900379419327, 
        "filter_outliers_dict": {
            "filter_outliers": true, 
            "iterations": 1, 
            "std_devs": 2
        }, 
        "fit": "Linear", 
        "value": 362.6537133821426
    }, 
    "Ar41": {
        "error": 0.003915050886561586, 
        "filter_outliers_dict": {
            "filter_outliers": true, 
            "iterations": 1, 
            "std_devs": 2
        }, 
        "fit": "Average", 
        "value": 0.10139782377125184
    }
}