{
    "Ar36": {
        "error": 0.00025806833501015506, 
        "filter_outliers_dict": {
            "filter_outliers": true, 
            "iterations": 1, 
            "std_devs": 2
        }, 
        "fit": "Linear", 
        "value": 0.0066562319939136765
    }, 
    "Ar37": {
        "error": 0.011186380063692776, 
        "filter_outliers_dict": {
            "filter_outliers": true, 
            "iterations": 1, 
            "std_devs": 2
        }, 
        "fit": "linear", 
        "value": 0.7226661458890496
    }, 
    "Ar38": {
        "error": 0.00477538099671651, 
        "filter_outliers_dict": {
            "filter_outliers": true, 
            "iterations": 1, 
            "std_devs": 2
        }, 
        "fit": "linear", 
        "value": 0.7386218810969386
    }, 
    "Ar39": {
        "error": 0.019984266044571913, 
        "filter_outliers_dict": {
            "filter_outliers": true, 
            "iterations": 1, 
            "std_devs": 2
        }, 
        "fit": "Linear", 
        "value": 55.92890010271474
    }, 
    "Ar40": {
        "error": 0.041082511573233976, 
        "filter_outliers_dict": {
            "filter_outliers": true, 
            "iterations": 1, 
            "std_devs": 2
        }, 
        "fit": "Linear", 
        "value": 289.0052021535395
    }, 
    "Ar41": {
        "error": 0.004724756498638118, 
        "filter_outliers_dict": {
            "filter_outliers": true, 
            "iterations": 1, 
            "std_devs": 2
        }, 
        "fit": "Average", 
        "value": 0.08337062806493688
    }
}