{
    "Ar36": {
        "error": 0.00035151055480376177, 
        "filter_outliers_dict": {
            "filter_outliers": true, 
            "iterations": 1, 
            "std_devs": 2
        }, 
        "fit": "Linear", 
        "value": 0.019194021756797647
    }, 
    "Ar37": {
        "error": 0.009474763617501446, 
        "filter_outliers_dict": {
            "filter_outliers": true, 
            "iterations": 1, 
            "std_devs": 2
        }, 
        "fit": "linear", 
        "value": 1.2342933253957244
    }, 
    "Ar38": {
        "error": 0.004836393353168076, 
        "filter_outliers_dict": {
            "filter_outliers": true, 
            "iterations": 1, 
            "std_devs": 2
        }, 
        "fit": "linear", 
        "value": 3.314924573495207
    }, 
    "Ar39": {
        "error": 0.03160632298550289, 
        "filter_outliers_dict": {
            "filter_outliers": true, 
            "iterations": 1, 
            "std_devs": 2
        }, 
        "fit": "Linear", 
        "value": 251.44980545294374
    }, 
    "Ar40": {
        "error": 0.09672990943613215, 
        "filter_outliers_dict": {
            "filter_outliers": true, 
            "iterations": 1, 
            "std_devs": 2
        }, 
        "fit": "Linear", 
        "value": 1397.2921293247064
    }, 
    "Ar41": {
        "error": 0.004518116165575886, 
        "filter_outliers_dict": {
            "filter_outliers": true, 
            "iterations": 1, 
            "std_devs": 2
        }, 
        "fit": "Average", 
        "value": 0.1252791854869538
    }
}