{
    "Ar36": {
        "error": 0.0006451053180769835, 
        "filter_outliers_dict": {
            "filter_outliers": true, 
            "iterations": 1, 
            "std_devs": 2
        }, 
        "fit": "Linear", 
        "value": 0.061087034366971826
    }, 
    "Ar37": {
        "error": 0.010002186442038785, 
        "filter_outliers_dict": {
            "filter_outliers": true, 
            "iterations": 1, 
            "std_devs": 2
        }, 
        "fit": "linear", 
        "value": 1.6530125282367214
    }, 
    "Ar38": {
        "error": 0.007173570233724917, 
        "filter_outliers_dict": {
            "filter_outliers": true, 
            "iterations": 1, 
            "std_devs": 2
        }, 
        "fit": "linear", 
        "value": 3.649489352036543
    }, 
    "Ar39": {
        "error": 0.04104102726218544, 
        "filter_outliers_dict": {
            "filter_outliers": true, 
            "iterations": 1, 
            "std_devs": 2
        }, 
        "fit": "Linear", 
        "value": 275.25612700921494
    }, 
    "Ar40": {
        "error": 0.2222103481810118, 
        "filter_outliers_dict": {
            "filter_outliers": true, 
            "iterations": 1, 
            "std_devs": 2
        }, 
        "fit": "Linear", 
        "value": 2195.863343542903
    }, 
    "Ar41": {
        "error": 0.004778321220736823, 
        "filter_outliers_dict": {
            "filter_outliers": true, 
            "iterations": 1, 
            "std_devs": 2
        }, 
        "fit": "Average", 
        "value": 0.18549486187619904
    }
}