{
    "Ar36": {
        "error": 0.00030295354288906596, 
        "filter_outliers_dict": {
            "filter_outliers": true, 
            "iterations": 1, 
            "std_devs": 2
        }, 
        "fit": "Linear", 
        "value": 0.013110555455773108
    }, 
    "Ar37": {
        "error": 0.011106523543290545, 
        "filter_outliers_dict": {
            "filter_outliers": true, 
            "iterations": 1, 
            "std_devs": 2
        }, 
        "fit": "linear", 
        "value": 1.0366296578206498
    }, 
    "Ar38": {
        "error": 0.005010478960426572, 
        "filter_outliers_dict": {
            "filter_outliers": true, 
            "iterations": 1, 
            "std_devs": 2
        }, 
        "fit": "linear", 
        "value": 1.932043651327803
    }, 
    "Ar39": {
        "error": 0.02968002669786065, 
        "filter_outliers_dict": {
            "filter_outliers": true, 
            "iterations": 1, 
            "std_devs": 2
        }, 
        "fit": "Linear", 
        "value": 144.66624508953169
    }, 
    "Ar40": {
        "error": 0.17185083985493463, 
        "filter_outliers_dict": {
            "filter_outliers": true, 
            "iterations": 1, 
            "std_devs": 2
        }, 
        "fit": "Linear", 
        "value": 1140.7843284616736
    }, 
    "Ar41": {
        "error": 0.004170657775158587, 
        "filter_outliers_dict": {
            "filter_outliers": true, 
            "iterations": 1, 
            "std_devs": 2
        }, 
        "fit": "Average", 
        "value": 0.12725912082212923
    }
}