{
    "Ar36": {
        "error": 0.00026252255152030057, 
        "filter_outliers_dict": {
            "filter_outliers": true, 
            "iterations": 1, 
            "std_devs": 2
        }, 
        "fit": "Linear", 
        "value": 0.008744197245730584
    }, 
    "Ar37": {
        "error": 0.011108392263776433, 
        "filter_outliers_dict": {
            "filter_outliers": true, 
            "iterations": 1, 
            "std_devs": 2
        }, 
        "fit": "linear", 
        "value": 0.590817570945751
    }, 
    "Ar38": {
        "error": 0.00544004884572246, 
        "filter_outliers_dict": {
            "filter_outliers": true, 
            "iterations": 1, 
            "std_devs": 2
        }, 
        "fit": "linear", 
        "value": 1.0449419739411012
    }, 
    "Ar39": {
        "error": 0.019576640848931823, 
        "filter_outliers_dict": {
            "filter_outliers": true, 
            "iterations": 1, 
            "std_devs": 2
        }, 
        "fit": "Linear", 
        "value": 78.2138796718439
    }, 
    "Ar40": {
        "error": 0.043285878640986285, 
        "filter_outliers_dict": {
            "filter_outliers": true, 
            "iterations": 1, 
            "std_devs": 2
        }, 
        "fit": "Linear", 
        "value": 434.78891283022284
    }, 
    "Ar41": {
        "error": 0.004974840308945048, 
        "filter_outliers_dict": {
            "filter_outliers": true, 
            "iterations": 1, 
            "std_devs": 2
        }, 
        "fit": "Average", 
        "value": 0.0998868366954659
    }
}