{
    "Ar36": {
        "error": 0.0004960522355614747, 
        "filter_outliers_dict": {
            "filter_outliers": true, 
            "iterations": 1, 
            "std_devs": 2
        }, 
        "fit": "Linear", 
        "value": 0.006547732293710001
    }, 
    "Ar37": {
        "error": 0.023742129372002856, 
        "filter_outliers_dict": {
            "filter_outliers": true, 
            "iterations": 1, 
            "std_devs": 2
        }, 
        "fit": "linear", 
        "value": 0.1834489258658445
    }, 
    "Ar38": {
        "error": 0.008365848913166657, 
        "filter_outliers_dict": {
            "filter_outliers": true, 
            "iterations": 1, 
            "std_devs": 2
        }, 
        "fit": "linear", 
        "value": 0.20590540433479687
    }, 
    "Ar39": {
        "error": 0.026225468520888185, 
        "filter_outliers_dict": {
            "filter_outliers": true, 
            "iterations": 1, 
            "std_devs": 2
        }, 
        "fit": "Linear", 
        "value": 14.022590715737675
    }, 
    "Ar40": {
        "error": 0.1716718335416506, 
        "filter_outliers_dict": {
            "filter_outliers": true, 
            "iterations": 1, 
            "std_devs": 2
        }, 
        "fit": "Linear", 
        "value": 1592.7915012801864
    }, 
    "Ar41": {
        "error": 0.007644576467230034, 
        "filter_outliers_dict": {
            "filter_outliers": true, 
            "iterations": 1, 
            "std_devs": 2
        }, 
        "fit": "Average", 
        "value": 0.14406485083517204
    }
}