{
    "Ar36": {
        "error": 0.00024029435817364512, 
        "filter_outliers_dict": {
            "filter_outliers": true, 
            "iterations": 1, 
            "std_devs": 2
        }, 
        "fit": "Linear", 
        "value": 0.005128750395514912
    }, 
    "Ar37": {
        "error": 0.0119179311886251, 
        "filter_outliers_dict": {
            "filter_outliers": true, 
            "iterations": 1, 
            "std_devs": 2
        }, 
        "fit": "linear", 
        "value": 0.25461993353393586
    }, 
    "Ar38": {
        "error": 0.005210603512845558, 
        "filter_outliers_dict": {
            "filter_outliers": true, 
            "iterations": 1, 
            "std_devs": 2
        }, 
        "fit": "linear", 
        "value": 0.15958688448884226
    }, 
    "Ar39": {
        "error": 0.012049674770637678, 
        "filter_outliers_dict": {
            "filter_outliers": true, 
            "iterations": 1, 
            "std_devs": 2
        }, 
        "fit": "Linear", 
        "value": 9.237113577636336
    }, 
    "Ar40": {
        "error": 0.015979358892518298, 
        "filter_outliers_dict": {
            "filter_outliers": true, 
            "iterations": 1, 
            "std_devs": 2
        }, 
        "fit": "Linear", 
        "value": 44.795493664238734
    }, 
    "Ar41": {
        "error": 0.004572863535379552, 
        "filter_outliers_dict": {
            "filter_outliers": true, 
            "iterations": 1, 
            "std_devs": 2
        }, 
        "fit": "Average", 
        "value": 0.09157956645608459
    }
}