{
    "Ar36": {
        "error": 0.0003483315226428501, 
        "filter_outliers_dict": {
            "filter_outliers": true, 
            "iterations": 1, 
            "std_devs": 2
        }, 
        "fit": "Linear", 
        "value": 0.003893248704122548
    }, 
    "Ar37": {
        "error": 0.025179645906565032, 
        "filter_outliers_dict": {
            "filter_outliers": true, 
            "iterations": 1, 
            "std_devs": 2
        }, 
        "fit": "linear", 
        "value": 0.13391973170595192
    }, 
    "Ar38": {
        "error": 0.012570936013515924, 
        "filter_outliers_dict": {
            "filter_outliers": true, 
            "iterations": 1, 
            "std_devs": 2
        }, 
        "fit": "linear", 
        "value": -0.0003361283502933115
    }, 
    "Ar39": {
        "error": 0.025148095171297943, 
        "filter_outliers_dict": {
            "filter_outliers": true, 
            "iterations": 1, 
            "std_devs": 2
        }, 
        "fit": "Linear", 
        "value": 0.05630546268177703
    }, 
    "Ar40": {
        "error": 0.015839874285404246, 
        "filter_outliers_dict": {
            "filter_outliers": true, 
            "iterations": 1, 
            "std_devs": 2
        }, 
        "fit": "Linear", 
        "value": 1.2481856881649227
    }, 
    "Ar41": {
        "error": 0.009835751133437445, 
        "filter_outliers_dict": {
            "filter_outliers": true, 
            "iterations": 1, 
            "std_devs": 2
        }, 
        "fit": "Average", 
        "value": 0.0693528318005403
    }
}