{
    "Ar36": {
        "error": 0.0004689719299723785, 
        "filter_outliers_dict": {
            "filter_outliers": true, 
            "iterations": 1, 
            "std_devs": 2
        }, 
        "fit": "Linear", 
        "value": 0.04904085256376217
    }, 
    "Ar37": {
        "error": 0.01101676881057225, 
        "filter_outliers_dict": {
            "filter_outliers": true, 
            "iterations": 1, 
            "std_devs": 2
        }, 
        "fit": "linear", 
        "value": 0.4241400454476298
    }, 
    "Ar38": {
        "error": 0.004400569676570114, 
        "filter_outliers_dict": {
            "filter_outliers": true, 
            "iterations": 1, 
            "std_devs": 2
        }, 
        "fit": "linear", 
        "value": 1.0762590737942959
    }, 
    "Ar39": {
        "error": 0.02052865654077904, 
        "filter_outliers_dict": {
            "filter_outliers": true, 
            "iterations": 1, 
            "std_devs": 2
        }, 
        "fit": "Linear", 
        "value": 80.63432012494215
    }, 
    "Ar40": {
        "error": 0.07856234829912642, 
        "filter_outliers_dict": {
            "filter_outliers": true, 
            "iterations": 1, 
            "std_devs": 2
        }, 
        "fit": "Linear", 
        "value": 652.9399254125768
    }, 
    "Ar41": {
        "error": 0.004714689923417074, 
        "filter_outliers_dict": {
            "filter_outliers": true, 
            "iterations": 1, 
            "std_devs": 2
        }, 
        "fit": "Average", 
        "value": 0.09312717451033181
    }
}