{
    "Ar36": {
        "error": 0.00048180791957708495, 
        "filter_outliers_dict": {
            "filter_outliers": true, 
            "iterations": 1, 
            "std_devs": 2
        }, 
        "fit": "Linear", 
        "value": 0.028491309785782428
    }, 
    "Ar37": {
        "error": 0.011622187344938249, 
        "filter_outliers_dict": {
            "filter_outliers": true, 
            "iterations": 1, 
            "std_devs": 2
        }, 
        "fit": "linear", 
        "value": 0.8144270346730612
    }, 
    "Ar38": {
        "error": 0.005723742157569059, 
        "filter_outliers_dict": {
            "filter_outliers": true, 
            "iterations": 1, 
            "std_devs": 2
        }, 
        "fit": "linear", 
        "value": 1.8673846517243242
    }, 
    "Ar39": {
        "error": 0.02154404653215116, 
        "filter_outliers_dict": {
            "filter_outliers": true, 
            "iterations": 1, 
            "std_devs": 2
        }, 
        "fit": "Linear", 
        "value": 141.1651864482824
    }, 
    "Ar40": {
        "error": 0.13041269935481994, 
        "filter_outliers_dict": {
            "filter_outliers": true, 
            "iterations": 1, 
            "std_devs": 2
        }, 
        "fit": "Linear", 
        "value": 1126.1006751232449
    }, 
    "Ar41": {
        "error": 0.004655767735660942, 
        "filter_outliers_dict": {
            "filter_outliers": true, 
            "iterations": 1, 
            "std_devs": 2
        }, 
        "fit": "Average", 
        "value": 0.128262945670347
    }
}