{
    "Ar36": {
        "error": 0.00025203012296540135, 
        "filter_outliers_dict": {
            "filter_outliers": true, 
            "iterations": 1, 
            "std_devs": 2
        }, 
        "fit": "Linear", 
        "value": 0.010778829596514099
    }, 
    "Ar37": {
        "error": 0.010534724219741182, 
        "filter_outliers_dict": {
            "filter_outliers": true, 
            "iterations": 1, 
            "std_devs": 2
        }, 
        "fit": "linear", 
        "value": 0.6408314668313546
    }, 
    "Ar38": {
        "error": 0.005303045413271557, 
        "filter_outliers_dict": {
            "filter_outliers": true, 
            "iterations": 1, 
            "std_devs": 2
        }, 
        "fit": "linear", 
        "value": 1.1385940623602542
    }, 
    "Ar39": {
        "error": 0.020817519145267357, 
        "filter_outliers_dict": {
            "filter_outliers": true, 
            "iterations": 1, 
            "std_devs": 2
        }, 
        "fit": "Linear", 
        "value": 85.62117120098324
    }, 
    "Ar40": {
        "error": 0.09345238287194611, 
        "filter_outliers_dict": {
            "filter_outliers": true, 
            "iterations": 1, 
            "std_devs": 2
        }, 
        "fit": "Linear", 
        "value": 674.2643078041051
    }, 
    "Ar41": {
        "error": 0.004408768496736079, 
        "filter_outliers_dict": {
            "filter_outliers": true, 
            "iterations": 1, 
            "std_devs": 2
        }, 
        "fit": "Average", 
        "value": 0.10576438729996594
    }
}