{
    "Ar36": {
        "error": 0.00017344707607497718, 
        "filter_outliers_dict": {
            "filter_outliers": true, 
            "iterations": 1, 
            "std_devs": 2
        }, 
        "fit": "Linear", 
        "value": 0.0033277518134031663
    }, 
    "Ar37": {
        "error": 0.010307031749839182, 
        "filter_outliers_dict": {
            "filter_outliers": true, 
            "iterations": 1, 
            "std_devs": 2
        }, 
        "fit": "linear", 
        "value": 0.3120481409887717
    }, 
    "Ar38": {
        "error": 0.005428942841951242, 
        "filter_outliers_dict": {
            "filter_outliers": true, 
            "iterations": 1, 
            "std_devs": 2
        }, 
        "fit": "linear", 
        "value": 0.23427259186463978
    }, 
    "Ar39": {
        "error": 0.01505745176778099, 
        "filter_outliers_dict": {
            "filter_outliers": true, 
            "iterations": 1, 
            "std_devs": 2
        }, 
        "fit": "Linear", 
        "value": 18.01216310641182
    }, 
    "Ar40": {
        "error": 0.020247330819664382, 
        "filter_outliers_dict": {
            "filter_outliers": true, 
            "iterations": 1, 
            "std_devs": 2
        }, 
        "fit": "Linear", 
        "value": 95.23982579804417
    }, 
    "Ar41": {
        "error": 0.004650205141639008, 
        "filter_outliers_dict": {
            "filter_outliers": true, 
            "iterations": 1, 
            "std_devs": 2
        }, 
        "fit": "Average", 
        "value": 0.08919948147297502
    }
}