{
    "Ar36": {
        "error": 0.00020254525109255673, 
        "filter_outliers_dict": {
            "filter_outliers": true, 
            "iterations": 1, 
            "std_devs": 2
        }, 
        "fit": "Linear", 
        "value": 0.006218995485095219
    }, 
    "Ar37": {
        "error": 0.010890116165978798, 
        "filter_outliers_dict": {
            "filter_outliers": true, 
            "iterations": 1, 
            "std_devs": 2
        }, 
        "fit": "linear", 
        "value": 0.1870226327922636
    }, 
    "Ar38": {
        "error": 0.005167598365891023, 
        "filter_outliers_dict": {
            "filter_outliers": true, 
            "iterations": 1, 
            "std_devs": 2
        }, 
        "fit": "linear", 
        "value": 0.07904640994912124
    }, 
    "Ar39": {
        "error": 0.013892145953431433, 
        "filter_outliers_dict": {
            "filter_outliers": true, 
            "iterations": 1, 
            "std_devs": 2
        }, 
        "fit": "Linear", 
        "value": 5.952486002768499
    }, 
    "Ar40": {
        "error": 0.015030822580876794, 
        "filter_outliers_dict": {
            "filter_outliers": true, 
            "iterations": 1, 
            "std_devs": 2
        }, 
        "fit": "Linear", 
        "value": 30.216899761477528
    }, 
    "Ar41": {
        "error": 0.0045324548688534935, 
        "filter_outliers_dict": {
            "filter_outliers": true, 
            "iterations": 1, 
            "std_devs": 2
        }, 
        "fit": "Average", 
        "value": 0.07746120492679404
    }
}