{
    "Ar36": {
        "error": 0.00032067435996251803, 
        "filter_outliers_dict": {
            "filter_outliers": true, 
            "iterations": 1, 
            "std_devs": 2
        }, 
        "fit": "Linear", 
        "value": 0.0030224960397895392
    }, 
    "Ar37": {
        "error": 0.022962553591976343, 
        "filter_outliers_dict": {
            "filter_outliers": true, 
            "iterations": 1, 
            "std_devs": 2
        }, 
        "fit": "linear", 
        "value": 0.22799982044211645
    }, 
    "Ar38": {
        "error": 0.008421685381335123, 
        "filter_outliers_dict": {
            "filter_outliers": true, 
            "iterations": 1, 
            "std_devs": 2
        }, 
        "fit": "linear", 
        "value": 0.00029455407026220126
    }, 
    "Ar39": {
        "error": 0.025023041998752073, 
        "filter_outliers_dict": {
            "filter_outliers": true, 
            "iterations": 1, 
            "std_devs": 2
        }, 
        "fit": "Linear", 
        "value": 0.5673057024769198
    }, 
    "Ar40": {
        "error": 0.017741659317907398, 
        "filter_outliers_dict": {
            "filter_outliers": true, 
            "iterations": 1, 
            "std_devs": 2
        }, 
        "fit": "Linear", 
        "value": 2.344365978546567
    }, 
    "Ar41": {
        "error": 0.007419038754273527, 
        "filter_outliers_dict": {
            "filter_outliers": true, 
            "iterations": 1, 
            "std_devs": 2
        }, 
        "fit": "Average", 
        "value": 0.07175156299347643
    }
}