{
    "Ar36": {
        "error": 0.0003906529585736153, 
        "filter_outliers_dict": {
            "filter_outliers": true, 
            "iterations": 1, 
            "std_devs": 2
        }, 
        "fit": "Linear", 
        "value": 0.02789784182172433
    }, 
    "Ar37": {
        "error": 0.01111949932977535, 
        "filter_outliers_dict": {
            "filter_outliers": true, 
            "iterations": 1, 
            "std_devs": 2
        }, 
        "fit": "linear", 
        "value": 1.7261371905609402
    }, 
    "Ar38": {
        "error": 0.007078010735660482, 
        "filter_outliers_dict": {
            "filter_outliers": true, 
            "iterations": 1, 
            "std_devs": 2
        }, 
        "fit": "linear", 
        "value": 6.00274872578577
    }, 
    "Ar39": {
        "error": 0.04762594206895071, 
        "filter_outliers_dict": {
            "filter_outliers": true, 
            "iterations": 1, 
            "std_devs": 2
        }, 
        "fit": "Linear", 
        "value": 455.0125590158753
    }, 
    "Ar40": {
        "error": 0.17230980946159538, 
        "filter_outliers_dict": {
            "filter_outliers": true, 
            "iterations": 1, 
            "std_devs": 2
        }, 
        "fit": "Linear", 
        "value": 3651.1807628016827
    }, 
    "Ar41": {
        "error": 0.003993809705079838, 
        "filter_outliers_dict": {
            "filter_outliers": true, 
            "iterations": 1, 
            "std_devs": 2
        }, 
        "fit": "Average", 
        "value": 0.2397938479446629
    }
}