{
    "Ar36": {
        "error": 0.0001838178989586464, 
        "filter_outliers_dict": {
            "filter_outliers": true, 
            "iterations": 1, 
            "std_devs": 2
        }, 
        "fit": "Linear", 
        "value": 0.004267050648413888
    }, 
    "Ar37": {
        "error": 0.009872182987789647, 
        "filter_outliers_dict": {
            "filter_outliers": true, 
            "iterations": 1, 
            "std_devs": 2
        }, 
        "fit": "linear", 
        "value": 0.18396974092365134
    }, 
    "Ar38": {
        "error": 0.005050466752859702, 
        "filter_outliers_dict": {
            "filter_outliers": true, 
            "iterations": 1, 
            "std_devs": 2
        }, 
        "fit": "linear", 
        "value": 0.016941723033262145
    }, 
    "Ar39": {
        "error": 0.012975248145770675, 
        "filter_outliers_dict": {
            "filter_outliers": true, 
            "iterations": 1, 
            "std_devs": 2
        }, 
        "fit": "Linear", 
        "value": 1.1137462370252604
    }, 
    "Ar40": {
        "error": 0.009979580831319949, 
        "filter_outliers_dict": {
            "filter_outliers": true, 
            "iterations": 1, 
            "std_devs": 2
        }, 
        "fit": "Linear", 
        "value": 4.095977407583634
    }, 
    "Ar41": {
        "error": 0.004282092986213641, 
        "filter_outliers_dict": {
            "filter_outliers": true, 
            "iterations": 1, 
            "std_devs": 2
        }, 
        "fit": "Average", 
        "value": 0.07288689557217261
    }
}