{
    "Ar36": {
        "error": 0.00031024575629851465, 
        "filter_outliers_dict": {
            "filter_outliers": true, 
            "iterations": 1, 
            "std_devs": 2
        }, 
        "fit": "Linear", 
        "value": 0.014863846087175926
    }, 
    "Ar37": {
        "error": 0.011789994338208667, 
        "filter_outliers_dict": {
            "filter_outliers": true, 
            "iterations": 1, 
            "std_devs": 2
        }, 
        "fit": "linear", 
        "value": 0.33298590404734074
    }, 
    "Ar38": {
        "error": 0.004717437455924217, 
        "filter_outliers_dict": {
            "filter_outliers": true, 
            "iterations": 1, 
            "std_devs": 2
        }, 
        "fit": "linear", 
        "value": 0.028887605862802004
    }, 
    "Ar39": {
        "error": 0.011984585631986561, 
        "filter_outliers_dict": {
            "filter_outliers": true, 
            "iterations": 1, 
            "std_devs": 2
        }, 
        "fit": "Linear", 
        "value": 2.0075183835341144
    }, 
    "Ar40": {
        "error": 0.012334092579616242, 
        "filter_outliers_dict": {
            "filter_outliers": true, 
            "iterations": 1, 
            "std_devs": 2
        }, 
        "fit": "Linear", 
        "value": 14.209803323414995
    }, 
    "Ar41": {
        "error": 0.005000453842919034, 
        "filter_outliers_dict": {
            "filter_outliers": true, 
            "iterations": 1, 
            "std_devs": 2
        }, 
        "fit": "Average", 
        "value": 0.07094140596864132
    }
}