{
    "Ar36": {
        "error": 0.00048524382097717936, 
        "filter_outliers_dict": {
            "filter_outliers": true, 
            "iterations": 1, 
            "std_devs": 2
        }, 
        "fit": "Linear", 
        "value": 0.005742141558864525
    }, 
    "Ar37": {
        "error": 0.029154565915460517, 
        "filter_outliers_dict": {
            "filter_outliers": true, 
            "iterations": 1, 
            "std_devs": 2
        }, 
        "fit": "linear", 
        "value": 0.20421533789655422
    }, 
    "Ar38": {
        "error": 0.006873863125507946, 
        "filter_outliers_dict": {
            "filter_outliers": true, 
            "iterations": 1, 
            "std_devs": 2
        }, 
        "fit": "linear", 
        "value": 0.04892115927969863
    }, 
    "Ar39": {
        "error": 0.022764750841266942, 
        "filter_outliers_dict": {
            "filter_outliers": true, 
            "iterations": 1, 
            "std_devs": 2
        }, 
        "fit": "Linear", 
        "value": 4.4532882433301655
    }, 
    "Ar40": {
        "error": 0.1437405382199676, 
        "filter_outliers_dict": {
            "filter_outliers": true, 
            "iterations": 1, 
            "std_devs": 2
        }, 
        "fit": "Linear", 
        "value": 1343.4398056690807
    }, 
    "Ar41": {
        "error": 0.006350555372036336, 
        "filter_outliers_dict": {
            "filter_outliers": true, 
            "iterations": 1, 
            "std_devs": 2
        }, 
        "fit": "Average", 
        "value": 0.1458342727109099
    }
}