{
    "Ar36": {
        "error": 0.0002576235241133289, 
        "filter_outliers_dict": {
            "filter_outliers": true, 
            "iterations": 1, 
            "std_devs": 2
        }, 
        "fit": "Linear", 
        "value": 0.010708760506666297
    }, 
    "Ar37": {
        "error": 0.010374801220619189, 
        "filter_outliers_dict": {
            "filter_outliers": true, 
            "iterations": 1, 
            "std_devs": 2
        }, 
        "fit": "linear", 
        "value": 0.23856110913682152
    }, 
    "Ar38": {
        "error": 0.004735642368757005, 
        "filter_outliers_dict": {
            "filter_outliers": true, 
            "iterations": 1, 
            "std_devs": 2
        }, 
        "fit": "linear", 
        "value": 0.20540569560971522
    }, 
    "Ar39": {
        "error": 0.013250197847326823, 
        "filter_outliers_dict": {
            "filter_outliers": true, 
            "iterations": 1, 
            "std_devs": 2
        }, 
        "fit": "Linear", 
        "value": 15.013231444824587
    }, 
    "Ar40": {
        "error": 0.016234329921743326, 
        "filter_outliers_dict": {
            "filter_outliers": true, 
            "iterations": 1, 
            "std_devs": 2
        }, 
        "fit": "Linear", 
        "value": 75.14385176533743
    }, 
    "Ar41": {
        "error": 0.005356638410315777, 
        "filter_outliers_dict": {
            "filter_outliers": true, 
            "iterations": 1, 
            "std_devs": 2
        }, 
        "fit": "Average", 
        "value": 0.07108119181965646
    }
}