{
    "Ar36": {
        "error": 0.0004249704794319906, 
        "filter_outliers_dict": {
            "filter_outliers": true, 
            "iterations": 1, 
            "std_devs": 2
        }, 
        "fit": "Linear", 
        "value": 0.023863903053079748
    }, 
    "Ar37": {
        "error": 0.010892292567990118, 
        "filter_outliers_dict": {
            "filter_outliers": true, 
            "iterations": 1, 
            "std_devs": 2
        }, 
        "fit": "linear", 
        "value": 0.7892930668152174
    }, 
    "Ar38": {
        "error": 0.004519216689481182, 
        "filter_outliers_dict": {
            "filter_outliers": true, 
            "iterations": 1, 
            "std_devs": 2
        }, 
        "fit": "linear", 
        "value": 1.0950885784944675
    }, 
    "Ar39": {
        "error": 0.02493547981873617, 
        "filter_outliers_dict": {
            "filter_outliers": true, 
            "iterations": 1, 
            "std_devs": 2
        }, 
        "fit": "Linear", 
        "value": 81.66104447146307
    }, 
    "Ar40": {
        "error": 0.03917690197683603, 
        "filter_outliers_dict": {
            "filter_outliers": true, 
            "iterations": 1, 
            "std_devs": 2
        }, 
        "fit": "Linear", 
        "value": 292.8784265841884
    }, 
    "Ar41": {
        "error": 0.004839542407986931, 
        "filter_outliers_dict": {
            "filter_outliers": true, 
            "iterations": 1, 
            "std_devs": 2
        }, 
        "fit": "Average", 
        "value": 0.09852538945854945
    }
}