{
    "Ar36": {
        "error": 0.0004010302710262678, 
        "filter_outliers_dict": {
            "filter_outliers": true, 
            "iterations": 1, 
            "std_devs": 2
        }, 
        "fit": "Linear", 
        "value": 0.01934153692670988
    }, 
    "Ar37": {
        "error": 0.010526285523852808, 
        "filter_outliers_dict": {
            "filter_outliers": true, 
            "iterations": 1, 
            "std_devs": 2
        }, 
        "fit": "linear", 
        "value": 1.3443479176989093
    }, 
    "Ar38": {
        "error": 0.006580695263623989, 
        "filter_outliers_dict": {
            "filter_outliers": true, 
            "iterations": 1, 
            "std_devs": 2
        }, 
        "fit": "linear", 
        "value": 3.627904275645488
    }, 
    "Ar39": {
        "error": 0.03727193429593334, 
        "filter_outliers_dict": {
            "filter_outliers": true, 
            "iterations": 1, 
            "std_devs": 2
        }, 
        "fit": "Linear", 
        "value": 274.6884095133822
    }, 
    "Ar40": {
        "error": 0.1586099508687515, 
        "filter_outliers_dict": {
            "filter_outliers": true, 
            "iterations": 1, 
            "std_devs": 2
        }, 
        "fit": "Linear", 
        "value": 1536.4777553295626
    }, 
    "Ar41": {
        "error": 0.004473549528406709, 
        "filter_outliers_dict": {
            "filter_outliers": true, 
            "iterations": 1, 
            "std_devs": 2
        }, 
        "fit": "Average", 
        "value": 0.14717446019678615
    }
}