{
    "Ar36": {
        "error": 0.000379444516894668, 
        "filter_outliers_dict": {
            "filter_outliers": true, 
            "iterations": 1, 
            "std_devs": 2
        }, 
        "fit": "Linear", 
        "value": 0.022423979295689192
    }, 
    "Ar37": {
        "error": 0.011350307396873592, 
        "filter_outliers_dict": {
            "filter_outliers": true, 
            "iterations": 1, 
            "std_devs": 2
        }, 
        "fit": "linear", 
        "value": 0.9948155224706643
    }, 
    "Ar38": {
        "error": 0.006332090818188278, 
        "filter_outliers_dict": {
            "filter_outliers": true, 
            "iterations": 1, 
            "std_devs": 2
        }, 
        "fit": "linear", 
        "value": 2.0031198131103185
    }, 
    "Ar39": {
        "error": 0.03223930625770872, 
        "filter_outliers_dict": {
            "filter_outliers": true, 
            "iterations": 1, 
            "std_devs": 2
        }, 
        "fit": "Linear", 
        "value": 151.4513933285803
    }, 
    "Ar40": {
        "error": 0.05808761962122423, 
        "filter_outliers_dict": {
            "filter_outliers": true, 
            "iterations": 1, 
            "std_devs": 2
        }, 
        "fit": "Linear", 
        "value": 471.9599810077527
    }, 
    "Ar41": {
        "error": 0.004121793344000622, 
        "filter_outliers_dict": {
            "filter_outliers": true, 
            "iterations": 1, 
            "std_devs": 2
        }, 
        "fit": "Average", 
        "value": 0.10761734368708449
    }
}