{
    "Ar36": {
        "error": 0.00018256859410004046, 
        "filter_outliers_dict": {
            "filter_outliers": true, 
            "iterations": 1, 
            "std_devs": 2
        }, 
        "fit": "Linear", 
        "value": 0.004651778126216544
    }, 
    "Ar37": {
        "error": 0.010997395090100347, 
        "filter_outliers_dict": {
            "filter_outliers": true, 
            "iterations": 1, 
            "std_devs": 2
        }, 
        "fit": "linear", 
        "value": 0.47637671778957913
    }, 
    "Ar38": {
        "error": 0.004521707105901438, 
        "filter_outliers_dict": {
            "filter_outliers": true, 
            "iterations": 1, 
            "std_devs": 2
        }, 
        "fit": "linear", 
        "value": 0.9693426802391029
    }, 
    "Ar39": {
        "error": 0.015514628055631466, 
        "filter_outliers_dict": {
            "filter_outliers": true, 
            "iterations": 1, 
            "std_devs": 2
        }, 
        "fit": "Linear", 
        "value": 73.34378970322422
    }, 
    "Ar40": {
        "error": 0.0463068599679477, 
        "filter_outliers_dict": {
            "filter_outliers": true, 
            "iterations": 1, 
            "std_devs": 2
        }, 
        "fit": "Linear", 
        "value": 406.1273106554353
    }, 
    "Ar41": {
        "error": 0.004274397733107568, 
        "filter_outliers_dict": {
            "filter_outliers": true, 
            "iterations": 1, 
            "std_devs": 2
        }, 
        "fit": "Average", 
        "value": 0.10035623810739024
    }
}