{
    "Ar36": {
        "error": 0.0004947348645027405, 
        "filter_outliers_dict": {
            "filter_outliers": true, 
            "iterations": 1, 
            "std_devs": 2
        }, 
        "fit": "Linear", 
        "value": 0.005813835445861939
    }, 
    "Ar37": {
        "error": 0.022427586835662226, 
        "filter_outliers_dict": {
            "filter_outliers": true, 
            "iterations": 1, 
            "std_devs": 2
        }, 
        "fit": "linear", 
        "value": 0.1683413506305878
    }, 
    "Ar38": {
        "error": 0.009450471483414965, 
        "filter_outliers_dict": {
            "filter_outliers": true, 
            "iterations": 1, 
            "std_devs": 2
        }, 
        "fit": "linear", 
        "value": 0.019262472878350406
    }, 
    "Ar39": {
        "error": 0.02789771792341607, 
        "filter_outliers_dict": {
            "filter_outliers": true, 
            "iterations": 1, 
            "std_devs": 2
        }, 
        "fit": "Linear", 
        "value": 0.10982544020353568
    }, 
    "Ar40": {
        "error": 0.029333939393722357, 
        "filter_outliers_dict": {
            "filter_outliers": true, 
            "iterations": 1, 
            "std_devs": 2
        }, 
        "fit": "Linear", 
        "value": 87.02134259646863
    }, 
    "Ar41": {
        "error": 0.005951841029052244, 
        "filter_outliers_dict": {
            "filter_outliers": true, 
            "iterations": 1, 
            "std_devs": 2
        }, 
        "fit": "Average", 
        "value": 0.10984476027636442
    }
}