{
    "Ar36": {
        "error": 0.00038944820978310536, 
        "filter_outliers_dict": {
            "filter_outliers": true, 
            "iterations": 1, 
            "std_devs": 2
        }, 
        "fit": "Linear", 
        "value": 0.02152578028104007
    }, 
    "Ar37": {
        "error": 0.00928793190613017, 
        "filter_outliers_dict": {
            "filter_outliers": true, 
            "iterations": 1, 
            "std_devs": 2
        }, 
        "fit": "linear", 
        "value": 0.31436607611371603
    }, 
    "Ar38": {
        "error": 0.0048995507537543045, 
        "filter_outliers_dict": {
            "filter_outliers": true, 
            "iterations": 1, 
            "std_devs": 2
        }, 
        "fit": "linear", 
        "value": 0.23010311937298394
    }, 
    "Ar39": {
        "error": 0.012925387690959442, 
        "filter_outliers_dict": {
            "filter_outliers": true, 
            "iterations": 1, 
            "std_devs": 2
        }, 
        "fit": "Linear", 
        "value": 17.402835062713763
    }, 
    "Ar40": {
        "error": 0.016808532551558106, 
        "filter_outliers_dict": {
            "filter_outliers": true, 
            "iterations": 1, 
            "std_devs": 2
        }, 
        "fit": "Linear", 
        "value": 67.27518601368392
    }, 
    "Ar41": {
        "error": 0.004715491979183543, 
        "filter_outliers_dict": {
            "filter_outliers": true, 
            "iterations": 1, 
            "std_devs": 2
        }, 
        "fit": "Average", 
        "value": 0.0851649278388309
    }
}