{
    "Ar36": {
        "error": 0.0003491888875296003, 
        "filter_outliers_dict": {
            "filter_outliers": true, 
            "iterations": 1, 
            "std_devs": 2
        }, 
        "fit": "Linear", 
        "value": 0.003422195492638906
    }, 
    "Ar37": {
        "error": 0.021543469606768294, 
        "filter_outliers_dict": {
            "filter_outliers": true, 
            "iterations": 1, 
            "std_devs": 2
        }, 
        "fit": "linear", 
        "value": 0.15598929169699957
    }, 
    "Ar38": {
        "error": 0.010996098011008685, 
        "filter_outliers_dict": {
            "filter_outliers": true, 
            "iterations": 1, 
            "std_devs": 2
        }, 
        "fit": "linear", 
        "value": -0.0019805155535663884
    }, 
    "Ar39": {
        "error": 0.021825616292690284, 
        "filter_outliers_dict": {
            "filter_outliers": true, 
            "iterations": 1, 
            "std_devs": 2
        }, 
        "fit": "Linear", 
        "value": 0.05877938615152423
    }, 
    "Ar40": {
        "error": 0.018323104533418844, 
        "filter_outliers_dict": {
            "filter_outliers": true, 
            "iterations": 1, 
            "std_devs": 2
        }, 
        "fit": "Linear", 
        "value": 2.5622246849517905
    }, 
    "Ar41": {
        "error": 0.006527423288928097, 
        "filter_outliers_dict": {
            "filter_outliers": true, 
            "iterations": 1, 
            "std_devs": 2
        }, 
        "fit": "Average", 
        "value": 0.08279976271819016
    }
}