{
    "Ar36": {
        "error": 0.00018167172876607218, 
        "filter_outliers_dict": {
            "filter_outliers": true, 
            "iterations": 1, 
            "std_devs": 2
        }, 
        "fit": "Linear", 
        "value": 0.0033061384411054297
    }, 
    "Ar37": {
        "error": 0.010157592246437301, 
        "filter_outliers_dict": {
            "filter_outliers": true, 
            "iterations": 1, 
            "std_devs": 2
        }, 
        "fit": "linear", 
        "value": 0.34649442546801346
    }, 
    "Ar38": {
        "error": 0.005159533629617437, 
        "filter_outliers_dict": {
            "filter_outliers": true, 
            "iterations": 1, 
            "std_devs": 2
        }, 
        "fit": "linear", 
        "value": 0.2062547288621996
    }, 
    "Ar39": {
        "error": 0.013189715437965975, 
        "filter_outliers_dict": {
            "filter_outliers": true, 
            "iterations": 1, 
            "std_devs": 2
        }, 
        "fit": "Linear", 
        "value": 15.932295434420531
    }, 
    "Ar40": {
        "error": 0.019194809833071175, 
        "filter_outliers_dict": {
            "filter_outliers": true, 
            "iterations": 1, 
            "std_devs": 2
        }, 
        "fit": "Linear", 
        "value": 85.07451051682261
    }, 
    "Ar41": {
        "error": 0.004857640261888316, 
        "filter_outliers_dict": {
            "filter_outliers": true, 
            "iterations": 1, 
            "std_devs": 2
        }, 
        "fit": "Average", 
        "value": 0.07524296718639335
    }
}