{
    "Ar36": {
        "error": 0.0002481814083569092, 
        "filter_outliers_dict": {
            "filter_outliers": true, 
            "iterations": 1, 
            "std_devs": 2
        }, 
        "fit": "Linear", 
        "value": 0.008600162628032128
    }, 
    "Ar37": {
        "error": 0.01060637975745318, 
        "filter_outliers_dict": {
            "filter_outliers": true, 
            "iterations": 1, 
            "std_devs": 2
        }, 
        "fit": "linear", 
        "value": 0.42554751389796175
    }, 
    "Ar38": {
        "error": 0.004862013408196423, 
        "filter_outliers_dict": {
            "filter_outliers": true, 
            "iterations": 1, 
            "std_devs": 2
        }, 
        "fit": "linear", 
        "value": 0.7164045074808341
    }, 
    "Ar39": {
        "error": 0.020459238936040736, 
        "filter_outliers_dict": {
            "filter_outliers": true, 
            "iterations": 1, 
            "std_devs": 2
        }, 
        "fit": "Linear", 
        "value": 54.616218979420125
    }, 
    "Ar40": {
        "error": 0.03923517707925825, 
        "filter_outliers_dict": {
            "filter_outliers": true, 
            "iterations": 1, 
            "std_devs": 2
        }, 
        "fit": "Linear", 
        "value": 304.6146475737358
    }, 
    "Ar41": {
        "error": 0.004446113467478258, 
        "filter_outliers_dict": {
            "filter_outliers": true, 
            "iterations": 1, 
            "std_devs": 2
        }, 
        "fit": "Average", 
        "value": 0.10532817277369537
    }
}