{
    "Ar36": {
        "error": 0.00041326342374853813, 
        "filter_outliers_dict": {
            "filter_outliers": true, 
            "iterations": 1, 
            "std_devs": 2
        }, 
        "fit": "Linear", 
        "value": 0.008523486322974321
    }, 
    "Ar37": {
        "error": 0.016240365812765983, 
        "filter_outliers_dict": {
            "filter_outliers": true, 
            "iterations": 1, 
            "std_devs": 2
        }, 
        "fit": "linear", 
        "value": 0.16692399597554589
    }, 
    "Ar38": {
        "error": 0.007740082611663112, 
        "filter_outliers_dict": {
            "filter_outliers": true, 
            "iterations": 1, 
            "std_devs": 2
        }, 
        "fit": "linear", 
        "value": 0.20883138835862114
    }, 
    "Ar39": {
        "error": 0.02646788161507263, 
        "filter_outliers_dict": {
            "filter_outliers": true, 
            "iterations": 1, 
            "std_devs": 2
        }, 
        "fit": "Linear", 
        "value": 14.840716952937322
    }, 
    "Ar40": {
        "error": 0.32534108676280243, 
        "filter_outliers_dict": {
            "filter_outliers": true, 
            "iterations": 1, 
            "std_devs": 2
        }, 
        "fit": "Linear", 
        "value": 3029.747803816794
    }, 
    "Ar41": {
        "error": 0.005274240228372391, 
        "filter_outliers_dict": {
            "filter_outliers": true, 
            "iterations": 1, 
            "std_devs": 2
        }, 
        "fit": "Average", 
        "value": 0.2343449592983044
    }
}