{
    "Ar36": {
        "error": 0.0007362987927557594, 
        "filter_outliers_dict": {
            "filter_outliers": true, 
            "iterations": 1, 
            "std_devs": 2
        }, 
        "fit": "Linear", 
        "value": 0.01683693925060257
    }, 
    "Ar37": {
        "error": 0.024886191194919645, 
        "filter_outliers_dict": {
            "filter_outliers": true, 
            "iterations": 1, 
            "std_devs": 2
        }, 
        "fit": "linear", 
        "value": 0.24947674975936213
    }, 
    "Ar38": {
        "error": 0.009583758339325293, 
        "filter_outliers_dict": {
            "filter_outliers": true, 
            "iterations": 1, 
            "std_devs": 2
        }, 
        "fit": "linear", 
        "value": 0.3179635492459535
    }, 
    "Ar39": {
        "error": 0.028878479953543666, 
        "filter_outliers_dict": {
            "filter_outliers": true, 
            "iterations": 1, 
            "std_devs": 2
        }, 
        "fit": "Linear", 
        "value": 20.694098558592074
    }, 
    "Ar40": {
        "error": 0.2455039140624839, 
        "filter_outliers_dict": {
            "filter_outliers": true, 
            "iterations": 1, 
            "std_devs": 2
        }, 
        "fit": "Linear", 
        "value": 1822.6124485255862
    }, 
    "Ar41": {
        "error": 0.006263342527523171, 
        "filter_outliers_dict": {
            "filter_outliers": true, 
            "iterations": 1, 
            "std_devs": 2
        }, 
        "fit": "Average", 
        "value": 0.15950802695723965
    }
}