{
    "Ar36": {
        "error": 0.00035234511931095917, 
        "filter_outliers_dict": {
            "filter_outliers": true, 
            "iterations": 1, 
            "std_devs": 2
        }, 
        "fit": "Linear", 
        "value": 0.0164433623974595
    }, 
    "Ar37": {
        "error": 0.013040954219116187, 
        "filter_outliers_dict": {
            "filter_outliers": true, 
            "iterations": 1, 
            "std_devs": 2
        }, 
        "fit": "linear", 
        "value": 0.22325024774502666
    }, 
    "Ar38": {
        "error": 0.005112466658921551, 
        "filter_outliers_dict": {
            "filter_outliers": true, 
            "iterations": 1, 
            "std_devs": 2
        }, 
        "fit": "linear", 
        "value": 0.21505356816796017
    }, 
    "Ar39": {
        "error": 0.0144569809952462, 
        "filter_outliers_dict": {
            "filter_outliers": true, 
            "iterations": 1, 
            "std_devs": 2
        }, 
        "fit": "Linear", 
        "value": 15.37602822325983
    }, 
    "Ar40": {
        "error": 0.01730788737000665, 
        "filter_outliers_dict": {
            "filter_outliers": true, 
            "iterations": 1, 
            "std_devs": 2
        }, 
        "fit": "Linear", 
        "value": 82.00779613256287
    }, 
    "Ar41": {
        "error": 0.004924210574917657, 
        "filter_outliers_dict": {
            "filter_outliers": true, 
            "iterations": 1, 
            "std_devs": 2
        }, 
        "fit": "Average", 
        "value": 0.09076202216533265
    }
}