{
    "Ar36": {
        "error": 0.0014491255450280753, 
        "filter_outliers_dict": {
            "filter_outliers": true, 
            "iterations": 1, 
            "std_devs": 2
        }, 
        "fit": "Linear", 
        "value": 0.37742061278007144
    }, 
    "Ar37": {
        "error": 0.010552757719058888, 
        "filter_outliers_dict": {
            "filter_outliers": true, 
            "iterations": 1, 
            "std_devs": 2
        }, 
        "fit": "linear", 
        "value": 1.6334364014530287
    }, 
    "Ar38": {
        "error": 0.00632097157167519, 
        "filter_outliers_dict": {
            "filter_outliers": true, 
            "iterations": 1, 
            "std_devs": 2
        }, 
        "fit": "linear", 
        "value": 4.050947955017486
    }, 
    "Ar39": {
        "error": 0.051475877304275976, 
        "filter_outliers_dict": {
            "filter_outliers": true, 
            "iterations": 1, 
            "std_devs": 2
        }, 
        "fit": "Linear", 
        "value": 300.9229974108682
    }, 
    "Ar40": {
        "error": 0.26439382788287685, 
        "filter_outliers_dict": {
            "filter_outliers": true, 
            "iterations": 1, 
            "std_devs": 2
        }, 
        "fit": "Linear", 
        "value": 2498.35644246758
    }, 
    "Ar41": {
        "error": 0.004550660454448978, 
        "filter_outliers_dict": {
            "filter_outliers": true, 
            "iterations": 1, 
            "std_devs": 2
        }, 
        "fit": "Average", 
        "value": 0.2003512200332444
    }
}