{
    "Ar36": {
        "error": 0.00028971056471769306, 
        "filter_outliers_dict": {
            "filter_outliers": true, 
            "iterations": 1, 
            "std_devs": 2
        }, 
        "fit": "Linear", 
        "value": 0.0145451110575224
    }, 
    "Ar37": {
        "error": 0.010952687102510147, 
        "filter_outliers_dict": {
            "filter_outliers": true, 
            "iterations": 1, 
            "std_devs": 2
        }, 
        "fit": "linear", 
        "value": 0.8223743339635678
    }, 
    "Ar38": {
        "error": 0.005322376995707786, 
        "filter_outliers_dict": {
            "filter_outliers": true, 
            "iterations": 1, 
            "std_devs": 2
        }, 
        "fit": "linear", 
        "value": 1.954649787491656
    }, 
    "Ar39": {
        "error": 0.028151121273357938, 
        "filter_outliers_dict": {
            "filter_outliers": true, 
            "iterations": 1, 
            "std_devs": 2
        }, 
        "fit": "Linear", 
        "value": 147.50433815389337
    }, 
    "Ar40": {
        "error": 0.12221074761416212, 
        "filter_outliers_dict": {
            "filter_outliers": true, 
            "iterations": 1, 
            "std_devs": 2
        }, 
        "fit": "Linear", 
        "value": 1202.9670353661322
    }, 
    "Ar41": {
        "error": 0.004398197294850919, 
        "filter_outliers_dict": {
            "filter_outliers": true, 
            "iterations": 1, 
            "std_devs": 2
        }, 
        "fit": "Average", 
        "value": 0.1424904166821967
    }
}