{
    "Ar36": {
        "error": 0.0002750116794558945, 
        "filter_outliers_dict": {
            "filter_outliers": true, 
            "iterations": 1, 
            "std_devs": 2
        }, 
        "fit": "Linear", 
        "value": 0.00942790743924676
    }, 
    "Ar37": {
        "error": 0.010837737546993447, 
        "filter_outliers_dict": {
            "filter_outliers": true, 
            "iterations": 1, 
            "std_devs": 2
        }, 
        "fit": "linear", 
        "value": 0.408430879998708
    }, 
    "Ar38": {
        "error": 0.00509709775795427, 
        "filter_outliers_dict": {
            "filter_outliers": true, 
            "iterations": 1, 
            "std_devs": 2
        }, 
        "fit": "linear", 
        "value": 0.9881393666749296
    }, 
    "Ar39": {
        "error": 0.016866495133430325, 
        "filter_outliers_dict": {
            "filter_outliers": true, 
            "iterations": 1, 
            "std_devs": 2
        }, 
        "fit": "Linear", 
        "value": 75.43135809743252
    }, 
    "Ar40": {
        "error": 0.07976672489157821, 
        "filter_outliers_dict": {
            "filter_outliers": true, 
            "iterations": 1, 
            "std_devs": 2
        }, 
        "fit": "Linear", 
        "value": 597.8041522356696
    }, 
    "Ar41": {
        "error": 0.004727871158181995, 
        "filter_outliers_dict": {
            "filter_outliers": true, 
            "iterations": 1, 
            "std_devs": 2
        }, 
        "fit": "Average", 
        "value": 0.09408364932547214
    }
}