{
    "Ar36": {
        "error": 0.000535039525972778, 
        "filter_outliers_dict": {
            "filter_outliers": true, 
            "iterations": 1, 
            "std_devs": 2
        }, 
        "fit": "Linear", 
        "value": 0.03979844947715619
    }, 
    "Ar37": {
        "error": 0.011571884514879708, 
        "filter_outliers_dict": {
            "filter_outliers": true, 
            "iterations": 1, 
            "std_devs": 2
        }, 
        "fit": "linear", 
        "value": 1.768639935504183
    }, 
    "Ar38": {
        "error": 0.005118476206303305, 
        "filter_outliers_dict": {
            "filter_outliers": true, 
            "iterations": 1, 
            "std_devs": 2
        }, 
        "fit": "linear", 
        "value": 1.0168426652848994
    }, 
    "Ar39": {
        "error": 0.021017266733025827, 
        "filter_outliers_dict": {
            "filter_outliers": true, 
            "iterations": 1, 
            "std_devs": 2
        }, 
        "fit": "Linear", 
        "value": 76.19044350726061
    }, 
    "Ar40": {
        "error": 0.048297855042676405, 
        "filter_outliers_dict": {
            "filter_outliers": true, 
            "iterations": 1, 
            "std_devs": 2
        }, 
        "fit": "Linear", 
        "value": 333.10816672035816
    }, 
    "Ar41": {
        "error": 0.004410036481378117, 
        "filter_outliers_dict": {
            "filter_outliers": true, 
            "iterations": 1, 
            "std_devs": 2
        }, 
        "fit": "Average", 
        "value": 0.09972230708255297
    }
}