{
    "Ar36": {
        "error": 0.0003167261749450036, 
        "filter_outliers_dict": {
            "filter_outliers": true, 
            "iterations": 1, 
            "std_devs": 2
        }, 
        "fit": "Linear", 
        "value": 0.013468367865413696
    }, 
    "Ar37": {
        "error": 0.012007047351651983, 
        "filter_outliers_dict": {
            "filter_outliers": true, 
            "iterations": 1, 
            "std_devs": 2
        }, 
        "fit": "linear", 
        "value": 0.8350437749142431
    }, 
    "Ar38": {
        "error": 0.004495346907867036, 
        "filter_outliers_dict": {
            "filter_outliers": true, 
            "iterations": 1, 
            "std_devs": 2
        }, 
        "fit": "linear", 
        "value": 1.1079323944787274
    }, 
    "Ar39": {
        "error": 0.022300738275449258, 
        "filter_outliers_dict": {
            "filter_outliers": true, 
            "iterations": 1, 
            "std_devs": 2
        }, 
        "fit": "Linear", 
        "value": 83.83077104554337
    }, 
    "Ar40": {
        "error": 0.05680363150588431, 
        "filter_outliers_dict": {
            "filter_outliers": true, 
            "iterations": 1, 
            "std_devs": 2
        }, 
        "fit": "Linear", 
        "value": 477.89018591862225
    }, 
    "Ar41": {
        "error": 0.0041927318126958124, 
        "filter_outliers_dict": {
            "filter_outliers": true, 
            "iterations": 1, 
            "std_devs": 2
        }, 
        "fit": "Average", 
        "value": 0.09969060091148131
    }
}