{
    "Ar36": {
        "error": 0.00020827616380831917, 
        "filter_outliers_dict": {
            "filter_outliers": true, 
            "iterations": 1, 
            "std_devs": 2
        }, 
        "fit": "Linear", 
        "value": 0.005096791611998049
    }, 
    "Ar37": {
        "error": 0.011864613721559985, 
        "filter_outliers_dict": {
            "filter_outliers": true, 
            "iterations": 1, 
            "std_devs": 2
        }, 
        "fit": "linear", 
        "value": 0.37354298536094616
    }, 
    "Ar38": {
        "error": 0.004482063596518529, 
        "filter_outliers_dict": {
            "filter_outliers": true, 
            "iterations": 1, 
            "std_devs": 2
        }, 
        "fit": "linear", 
        "value": 0.6430557421309994
    }, 
    "Ar39": {
        "error": 0.01827675175556297, 
        "filter_outliers_dict": {
            "filter_outliers": true, 
            "iterations": 1, 
            "std_devs": 2
        }, 
        "fit": "Linear", 
        "value": 48.17929711728115
    }, 
    "Ar40": {
        "error": 0.047015378982609234, 
        "filter_outliers_dict": {
            "filter_outliers": true, 
            "iterations": 1, 
            "std_devs": 2
        }, 
        "fit": "Linear", 
        "value": 383.7175083680593
    }, 
    "Ar41": {
        "error": 0.005134340001472654, 
        "filter_outliers_dict": {
            "filter_outliers": true, 
            "iterations": 1, 
            "std_devs": 2
        }, 
        "fit": "Average", 
        "value": 0.11203145466765786
    }
}