{
    "Ar36": {
        "error": 0.0008791348558297107, 
        "filter_outliers_dict": {
            "filter_outliers": true, 
            "iterations": 1, 
            "std_devs": 2
        }, 
        "fit": "Linear", 
        "value": 0.09958316900801742
    }, 
    "Ar37": {
        "error": 0.012247221835289333, 
        "filter_outliers_dict": {
            "filter_outliers": true, 
            "iterations": 1, 
            "std_devs": 2
        }, 
        "fit": "linear", 
        "value": 2.754965993751836
    }, 
    "Ar38": {
        "error": 0.006271201032128023, 
        "filter_outliers_dict": {
            "filter_outliers": true, 
            "iterations": 1, 
            "std_devs": 2
        }, 
        "fit": "linear", 
        "value": 5.903037560215044
    }, 
    "Ar39": {
        "error": 0.04823462020950753, 
        "filter_outliers_dict": {
            "filter_outliers": true, 
            "iterations": 1, 
            "std_devs": 2
        }, 
        "fit": "Linear", 
        "value": 445.569494541205
    }, 
    "Ar40": {
        "error": 0.2592656825552313, 
        "filter_outliers_dict": {
            "filter_outliers": true, 
            "iterations": 1, 
            "std_devs": 2
        }, 
        "fit": "Linear", 
        "value": 2379.135238605856
    }, 
    "Ar41": {
        "error": 0.004487609348862366, 
        "filter_outliers_dict": {
            "filter_outliers": true, 
            "iterations": 1, 
            "std_devs": 2
        }, 
        "fit": "Average", 
        "value": 0.18632861841103485
    }
}