{
    "Ar36": {
        "error": 0.0003035931374943172, 
        "filter_outliers_dict": {
            "filter_outliers": true, 
            "iterations": 1, 
            "std_devs": 2
        }, 
        "fit": "Linear", 
        "value": 0.00925096053309727
    }, 
    "Ar37": {
        "error": 0.010668975828449308, 
        "filter_outliers_dict": {
            "filter_outliers": true, 
            "iterations": 1, 
            "std_devs": 2
        }, 
        "fit": "linear", 
        "value": 0.31704820122130306
    }, 
    "Ar38": {
        "error": 0.00499327231304317, 
        "filter_outliers_dict": {
            "filter_outliers": true, 
            "iterations": 1, 
            "std_devs": 2
        }, 
        "fit": "linear", 
        "value": 0.5156359511571202
    }, 
    "Ar39": {
        "error": 0.016396661630363157, 
        "filter_outliers_dict": {
            "filter_outliers": true, 
            "iterations": 1, 
            "std_devs": 2
        }, 
        "fit": "Linear", 
        "value": 38.7842640251877
    }, 
    "Ar40": {
        "error": 0.06515416767704998, 
        "filter_outliers_dict": {
            "filter_outliers": true, 
            "iterations": 1, 
            "std_devs": 2
        }, 
        "fit": "Linear", 
        "value": 529.3686113811973
    }, 
    "Ar41": {
        "error": 0.004535983732578803, 
        "filter_outliers_dict": {
            "filter_outliers": true, 
            "iterations": 1, 
            "std_devs": 2
        }, 
        "fit": "Average", 
        "value": 0.1054216143834938
    }
}