{
    "Ar36": {
        "error": 0.00029299760984992395, 
        "filter_outliers_dict": {
            "filter_outliers": true, 
            "iterations": 1, 
            "std_devs": 2
        }, 
        "fit": "Linear", 
        "value": 0.012166088324084223
    }, 
    "Ar37": {
        "error": 0.011318694878366571, 
        "filter_outliers_dict": {
            "filter_outliers": true, 
            "iterations": 1, 
            "std_devs": 2
        }, 
        "fit": "linear", 
        "value": 0.41342523309613766
    }, 
    "Ar38": {
        "error": 0.005129163798243494, 
        "filter_outliers_dict": {
            "filter_outliers": true, 
            "iterations": 1, 
            "std_devs": 2
        }, 
        "fit": "linear", 
        "value": 1.2268002346871139
    }, 
    "Ar39": {
        "error": 0.020292426547658268, 
        "filter_outliers_dict": {
            "filter_outliers": true, 
            "iterations": 1, 
            "std_devs": 2
        }, 
        "fit": "Linear", 
        "value": 92.66201400012679
    }, 
    "Ar40": {
        "error": 0.09832895567969173, 
        "filter_outliers_dict": {
            "filter_outliers": true, 
            "iterations": 1, 
            "std_devs": 2
        }, 
        "fit": "Linear", 
        "value": 858.9323329561342
    }, 
    "Ar41": {
        "error": 0.004620139193691561, 
        "filter_outliers_dict": {
            "filter_outliers": true, 
            "iterations": 1, 
            "std_devs": 2
        }, 
        "fit": "Average", 
        "value": 0.11090981618564107
    }
}