{
    "Ar36": {
        "error": 0.0005557065564285117, 
        "filter_outliers_dict": {
            "filter_outliers": true, 
            "iterations": 1, 
            "std_devs": 2
        }, 
        "fit": "Linear", 
        "value": 0.04020384207115234
    }, 
    "Ar37": {
        "error": 0.009440564728370064, 
        "filter_outliers_dict": {
            "filter_outliers": true, 
            "iterations": 1, 
            "std_devs": 2
        }, 
        "fit": "linear", 
        "value": 2.1362726978953246
    }, 
    "Ar38": {
        "error": 0.005038607934904373, 
        "filter_outliers_dict": {
            "filter_outliers": true, 
            "iterations": 1, 
            "std_devs": 2
        }, 
        "fit": "linear", 
        "value": 1.4005752380594532
    }, 
    "Ar39": {
        "error": 0.024815031802169575, 
        "filter_outliers_dict": {
            "filter_outliers": true, 
            "iterations": 1, 
            "std_devs": 2
        }, 
        "fit": "Linear", 
        "value": 104.67449505971092
    }, 
    "Ar40": {
        "error": 0.06045740592114944, 
        "filter_outliers_dict": {
            "filter_outliers": true, 
            "iterations": 1, 
            "std_devs": 2
        }, 
        "fit": "Linear", 
        "value": 457.836390195225
    }, 
    "Ar41": {
        "error": 0.00451180487682158, 
        "filter_outliers_dict": {
            "filter_outliers": true, 
            "iterations": 1, 
            "std_devs": 2
        }, 
        "fit": "Average", 
        "value": 0.0881345466361429
    }
}