{
    "Ar36": {
        "error": 0.0003023994345508018, 
        "filter_outliers_dict": {
            "filter_outliers": true, 
            "iterations": 1, 
            "std_devs": 2
        }, 
        "fit": "Linear", 
        "value": 0.0111150216330789
    }, 
    "Ar37": {
        "error": 0.011926206641692963, 
        "filter_outliers_dict": {
            "filter_outliers": true, 
            "iterations": 1, 
            "std_devs": 2
        }, 
        "fit": "linear", 
        "value": 0.30947382860621764
    }, 
    "Ar38": {
        "error": 0.0046814198298189, 
        "filter_outliers_dict": {
            "filter_outliers": true, 
            "iterations": 1, 
            "std_devs": 2
        }, 
        "fit": "linear", 
        "value": 0.47104493926810226
    }, 
    "Ar39": {
        "error": 0.013409197475331055, 
        "filter_outliers_dict": {
            "filter_outliers": true, 
            "iterations": 1, 
            "std_devs": 2
        }, 
        "fit": "Linear", 
        "value": 35.977602649991454
    }, 
    "Ar40": {
        "error": 0.032695288021131565, 
        "filter_outliers_dict": {
            "filter_outliers": true, 
            "iterations": 1, 
            "std_devs": 2
        }, 
        "fit": "Linear", 
        "value": 235.4331710792222
    }, 
    "Ar41": {
        "error": 0.004737095033700487, 
        "filter_outliers_dict": {
            "filter_outliers": true, 
            "iterations": 1, 
            "std_devs": 2
        }, 
        "fit": "Average", 
        "value": 0.08160686425619297
    }
}