{
    "Ar36": {
        "error": 0.00021137119728265006, 
        "filter_outliers_dict": {
            "filter_outliers": true, 
            "iterations": 1, 
            "std_devs": 2
        }, 
        "fit": "Linear", 
        "value": 0.007477898053113243
    }, 
    "Ar37": {
        "error": 0.010600452799290914, 
        "filter_outliers_dict": {
            "filter_outliers": true, 
            "iterations": 1, 
            "std_devs": 2
        }, 
        "fit": "linear", 
        "value": 0.5478478904245927
    }, 
    "Ar38": {
        "error": 0.005369865970275097, 
        "filter_outliers_dict": {
            "filter_outliers": true, 
            "iterations": 1, 
            "std_devs": 2
        }, 
        "fit": "linear", 
        "value": 0.7042920706377536
    }, 
    "Ar39": {
        "error": 0.016914856228337247, 
        "filter_outliers_dict": {
            "filter_outliers": true, 
            "iterations": 1, 
            "std_devs": 2
        }, 
        "fit": "Linear", 
        "value": 52.889407063749
    }, 
    "Ar40": {
        "error": 0.048865181008652114, 
        "filter_outliers_dict": {
            "filter_outliers": true, 
            "iterations": 1, 
            "std_devs": 2
        }, 
        "fit": "Linear", 
        "value": 337.27241880998395
    }, 
    "Ar41": {
        "error": 0.004690447869103593, 
        "filter_outliers_dict": {
            "filter_outliers": true, 
            "iterations": 1, 
            "std_devs": 2
        }, 
        "fit": "Average", 
        "value": 0.07968886177313297
    }
}