{
    "Ar36": {
        "error": 0.0002877436870182324, 
        "filter_outliers_dict": {
            "filter_outliers": true, 
            "iterations": 1, 
            "std_devs": 2
        }, 
        "fit": "Linear", 
        "value": 0.012868547000095794
    }, 
    "Ar37": {
        "error": 0.009786734735092712, 
        "filter_outliers_dict": {
            "filter_outliers": true, 
            "iterations": 1, 
            "std_devs": 2
        }, 
        "fit": "linear", 
        "value": 0.27666807385924985
    }, 
    "Ar38": {
        "error": 0.004752701120908294, 
        "filter_outliers_dict": {
            "filter_outliers": true, 
            "iterations": 1, 
            "std_devs": 2
        }, 
        "fit": "linear", 
        "value": 0.31581769900670864
    }, 
    "Ar39": {
        "error": 0.013119577699797462, 
        "filter_outliers_dict": {
            "filter_outliers": true, 
            "iterations": 1, 
            "std_devs": 2
        }, 
        "fit": "Linear", 
        "value": 23.97564263371313
    }, 
    "Ar40": {
        "error": 0.024676350114582104, 
        "filter_outliers_dict": {
            "filter_outliers": true, 
            "iterations": 1, 
            "std_devs": 2
        }, 
        "fit": "Linear", 
        "value": 154.50291529546638
    }, 
    "Ar41": {
        "error": 0.0048301694203201125, 
        "filter_outliers_dict": {
            "filter_outliers": true, 
            "iterations": 1, 
            "std_devs": 2
        }, 
        "fit": "Average", 
        "value": 0.08353212263990886
    }
}