{
    "Ar36": {
        "error": 0.00018601001932794147, 
        "filter_outliers_dict": {
            "filter_outliers": true, 
            "iterations": 1, 
            "std_devs": 2
        }, 
        "fit": "Linear", 
        "value": 0.0028323031413764674
    }, 
    "Ar37": {
        "error": 0.010170812237871505, 
        "filter_outliers_dict": {
            "filter_outliers": true, 
            "iterations": 1, 
            "std_devs": 2
        }, 
        "fit": "linear", 
        "value": 0.25899375345055725
    }, 
    "Ar38": {
        "error": 0.004801713032007257, 
        "filter_outliers_dict": {
            "filter_outliers": true, 
            "iterations": 1, 
            "std_devs": 2
        }, 
        "fit": "linear", 
        "value": 0.27412762849419725
    }, 
    "Ar39": {
        "error": 0.014005954070372952, 
        "filter_outliers_dict": {
            "filter_outliers": true, 
            "iterations": 1, 
            "std_devs": 2
        }, 
        "fit": "Linear", 
        "value": 20.885644367919653
    }, 
    "Ar40": {
        "error": 0.02810378648005853, 
        "filter_outliers_dict": {
            "filter_outliers": true, 
            "iterations": 1, 
            "std_devs": 2
        }, 
        "fit": "Linear", 
        "value": 167.9776805330024
    }, 
    "Ar41": {
        "error": 0.005095375469973645, 
        "filter_outliers_dict": {
            "filter_outliers": true, 
            "iterations": 1, 
            "std_devs": 2
        }, 
        "fit": "Average", 
        "value": 0.1004738258853852
    }
}