{
    "Ar36": {
        "error": 0.0003594682598021075, 
        "filter_outliers_dict": {
            "filter_outliers": true, 
            "iterations": 1, 
            "std_devs": 2
        }, 
        "fit": "Linear", 
        "value": 0.014993836204674713
    }, 
    "Ar37": {
        "error": 0.010799340798729327, 
        "filter_outliers_dict": {
            "filter_outliers": true, 
            "iterations": 1, 
            "std_devs": 2
        }, 
        "fit": "linear", 
        "value": 0.3336340791943682
    }, 
    "Ar38": {
        "error": 0.00480089531265205, 
        "filter_outliers_dict": {
            "filter_outliers": true, 
            "iterations": 1, 
            "std_devs": 2
        }, 
        "fit": "linear", 
        "value": 0.5621765244287303
    }, 
    "Ar39": {
        "error": 0.016977370869081146, 
        "filter_outliers_dict": {
            "filter_outliers": true, 
            "iterations": 1, 
            "std_devs": 2
        }, 
        "fit": "Linear", 
        "value": 42.40192425936212
    }, 
    "Ar40": {
        "error": 0.03562548326625388, 
        "filter_outliers_dict": {
            "filter_outliers": true, 
            "iterations": 1, 
            "std_devs": 2
        }, 
        "fit": "Linear", 
        "value": 241.9021115590705
    }, 
    "Ar41": {
        "error": 0.005584226119763389, 
        "filter_outliers_dict": {
            "filter_outliers": true, 
            "iterations": 1, 
            "std_devs": 2
        }, 
        "fit": "Average", 
        "value": 0.0757815688916676
    }
}