{
    "Ar36": {
        "error": 0.0005954381342876254, 
        "filter_outliers_dict": {
            "filter_outliers": true, 
            "iterations": 1, 
            "std_devs": 2
        }, 
        "fit": "Linear", 
        "value": 0.00767952839555403
    }, 
    "Ar37": {
        "error": 0.024159828851315755, 
        "filter_outliers_dict": {
            "filter_outliers": true, 
            "iterations": 1, 
            "std_devs": 2
        }, 
        "fit": "linear", 
        "value": 0.25479667574821013
    }, 
    "Ar38": {
        "error": 0.009385480438376559, 
        "filter_outliers_dict": {
            "filter_outliers": true, 
            "iterations": 1, 
            "std_devs": 2
        }, 
        "fit": "linear", 
        "value": 0.2414067773550721
    }, 
    "Ar39": {
        "error": 0.02665419893873315, 
        "filter_outliers_dict": {
            "filter_outliers": true, 
            "iterations": 1, 
            "std_devs": 2
        }, 
        "fit": "Linear", 
        "value": 18.168764044965016
    }, 
    "Ar40": {
        "error": 0.07634047876543977, 
        "filter_outliers_dict": {
            "filter_outliers": true, 
            "iterations": 1, 
            "std_devs": 2
        }, 
        "fit": "Linear", 
        "value": 376.8270698055999
    }, 
    "Ar41": {
        "error": 0.006197891110708288, 
        "filter_outliers_dict": {
            "filter_outliers": true, 
            "iterations": 1, 
            "std_devs": 2
        }, 
        "fit": "Average", 
        "value": 0.08531359016884531
    }
}