{
    "Ar36": {
        "error": 0.0006359123452352549, 
        "filter_outliers_dict": {
            "filter_outliers": true, 
            "iterations": 1, 
            "std_devs": 2
        }, 
        "fit": "Linear", 
        "value": 0.01889369633850351
    }, 
    "Ar37": {
        "error": 0.020344095912871046, 
        "filter_outliers_dict": {
            "filter_outliers": true, 
            "iterations": 1, 
            "std_devs": 2
        }, 
        "fit": "linear", 
        "value": 0.22067276182865514
    }, 
    "Ar38": {
        "error": 0.007466582291001461, 
        "filter_outliers_dict": {
            "filter_outliers": true, 
            "iterations": 1, 
            "std_devs": 2
        }, 
        "fit": "linear", 
        "value": 0.2507836951654168
    }, 
    "Ar39": {
        "error": 0.022169744280653783, 
        "filter_outliers_dict": {
            "filter_outliers": true, 
            "iterations": 1, 
            "std_devs": 2
        }, 
        "fit": "Linear", 
        "value": 15.45205019023893
    }, 
    "Ar40": {
        "error": 0.25986203800735075, 
        "filter_outliers_dict": {
            "filter_outliers": true, 
            "iterations": 1, 
            "std_devs": 2
        }, 
        "fit": "Linear", 
        "value": 4245.15622683323
    }, 
    "Ar41": {
        "error": 0.007622833138466124, 
        "filter_outliers_dict": {
            "filter_outliers": true, 
            "iterations": 1, 
            "std_devs": 2
        }, 
        "fit": "Average", 
        "value": 0.2665403496686051
    }
}