{
    "Ar36": {
        "error": 0.00016644997483535165, 
        "filter_outliers_dict": {
            "filter_outliers": true, 
            "iterations": 1, 
            "std_devs": 2
        }, 
        "fit": "Linear", 
        "value": 0.0030847677949993836
    }, 
    "Ar37": {
        "error": 0.009944431314637346, 
        "filter_outliers_dict": {
            "filter_outliers": true, 
            "iterations": 1, 
            "std_devs": 2
        }, 
        "fit": "linear", 
        "value": 0.25837618808596935
    }, 
    "Ar38": {
        "error": 0.004685493869353504, 
        "filter_outliers_dict": {
            "filter_outliers": true, 
            "iterations": 1, 
            "std_devs": 2
        }, 
        "fit": "linear", 
        "value": 0.33287106470724237
    }, 
    "Ar39": {
        "error": 0.013136323348831852, 
        "filter_outliers_dict": {
            "filter_outliers": true, 
            "iterations": 1, 
            "std_devs": 2
        }, 
        "fit": "Linear", 
        "value": 25.63567411107659
    }, 
    "Ar40": {
        "error": 0.027851181161073726, 
        "filter_outliers_dict": {
            "filter_outliers": true, 
            "iterations": 1, 
            "std_devs": 2
        }, 
        "fit": "Linear", 
        "value": 221.3745021870334
    }, 
    "Ar41": {
        "error": 0.004270034734188735, 
        "filter_outliers_dict": {
            "filter_outliers": true, 
            "iterations": 1, 
            "std_devs": 2
        }, 
        "fit": "Average", 
        "value": 0.0856213005465925
    }
}