{
    "Ar36": {
        "error": 0.0001791818537846322, 
        "filter_outliers_dict": {
            "filter_outliers": true, 
            "iterations": 1, 
            "std_devs": 2
        }, 
        "fit": "Linear", 
        "value": 0.004003478495643502
    }, 
    "Ar37": {
        "error": 0.011333260847501352, 
        "filter_outliers_dict": {
            "filter_outliers": true, 
            "iterations": 1, 
            "std_devs": 2
        }, 
        "fit": "linear", 
        "value": 0.5365420300563585
    }, 
    "Ar38": {
        "error": 0.004431067753495434, 
        "filter_outliers_dict": {
            "filter_outliers": true, 
            "iterations": 1, 
            "std_devs": 2
        }, 
        "fit": "linear", 
        "value": 0.5994274102021161
    }, 
    "Ar39": {
        "error": 0.016727525960661647, 
        "filter_outliers_dict": {
            "filter_outliers": true, 
            "iterations": 1, 
            "std_devs": 2
        }, 
        "fit": "Linear", 
        "value": 46.42595334032007
    }, 
    "Ar40": {
        "error": 0.0336931540816021, 
        "filter_outliers_dict": {
            "filter_outliers": true, 
            "iterations": 1, 
            "std_devs": 2
        }, 
        "fit": "Linear", 
        "value": 240.1463917963357
    }, 
    "Ar41": {
        "error": 0.004528031686523324, 
        "filter_outliers_dict": {
            "filter_outliers": true, 
            "iterations": 1, 
            "std_devs": 2
        }, 
        "fit": "Average", 
        "value": 0.07460191349824756
    }
}