{
    "Ar36": {
        "error": 0.0004034306030040488, 
        "filter_outliers_dict": {
            "filter_outliers": true, 
            "iterations": 1, 
            "std_devs": 2
        }, 
        "fit": "Linear", 
        "value": 0.025317239284519837
    }, 
    "Ar37": {
        "error": 0.0108258342202681, 
        "filter_outliers_dict": {
            "filter_outliers": true, 
            "iterations": 1, 
            "std_devs": 2
        }, 
        "fit": "linear", 
        "value": 0.5476450742402286
    }, 
    "Ar38": {
        "error": 0.004499692717955817, 
        "filter_outliers_dict": {
            "filter_outliers": true, 
            "iterations": 1, 
            "std_devs": 2
        }, 
        "fit": "linear", 
        "value": 0.6224584725967997
    }, 
    "Ar39": {
        "error": 0.01815504175835438, 
        "filter_outliers_dict": {
            "filter_outliers": true, 
            "iterations": 1, 
            "std_devs": 2
        }, 
        "fit": "Linear", 
        "value": 46.884108425981644
    }, 
    "Ar40": {
        "error": 0.028085015615550074, 
        "filter_outliers_dict": {
            "filter_outliers": true, 
            "iterations": 1, 
            "std_devs": 2
        }, 
        "fit": "Linear", 
        "value": 169.49022952765864
    }, 
    "Ar41": {
        "error": 0.00448419390221964, 
        "filter_outliers_dict": {
            "filter_outliers": true, 
            "iterations": 1, 
            "std_devs": 2
        }, 
        "fit": "Average", 
        "value": 0.09191848269155131
    }
}