{
    "Ar36": {
        "error": 0.0005058126363846903, 
        "filter_outliers_dict": {
            "filter_outliers": true, 
            "iterations": 1, 
            "std_devs": 2
        }, 
        "fit": "Linear", 
        "value": 0.008374915334732546
    }, 
    "Ar37": {
        "error": 0.02446672864667674, 
        "filter_outliers_dict": {
            "filter_outliers": true, 
            "iterations": 1, 
            "std_devs": 2
        }, 
        "fit": "linear", 
        "value": 0.18711984656927902
    }, 
    "Ar38": {
        "error": 0.007431954510613288, 
        "filter_outliers_dict": {
            "filter_outliers": true, 
            "iterations": 1, 
            "std_devs": 2
        }, 
        "fit": "linear", 
        "value": 0.22162799081898168
    }, 
    "Ar39": {
        "error": 0.03176959291058044, 
        "filter_outliers_dict": {
            "filter_outliers": true, 
            "iterations": 1, 
            "std_devs": 2
        }, 
        "fit": "Linear", 
        "value": 15.36483372222872
    }, 
    "Ar40": {
        "error": 0.3650962066524229, 
        "filter_outliers_dict": {
            "filter_outliers": true, 
            "iterations": 1, 
            "std_devs": 2
        }, 
        "fit": "Linear", 
        "value": 3833.380334894674
    }, 
    "Ar41": {
        "error": 0.007100002237008369, 
        "filter_outliers_dict": {
            "filter_outliers": true, 
            "iterations": 1, 
            "std_devs": 2
        }, 
        "fit": "Average", 
        "value": 0.23711711424186532
    }
}