{
    "Ar36": {
        "error": 0.00025577216108769486, 
        "filter_outliers_dict": {
            "filter_outliers": true, 
            "iterations": 1, 
            "std_devs": 2
        }, 
        "fit": "Linear", 
        "value": 0.007673941953472602
    }, 
    "Ar37": {
        "error": 0.012279685015013489, 
        "filter_outliers_dict": {
            "filter_outliers": true, 
            "iterations": 1, 
            "std_devs": 2
        }, 
        "fit": "linear", 
        "value": 0.25163964745444245
    }, 
    "Ar38": {
        "error": 0.00503990782754424, 
        "filter_outliers_dict": {
            "filter_outliers": true, 
            "iterations": 1, 
            "std_devs": 2
        }, 
        "fit": "linear", 
        "value": 0.21559380488658483
    }, 
    "Ar39": {
        "error": 0.013933579501934816, 
        "filter_outliers_dict": {
            "filter_outliers": true, 
            "iterations": 1, 
            "std_devs": 2
        }, 
        "fit": "Linear", 
        "value": 16.018550441208543
    }, 
    "Ar40": {
        "error": 0.03195132964057119, 
        "filter_outliers_dict": {
            "filter_outliers": true, 
            "iterations": 1, 
            "std_devs": 2
        }, 
        "fit": "Linear", 
        "value": 233.7229616929651
    }, 
    "Ar41": {
        "error": 0.004630618981938791, 
        "filter_outliers_dict": {
            "filter_outliers": true, 
            "iterations": 1, 
            "std_devs": 2
        }, 
        "fit": "Average", 
        "value": 0.10591324352382143
    }
}