{
    "Ar36": {
        "error": 0.00018690605381619654, 
        "filter_outliers_dict": {
            "filter_outliers": true, 
            "iterations": 1, 
            "std_devs": 2
        }, 
        "fit": "Linear", 
        "value": 0.0038803454343644406
    }, 
    "Ar37": {
        "error": 0.011412423595362165, 
        "filter_outliers_dict": {
            "filter_outliers": true, 
            "iterations": 1, 
            "std_devs": 2
        }, 
        "fit": "linear", 
        "value": 0.3465697440192185
    }, 
    "Ar38": {
        "error": 0.005554433593850333, 
        "filter_outliers_dict": {
            "filter_outliers": true, 
            "iterations": 1, 
            "std_devs": 2
        }, 
        "fit": "linear", 
        "value": 0.5296766613186322
    }, 
    "Ar39": {
        "error": 0.014664949585307991, 
        "filter_outliers_dict": {
            "filter_outliers": true, 
            "iterations": 1, 
            "std_devs": 2
        }, 
        "fit": "Linear", 
        "value": 40.14849507173477
    }, 
    "Ar40": {
        "error": 0.038152730459414835, 
        "filter_outliers_dict": {
            "filter_outliers": true, 
            "iterations": 1, 
            "std_devs": 2
        }, 
        "fit": "Linear", 
        "value": 222.5630662027914
    }, 
    "Ar41": {
        "error": 0.004607538286456433, 
        "filter_outliers_dict": {
            "filter_outliers": true, 
            "iterations": 1, 
            "std_devs": 2
        }, 
        "fit": "Average", 
        "value": 0.08977290857569847
    }
}