{
    "Ar36": {
        "error": 0.00021428639631381697, 
        "filter_outliers_dict": {
            "filter_outliers": true, 
            "iterations": 1, 
            "std_devs": 2
        }, 
        "fit": "Linear", 
        "value": 0.004605648737282251
    }, 
    "Ar37": {
        "error": 0.01075419462533943, 
        "filter_outliers_dict": {
            "filter_outliers": true, 
            "iterations": 1, 
            "std_devs": 2
        }, 
        "fit": "linear", 
        "value": 0.27306538778712314
    }, 
    "Ar38": {
        "error": 0.0054046664237786205, 
        "filter_outliers_dict": {
            "filter_outliers": true, 
            "iterations": 1, 
            "std_devs": 2
        }, 
        "fit": "linear", 
        "value": 0.25605742762834866
    }, 
    "Ar39": {
        "error": 0.014178725151303216, 
        "filter_outliers_dict": {
            "filter_outliers": true, 
            "iterations": 1, 
            "std_devs": 2
        }, 
        "fit": "Linear", 
        "value": 19.00593665806795
    }, 
    "Ar40": {
        "error": 0.017590673500067003, 
        "filter_outliers_dict": {
            "filter_outliers": true, 
            "iterations": 1, 
            "std_devs": 2
        }, 
        "fit": "Linear", 
        "value": 125.29964086902484
    }, 
    "Ar41": {
        "error": 0.005416449907415319, 
        "filter_outliers_dict": {
            "filter_outliers": true, 
            "iterations": 1, 
            "std_devs": 2
        }, 
        "fit": "Average", 
        "value": 0.09416450598516841
    }
}