{
    "Ar36": {
        "error": 0.0005502735965932069, 
        "filter_outliers_dict": {
            "filter_outliers": true, 
            "iterations": 1, 
            "std_devs": 2
        }, 
        "fit": "Linear", 
        "value": 0.05214756097858245
    }, 
    "Ar37": {
        "error": 0.009299378613005033, 
        "filter_outliers_dict": {
            "filter_outliers": true, 
            "iterations": 1, 
            "std_devs": 2
        }, 
        "fit": "linear", 
        "value": 0.37491412425325743
    }, 
    "Ar38": {
        "error": 0.004638030252919965, 
        "filter_outliers_dict": {
            "filter_outliers": true, 
            "iterations": 1, 
            "std_devs": 2
        }, 
        "fit": "linear", 
        "value": 0.6686056654365251
    }, 
    "Ar39": {
        "error": 0.018187210796043, 
        "filter_outliers_dict": {
            "filter_outliers": true, 
            "iterations": 1, 
            "std_devs": 2
        }, 
        "fit": "Linear", 
        "value": 48.89152698242667
    }, 
    "Ar40": {
        "error": 0.04487173758215465, 
        "filter_outliers_dict": {
            "filter_outliers": true, 
            "iterations": 1, 
            "std_devs": 2
        }, 
        "fit": "Linear", 
        "value": 414.2305583527383
    }, 
    "Ar41": {
        "error": 0.004619011541639318, 
        "filter_outliers_dict": {
            "filter_outliers": true, 
            "iterations": 1, 
            "std_devs": 2
        }, 
        "fit": "Average", 
        "value": 0.1037785404662831
    }
}