{
    "Ar36": {
        "error": 0.00039537115804824327, 
        "filter_outliers_dict": {
            "filter_outliers": true, 
            "iterations": 1, 
            "std_devs": 2
        }, 
        "fit": "Linear", 
        "value": 0.005315213325588677
    }, 
    "Ar37": {
        "error": 0.019895713826559698, 
        "filter_outliers_dict": {
            "filter_outliers": true, 
            "iterations": 1, 
            "std_devs": 2
        }, 
        "fit": "linear", 
        "value": 0.19359041470134705
    }, 
    "Ar38": {
        "error": 0.01163466435090008, 
        "filter_outliers_dict": {
            "filter_outliers": true, 
            "iterations": 1, 
            "std_devs": 2
        }, 
        "fit": "linear", 
        "value": 0.008721005007924141
    }, 
    "Ar39": {
        "error": 0.023731549549216555, 
        "filter_outliers_dict": {
            "filter_outliers": true, 
            "iterations": 1, 
            "std_devs": 2
        }, 
        "fit": "Linear", 
        "value": 0.22947111081810662
    }, 
    "Ar40": {
        "error": 0.032326122395218655, 
        "filter_outliers_dict": {
            "filter_outliers": true, 
            "iterations": 1, 
            "std_devs": 2
        }, 
        "fit": "Linear", 
        "value": 50.10300871152175
    }, 
    "Ar41": {
        "error": 0.008141562567099326, 
        "filter_outliers_dict": {
            "filter_outliers": true, 
            "iterations": 1, 
            "std_devs": 2
        }, 
        "fit": "Average", 
        "value": 0.07743948149433169
    }
}