{
    "Ar36": {
        "error": 0.0004055675349348901, 
        "filter_outliers_dict": {
            "filter_outliers": true, 
            "iterations": 1, 
            "std_devs": 2
        }, 
        "fit": "Linear", 
        "value": 0.0181016472479648
    }, 
    "Ar37": {
        "error": 0.009306381987505014, 
        "filter_outliers_dict": {
            "filter_outliers": true, 
            "iterations": 1, 
            "std_devs": 2
        }, 
        "fit": "linear", 
        "value": 0.35862423395363374
    }, 
    "Ar38": {
        "error": 0.005255920088685661, 
        "filter_outliers_dict": {
            "filter_outliers": true, 
            "iterations": 1, 
            "std_devs": 2
        }, 
        "fit": "linear", 
        "value": 0.33719999860361816
    }, 
    "Ar39": {
        "error": 0.01347441198765607, 
        "filter_outliers_dict": {
            "filter_outliers": true, 
            "iterations": 1, 
            "std_devs": 2
        }, 
        "fit": "Linear", 
        "value": 24.939556886334497
    }, 
    "Ar40": {
        "error": 0.025241838158133075, 
        "filter_outliers_dict": {
            "filter_outliers": true, 
            "iterations": 1, 
            "std_devs": 2
        }, 
        "fit": "Linear", 
        "value": 156.12790106280144
    }, 
    "Ar41": {
        "error": 0.004742353862489269, 
        "filter_outliers_dict": {
            "filter_outliers": true, 
            "iterations": 1, 
            "std_devs": 2
        }, 
        "fit": "Average", 
        "value": 0.08171317983482002
    }
}