{
    "Ar36": {
        "error": 0.0001878991752084862, 
        "filter_outliers_dict": {
            "filter_outliers": true, 
            "iterations": 1, 
            "std_devs": 2
        }, 
        "fit": "Linear", 
        "value": 0.004326304184376543
    }, 
    "Ar37": {
        "error": 0.011892435709480733, 
        "filter_outliers_dict": {
            "filter_outliers": true, 
            "iterations": 1, 
            "std_devs": 2
        }, 
        "fit": "linear", 
        "value": 0.20308529213287874
    }, 
    "Ar38": {
        "error": 0.0052282977142338, 
        "filter_outliers_dict": {
            "filter_outliers": true, 
            "iterations": 1, 
            "std_devs": 2
        }, 
        "fit": "linear", 
        "value": 0.1161431639046693
    }, 
    "Ar39": {
        "error": 0.015593915922751613, 
        "filter_outliers_dict": {
            "filter_outliers": true, 
            "iterations": 1, 
            "std_devs": 2
        }, 
        "fit": "Linear", 
        "value": 9.379325536726478
    }, 
    "Ar40": {
        "error": 0.016499045908129166, 
        "filter_outliers_dict": {
            "filter_outliers": true, 
            "iterations": 1, 
            "std_devs": 2
        }, 
        "fit": "Linear", 
        "value": 61.6804252274975
    }, 
    "Ar41": {
        "error": 0.004230373460699386, 
        "filter_outliers_dict": {
            "filter_outliers": true, 
            "iterations": 1, 
            "std_devs": 2
        }, 
        "fit": "Average", 
        "value": 0.07443597801079146
    }
}