{
    "Ar36": {
        "error": 0.0003521495883742376, 
        "filter_outliers_dict": {
            "filter_outliers": true, 
            "iterations": 1, 
            "std_devs": 2
        }, 
        "fit": "Linear", 
        "value": 0.004446890612137731
    }, 
    "Ar37": {
        "error": 0.01598485470622192, 
        "filter_outliers_dict": {
            "filter_outliers": true, 
            "iterations": 1, 
            "std_devs": 2
        }, 
        "fit": "linear", 
        "value": 1.9975526686868592
    }, 
    "Ar38": {
        "error": 0.008545280981640486, 
        "filter_outliers_dict": {
            "filter_outliers": true, 
            "iterations": 1, 
            "std_devs": 2
        }, 
        "fit": "linear", 
        "value": 0.011705908228902768
    }, 
    "Ar39": {
        "error": 0.022192764230182568, 
        "filter_outliers_dict": {
            "filter_outliers": true, 
            "iterations": 1, 
            "std_devs": 2
        }, 
        "fit": "Linear", 
        "value": 0.5618049770423821
    }, 
    "Ar40": {
        "error": 0.019670596970345674, 
        "filter_outliers_dict": {
            "filter_outliers": true, 
            "iterations": 1, 
            "std_devs": 2
        }, 
        "fit": "Linear", 
        "value": 5.252501515889467
    }, 
    "Ar41": {
        "error": 0.00732546049368513, 
        "filter_outliers_dict": {
            "filter_outliers": true, 
            "iterations": 1, 
            "std_devs": 2
        }, 
        "fit": "Average", 
        "value": 0.08234667277178692
    }
}