{
    "Ar36": {
        "error": 0.00030976693968337376, 
        "filter_outliers_dict": {
            "filter_outliers": true, 
            "iterations": 1, 
            "std_devs": 2
        }, 
        "fit": "Linear", 
        "value": 0.01613078505130284
    }, 
    "Ar37": {
        "error": 0.011540228763806195, 
        "filter_outliers_dict": {
            "filter_outliers": true, 
            "iterations": 1, 
            "std_devs": 2
        }, 
        "fit": "linear", 
        "value": 0.29785589153998016
    }, 
    "Ar38": {
        "error": 0.004530894299171677, 
        "filter_outliers_dict": {
            "filter_outliers": true, 
            "iterations": 1, 
            "std_devs": 2
        }, 
        "fit": "linear", 
        "value": 0.3746243487360849
    }, 
    "Ar39": {
        "error": 0.014345272874153589, 
        "filter_outliers_dict": {
            "filter_outliers": true, 
            "iterations": 1, 
            "std_devs": 2
        }, 
        "fit": "Linear", 
        "value": 28.288809515072295
    }, 
    "Ar40": {
        "error": 0.026568607674925256, 
        "filter_outliers_dict": {
            "filter_outliers": true, 
            "iterations": 1, 
            "std_devs": 2
        }, 
        "fit": "Linear", 
        "value": 164.28862034881172
    }, 
    "Ar41": {
        "error": 0.004850475928628616, 
        "filter_outliers_dict": {
            "filter_outliers": true, 
            "iterations": 1, 
            "std_devs": 2
        }, 
        "fit": "Average", 
        "value": 0.07563921157079555
    }
}