{
    "Ar36": {
        "error": 0.00027903926714581444, 
        "filter_outliers_dict": {
            "filter_outliers": true, 
            "iterations": 1, 
            "std_devs": 2
        }, 
        "fit": "Linear", 
        "value": 0.00801564228632976
    }, 
    "Ar37": {
        "error": 0.010195021244084349, 
        "filter_outliers_dict": {
            "filter_outliers": true, 
            "iterations": 1, 
            "std_devs": 2
        }, 
        "fit": "linear", 
        "value": 0.3028843081840073
    }, 
    "Ar38": {
        "error": 0.005187875884025607, 
        "filter_outliers_dict": {
            "filter_outliers": true, 
            "iterations": 1, 
            "std_devs": 2
        }, 
        "fit": "linear", 
        "value": 0.43517601275043766
    }, 
    "Ar39": {
        "error": 0.015760500296517814, 
        "filter_outliers_dict": {
            "filter_outliers": true, 
            "iterations": 1, 
            "std_devs": 2
        }, 
        "fit": "Linear", 
        "value": 32.95443855791538
    }, 
    "Ar40": {
        "error": 0.023240265770567838, 
        "filter_outliers_dict": {
            "filter_outliers": true, 
            "iterations": 1, 
            "std_devs": 2
        }, 
        "fit": "Linear", 
        "value": 187.6290030118704
    }, 
    "Ar41": {
        "error": 0.00480713786420855, 
        "filter_outliers_dict": {
            "filter_outliers": true, 
            "iterations": 1, 
            "std_devs": 2
        }, 
        "fit": "Average", 
        "value": 0.08950112085574721
    }
}