{
    "Ar36": {
        "error": 0.0003573983325308498, 
        "filter_outliers_dict": {
            "filter_outliers": true, 
            "iterations": 1, 
            "std_devs": 2
        }, 
        "fit": "Linear", 
        "value": 0.004533731720378916
    }, 
    "Ar37": {
        "error": 0.027559516107972117, 
        "filter_outliers_dict": {
            "filter_outliers": true, 
            "iterations": 1, 
            "std_devs": 2
        }, 
        "fit": "linear", 
        "value": 0.17262674838472666
    }, 
    "Ar38": {
        "error": 0.01139158119668045, 
        "filter_outliers_dict": {
            "filter_outliers": true, 
            "iterations": 1, 
            "std_devs": 2
        }, 
        "fit": "linear", 
        "value": 0.016388442298023352
    }, 
    "Ar39": {
        "error": 0.020319443444069902, 
        "filter_outliers_dict": {
            "filter_outliers": true, 
            "iterations": 1, 
            "std_devs": 2
        }, 
        "fit": "Linear", 
        "value": 0.12041889676424952
    }, 
    "Ar40": {
        "error": 0.016040219973172586, 
        "filter_outliers_dict": {
            "filter_outliers": true, 
            "iterations": 1, 
            "std_devs": 2
        }, 
        "fit": "Linear", 
        "value": 1.620101417513177
    }, 
    "Ar41": {
        "error": 0.008003504180944887, 
        "filter_outliers_dict": {
            "filter_outliers": true, 
            "iterations": 1, 
            "std_devs": 2
        }, 
        "fit": "Average", 
        "value": 0.07829613636358113
    }
}