{
    "Ar36": {
        "error": 0.0002365176390541908, 
        "filter_outliers_dict": {
            "filter_outliers": true, 
            "iterations": 1, 
            "std_devs": 2
        }, 
        "fit": "Linear", 
        "value": 0.009151463257213407
    }, 
    "Ar37": {
        "error": 0.011387517033826258, 
        "filter_outliers_dict": {
            "filter_outliers": true, 
            "iterations": 1, 
            "std_devs": 2
        }, 
        "fit": "linear", 
        "value": 0.3223180899105684
    }, 
    "Ar38": {
        "error": 0.004526097008360899, 
        "filter_outliers_dict": {
            "filter_outliers": true, 
            "iterations": 1, 
            "std_devs": 2
        }, 
        "fit": "linear", 
        "value": 0.38400078187474024
    }, 
    "Ar39": {
        "error": 0.015974857497277957, 
        "filter_outliers_dict": {
            "filter_outliers": true, 
            "iterations": 1, 
            "std_devs": 2
        }, 
        "fit": "Linear", 
        "value": 29.57641578810141
    }, 
    "Ar40": {
        "error": 0.03203335085514619, 
        "filter_outliers_dict": {
            "filter_outliers": true, 
            "iterations": 1, 
            "std_devs": 2
        }, 
        "fit": "Linear", 
        "value": 195.25392425769738
    }, 
    "Ar41": {
        "error": 0.005559791309823612, 
        "filter_outliers_dict": {
            "filter_outliers": true, 
            "iterations": 1, 
            "std_devs": 2
        }, 
        "fit": "Average", 
        "value": 0.08554083796528689
    }
}