{
    "Ar36": {
        "error": 0.0009780098188919852, 
        "filter_outliers_dict": {
            "filter_outliers": true, 
            "iterations": 1, 
            "std_devs": 2
        }, 
        "fit": "Linear", 
        "value": 0.053907845396431855
    }, 
    "Ar37": {
        "error": 0.02477909610201089, 
        "filter_outliers_dict": {
            "filter_outliers": true, 
            "iterations": 1, 
            "std_devs": 2
        }, 
        "fit": "linear", 
        "value": 0.1942524959889836
    }, 
    "Ar38": {
        "error": 0.012484660218157782, 
        "filter_outliers_dict": {
            "filter_outliers": true, 
            "iterations": 1, 
            "std_devs": 2
        }, 
        "fit": "linear", 
        "value": 0.09947680882147367
    }, 
    "Ar39": {
        "error": 0.029424390841170104, 
        "filter_outliers_dict": {
            "filter_outliers": true, 
            "iterations": 1, 
            "std_devs": 2
        }, 
        "fit": "Linear", 
        "value": 7.424638290786651
    }, 
    "Ar40": {
        "error": 0.0857777237426335, 
        "filter_outliers_dict": {
            "filter_outliers": true, 
            "iterations": 1, 
            "std_devs": 2
        }, 
        "fit": "Linear", 
        "value": 344.64167467185104
    }, 
    "Ar41": {
        "error": 0.006295757433605693, 
        "filter_outliers_dict": {
            "filter_outliers": true, 
            "iterations": 1, 
            "std_devs": 2
        }, 
        "fit": "Average", 
        "value": 0.09151849321639967
    }
}