{
    "Ar36": {
        "error": 0.00035770852324604863, 
        "filter_outliers_dict": {
            "filter_outliers": true, 
            "iterations": 1, 
            "std_devs": 2
        }, 
        "fit": "Linear", 
        "value": 0.002984974815285407
    }, 
    "Ar37": {
        "error": 0.024488597738270192, 
        "filter_outliers_dict": {
            "filter_outliers": true, 
            "iterations": 1, 
            "std_devs": 2
        }, 
        "fit": "linear", 
        "value": 0.1779789665776306
    }, 
    "Ar38": {
        "error": 0.009970998018782807, 
        "filter_outliers_dict": {
            "filter_outliers": true, 
            "iterations": 1, 
            "std_devs": 2
        }, 
        "fit": "linear", 
        "value": -0.01927671380291952
    }, 
    "Ar39": {
        "error": 0.02900783314468646, 
        "filter_outliers_dict": {
            "filter_outliers": true, 
            "iterations": 1, 
            "std_devs": 2
        }, 
        "fit": "Linear", 
        "value": 0.6846835097230595
    }, 
    "Ar40": {
        "error": 0.022947622437799298, 
        "filter_outliers_dict": {
            "filter_outliers": true, 
            "iterations": 1, 
            "std_devs": 2
        }, 
        "fit": "Linear", 
        "value": 5.848650157525025
    }, 
    "Ar41": {
        "error": 0.006718637969259172, 
        "filter_outliers_dict": {
            "filter_outliers": true, 
            "iterations": 1, 
            "std_devs": 2
        }, 
        "fit": "Average", 
        "value": 0.0986523770527911
    }
}