{
    "Ar36": {
        "error": 0.00028057278228710893, 
        "filter_outliers_dict": {
            "filter_outliers": true, 
            "iterations": 1, 
            "std_devs": 2
        }, 
        "fit": "Linear", 
        "value": 0.009288002137238351
    }, 
    "Ar37": {
        "error": 0.010380449063465132, 
        "filter_outliers_dict": {
            "filter_outliers": true, 
            "iterations": 1, 
            "std_devs": 2
        }, 
        "fit": "linear", 
        "value": 0.23455519334589564
    }, 
    "Ar38": {
        "error": 0.004489682260268197, 
        "filter_outliers_dict": {
            "filter_outliers": true, 
            "iterations": 1, 
            "std_devs": 2
        }, 
        "fit": "linear", 
        "value": 0.0919354552230211
    }, 
    "Ar39": {
        "error": 0.012713484904447724, 
        "filter_outliers_dict": {
            "filter_outliers": true, 
            "iterations": 1, 
            "std_devs": 2
        }, 
        "fit": "Linear", 
        "value": 7.289588666414318
    }, 
    "Ar40": {
        "error": 0.014667553715318199, 
        "filter_outliers_dict": {
            "filter_outliers": true, 
            "iterations": 1, 
            "std_devs": 2
        }, 
        "fit": "Linear", 
        "value": 45.60767700807143
    }, 
    "Ar41": {
        "error": 0.004388116030929245, 
        "filter_outliers_dict": {
            "filter_outliers": true, 
            "iterations": 1, 
            "std_devs": 2
        }, 
        "fit": "Average", 
        "value": 0.06693739669736583
    }
}