{
    "Ar36": {
        "error": 0.0002617899008106955, 
        "filter_outliers_dict": {
            "filter_outliers": true, 
            "iterations": 1, 
            "std_devs": 2
        }, 
        "fit": "Linear", 
        "value": 0.016609451428064692
    }, 
    "Ar37": {
        "error": 0.011892639757403577, 
        "filter_outliers_dict": {
            "filter_outliers": true, 
            "iterations": 1, 
            "std_devs": 2
        }, 
        "fit": "linear", 
        "value": 0.33394177241504
    }, 
    "Ar38": {
        "error": 0.004822249824667819, 
        "filter_outliers_dict": {
            "filter_outliers": true, 
            "iterations": 1, 
            "std_devs": 2
        }, 
        "fit": "linear", 
        "value": 0.3000450601999435
    }, 
    "Ar39": {
        "error": 0.013547762220259423, 
        "filter_outliers_dict": {
            "filter_outliers": true, 
            "iterations": 1, 
            "std_devs": 2
        }, 
        "fit": "Linear", 
        "value": 22.238805965802385
    }, 
    "Ar40": {
        "error": 0.021818041145704514, 
        "filter_outliers_dict": {
            "filter_outliers": true, 
            "iterations": 1, 
            "std_devs": 2
        }, 
        "fit": "Linear", 
        "value": 99.88877002051699
    }, 
    "Ar41": {
        "error": 0.004517239154861023, 
        "filter_outliers_dict": {
            "filter_outliers": true, 
            "iterations": 1, 
            "std_devs": 2
        }, 
        "fit": "Average", 
        "value": 0.07605903493065255
    }
}