{
    "Ar36": {
        "error": 0.0002148443302892724, 
        "filter_outliers_dict": {
            "filter_outliers": true, 
            "iterations": 1, 
            "std_devs": 2
        }, 
        "fit": "Linear", 
        "value": 0.006211431796285597
    }, 
    "Ar37": {
        "error": 0.011346522870004167, 
        "filter_outliers_dict": {
            "filter_outliers": true, 
            "iterations": 1, 
            "std_devs": 2
        }, 
        "fit": "linear", 
        "value": 0.206194222352294
    }, 
    "Ar38": {
        "error": 0.004715564762184354, 
        "filter_outliers_dict": {
            "filter_outliers": true, 
            "iterations": 1, 
            "std_devs": 2
        }, 
        "fit": "linear", 
        "value": 0.0952688119360254
    }, 
    "Ar39": {
        "error": 0.012138417729275108, 
        "filter_outliers_dict": {
            "filter_outliers": true, 
            "iterations": 1, 
            "std_devs": 2
        }, 
        "fit": "Linear", 
        "value": 7.821673642727491
    }, 
    "Ar40": {
        "error": 0.015103994869309483, 
        "filter_outliers_dict": {
            "filter_outliers": true, 
            "iterations": 1, 
            "std_devs": 2
        }, 
        "fit": "Linear", 
        "value": 39.09400728571546
    }, 
    "Ar41": {
        "error": 0.004350875583300063, 
        "filter_outliers_dict": {
            "filter_outliers": true, 
            "iterations": 1, 
            "std_devs": 2
        }, 
        "fit": "Average", 
        "value": 0.07995615749009674
    }
}