{
    "Ar36": {
        "error": 0.00022391178941076774, 
        "filter_outliers_dict": {
            "filter_outliers": true, 
            "iterations": 1, 
            "std_devs": 2
        }, 
        "fit": "Linear", 
        "value": 0.00681276698074086
    }, 
    "Ar37": {
        "error": 0.010625951656385073, 
        "filter_outliers_dict": {
            "filter_outliers": true, 
            "iterations": 1, 
            "std_devs": 2
        }, 
        "fit": "linear", 
        "value": 0.3367207995781926
    }, 
    "Ar38": {
        "error": 0.005159223545079329, 
        "filter_outliers_dict": {
            "filter_outliers": true, 
            "iterations": 1, 
            "std_devs": 2
        }, 
        "fit": "linear", 
        "value": 0.1406710817882968
    }, 
    "Ar39": {
        "error": 0.012261622102936819, 
        "filter_outliers_dict": {
            "filter_outliers": true, 
            "iterations": 1, 
            "std_devs": 2
        }, 
        "fit": "Linear", 
        "value": 10.63824922415985
    }, 
    "Ar40": {
        "error": 0.017814193669160754, 
        "filter_outliers_dict": {
            "filter_outliers": true, 
            "iterations": 1, 
            "std_devs": 2
        }, 
        "fit": "Linear", 
        "value": 59.45789867931914
    }, 
    "Ar41": {
        "error": 0.004842680871444095, 
        "filter_outliers_dict": {
            "filter_outliers": true, 
            "iterations": 1, 
            "std_devs": 2
        }, 
        "fit": "Average", 
        "value": 0.08823607561458253
    }
}