{
    "Ar36": {
        "error": 0.00026157053053367594, 
        "filter_outliers_dict": {
            "filter_outliers": true, 
            "iterations": 1, 
            "std_devs": 2
        }, 
        "fit": "Linear", 
        "value": 0.003830816871252897
    }, 
    "Ar37": {
        "error": 0.021387124820851814, 
        "filter_outliers_dict": {
            "filter_outliers": true, 
            "iterations": 1, 
            "std_devs": 2
        }, 
        "fit": "linear", 
        "value": 0.17530697977545234
    }, 
    "Ar38": {
        "error": 0.008102431853357817, 
        "filter_outliers_dict": {
            "filter_outliers": true, 
            "iterations": 1, 
            "std_devs": 2
        }, 
        "fit": "linear", 
        "value": 0.023112796448911947
    }, 
    "Ar39": {
        "error": 0.027994651496694656, 
        "filter_outliers_dict": {
            "filter_outliers": true, 
            "iterations": 1, 
            "std_devs": 2
        }, 
        "fit": "Linear", 
        "value": 1.055147086379572
    }, 
    "Ar40": {
        "error": 0.02276374548337579, 
        "filter_outliers_dict": {
            "filter_outliers": true, 
            "iterations": 1, 
            "std_devs": 2
        }, 
        "fit": "Linear", 
        "value": 8.351073007372552
    }, 
    "Ar41": {
        "error": 0.006359254497798214, 
        "filter_outliers_dict": {
            "filter_outliers": true, 
            "iterations": 1, 
            "std_devs": 2
        }, 
        "fit": "Average", 
        "value": 0.08607967307960701
    }
}