{
    "Ar36": {
        "error": 0.0002086217994006468, 
        "filter_outliers_dict": {
            "filter_outliers": true, 
            "iterations": 1, 
            "std_devs": 2
        }, 
        "fit": "Linear", 
        "value": 0.005393525276233909
    }, 
    "Ar37": {
        "error": 0.010833454965654387, 
        "filter_outliers_dict": {
            "filter_outliers": true, 
            "iterations": 1, 
            "std_devs": 2
        }, 
        "fit": "linear", 
        "value": 0.1646175343698085
    }, 
    "Ar38": {
        "error": 0.005260365960700116, 
        "filter_outliers_dict": {
            "filter_outliers": true, 
            "iterations": 1, 
            "std_devs": 2
        }, 
        "fit": "linear", 
        "value": 0.018410583841104337
    }, 
    "Ar39": {
        "error": 0.012117765371862778, 
        "filter_outliers_dict": {
            "filter_outliers": true, 
            "iterations": 1, 
            "std_devs": 2
        }, 
        "fit": "Linear", 
        "value": 1.3825969135520046
    }, 
    "Ar40": {
        "error": 0.012402349073011807, 
        "filter_outliers_dict": {
            "filter_outliers": true, 
            "iterations": 1, 
            "std_devs": 2
        }, 
        "fit": "Linear", 
        "value": 22.033111268919324
    }, 
    "Ar41": {
        "error": 0.00419390342499582, 
        "filter_outliers_dict": {
            "filter_outliers": true, 
            "iterations": 1, 
            "std_devs": 2
        }, 
        "fit": "Average", 
        "value": 0.08791860877960928
    }
}