{
    "Ar36": {
        "error": 0.00025171612468105734, 
        "filter_outliers_dict": {
            "filter_outliers": true, 
            "iterations": 1, 
            "std_devs": 2
        }, 
        "fit": "Linear", 
        "value": 0.006698685009294918
    }, 
    "Ar37": {
        "error": 0.011084360806681785, 
        "filter_outliers_dict": {
            "filter_outliers": true, 
            "iterations": 1, 
            "std_devs": 2
        }, 
        "fit": "linear", 
        "value": 0.279355487510737
    }, 
    "Ar38": {
        "error": 0.0046569694081082325, 
        "filter_outliers_dict": {
            "filter_outliers": true, 
            "iterations": 1, 
            "std_devs": 2
        }, 
        "fit": "linear", 
        "value": 0.09586816030160034
    }, 
    "Ar39": {
        "error": 0.012652960396335507, 
        "filter_outliers_dict": {
            "filter_outliers": true, 
            "iterations": 1, 
            "std_devs": 2
        }, 
        "fit": "Linear", 
        "value": 6.7919793453741235
    }, 
    "Ar40": {
        "error": 0.012520224442896641, 
        "filter_outliers_dict": {
            "filter_outliers": true, 
            "iterations": 1, 
            "std_devs": 2
        }, 
        "fit": "Linear", 
        "value": 24.94385885534008
    }, 
    "Ar41": {
        "error": 0.004548315571397126, 
        "filter_outliers_dict": {
            "filter_outliers": true, 
            "iterations": 1, 
            "std_devs": 2
        }, 
        "fit": "Average", 
        "value": 0.07070580889520488
    }
}