{
    "Ar36": {
        "error": 0.0002808349639454515, 
        "filter_outliers_dict": {
            "filter_outliers": true, 
            "iterations": 1, 
            "std_devs": 2
        }, 
        "fit": "Linear", 
        "value": 0.013480847049812242
    }, 
    "Ar37": {
        "error": 0.009650422587116406, 
        "filter_outliers_dict": {
            "filter_outliers": true, 
            "iterations": 1, 
            "std_devs": 2
        }, 
        "fit": "linear", 
        "value": 0.6768852195028887
    }, 
    "Ar38": {
        "error": 0.004537786908827191, 
        "filter_outliers_dict": {
            "filter_outliers": true, 
            "iterations": 1, 
            "std_devs": 2
        }, 
        "fit": "linear", 
        "value": 0.41991228212759585
    }, 
    "Ar39": {
        "error": 0.013460050174448995, 
        "filter_outliers_dict": {
            "filter_outliers": true, 
            "iterations": 1, 
            "std_devs": 2
        }, 
        "fit": "Linear", 
        "value": 31.631987100936172
    }, 
    "Ar40": {
        "error": 0.03328358265820612, 
        "filter_outliers_dict": {
            "filter_outliers": true, 
            "iterations": 1, 
            "std_devs": 2
        }, 
        "fit": "Linear", 
        "value": 224.50880506381253
    }, 
    "Ar41": {
        "error": 0.004332293364520116, 
        "filter_outliers_dict": {
            "filter_outliers": true, 
            "iterations": 1, 
            "std_devs": 2
        }, 
        "fit": "Average", 
        "value": 0.08588271471175611
    }
}