{
    "Ar36": {
        "error": 0.00018719171391555551, 
        "filter_outliers_dict": {
            "filter_outliers": true, 
            "iterations": 1, 
            "std_devs": 2
        }, 
        "fit": "Linear", 
        "value": 0.005665010041494968
    }, 
    "Ar37": {
        "error": 0.010883552961259037, 
        "filter_outliers_dict": {
            "filter_outliers": true, 
            "iterations": 1, 
            "std_devs": 2
        }, 
        "fit": "linear", 
        "value": 0.28683824546143644
    }, 
    "Ar38": {
        "error": 0.004276757052513077, 
        "filter_outliers_dict": {
            "filter_outliers": true, 
            "iterations": 1, 
            "std_devs": 2
        }, 
        "fit": "linear", 
        "value": 0.3497979249975156
    }, 
    "Ar39": {
        "error": 0.01634718807640121, 
        "filter_outliers_dict": {
            "filter_outliers": true, 
            "iterations": 1, 
            "std_devs": 2
        }, 
        "fit": "Linear", 
        "value": 26.544718125020307
    }, 
    "Ar40": {
        "error": 0.025261428171051772, 
        "filter_outliers_dict": {
            "filter_outliers": true, 
            "iterations": 1, 
            "std_devs": 2
        }, 
        "fit": "Linear", 
        "value": 171.45154793472685
    }, 
    "Ar41": {
        "error": 0.005165192069217983, 
        "filter_outliers_dict": {
            "filter_outliers": true, 
            "iterations": 1, 
            "std_devs": 2
        }, 
        "fit": "Average", 
        "value": 0.07851841424185908
    }
}