{
    "Ar36": {
        "error": 0.00019612514867102426, 
        "filter_outliers_dict": {
            "filter_outliers": true, 
            "iterations": 1, 
            "std_devs": 2
        }, 
        "fit": "Linear", 
        "value": 0.0053048842897789935
    }, 
    "Ar37": {
        "error": 0.010352036659295641, 
        "filter_outliers_dict": {
            "filter_outliers": true, 
            "iterations": 1, 
            "std_devs": 2
        }, 
        "fit": "linear", 
        "value": 0.5268700694463399
    }, 
    "Ar38": {
        "error": 0.0049076063840966, 
        "filter_outliers_dict": {
            "filter_outliers": true, 
            "iterations": 1, 
            "std_devs": 2
        }, 
        "fit": "linear", 
        "value": 0.5182876726033194
    }, 
    "Ar39": {
        "error": 0.015353574209506246, 
        "filter_outliers_dict": {
            "filter_outliers": true, 
            "iterations": 1, 
            "std_devs": 2
        }, 
        "fit": "Linear", 
        "value": 38.24053953251501
    }, 
    "Ar40": {
        "error": 0.033568096798792926, 
        "filter_outliers_dict": {
            "filter_outliers": true, 
            "iterations": 1, 
            "std_devs": 2
        }, 
        "fit": "Linear", 
        "value": 253.12079174140132
    }, 
    "Ar41": {
        "error": 0.004798763978732992, 
        "filter_outliers_dict": {
            "filter_outliers": true, 
            "iterations": 1, 
            "std_devs": 2
        }, 
        "fit": "Average", 
        "value": 0.0973490378489815
    }
}