{
    "Ar36": {
        "error": 0.00018248045196847532, 
        "filter_outliers_dict": {
            "filter_outliers": true, 
            "iterations": 1, 
            "std_devs": 2
        }, 
        "fit": "Linear", 
        "value": 0.00338376046077567
    }, 
    "Ar37": {
        "error": 0.01001868998826594, 
        "filter_outliers_dict": {
            "filter_outliers": true, 
            "iterations": 1, 
            "std_devs": 2
        }, 
        "fit": "linear", 
        "value": 0.5589366967382472
    }, 
    "Ar38": {
        "error": 0.004914491657410192, 
        "filter_outliers_dict": {
            "filter_outliers": true, 
            "iterations": 1, 
            "std_devs": 2
        }, 
        "fit": "linear", 
        "value": 0.7468439718598299
    }, 
    "Ar39": {
        "error": 0.01741806177162775, 
        "filter_outliers_dict": {
            "filter_outliers": true, 
            "iterations": 1, 
            "std_devs": 2
        }, 
        "fit": "Linear", 
        "value": 56.365341494660385
    }, 
    "Ar40": {
        "error": 0.03601382009301359, 
        "filter_outliers_dict": {
            "filter_outliers": true, 
            "iterations": 1, 
            "std_devs": 2
        }, 
        "fit": "Linear", 
        "value": 363.5786148561058
    }, 
    "Ar41": {
        "error": 0.0037779426295845558, 
        "filter_outliers_dict": {
            "filter_outliers": true, 
            "iterations": 1, 
            "std_devs": 2
        }, 
        "fit": "Average", 
        "value": 0.09878130880795546
    }
}