{
    "Ar36": {
        "error": 0.00016562575287038203, 
        "filter_outliers_dict": {
            "filter_outliers": true, 
            "iterations": 1, 
            "std_devs": 2
        }, 
        "fit": "Linear", 
        "value": 0.004259898199695651
    }, 
    "Ar37": {
        "error": 0.010223686149696274, 
        "filter_outliers_dict": {
            "filter_outliers": true, 
            "iterations": 1, 
            "std_devs": 2
        }, 
        "fit": "linear", 
        "value": 0.49609178789995667
    }, 
    "Ar38": {
        "error": 0.004433088015575722, 
        "filter_outliers_dict": {
            "filter_outliers": true, 
            "iterations": 1, 
            "std_devs": 2
        }, 
        "fit": "linear", 
        "value": 0.921196943770226
    }, 
    "Ar39": {
        "error": 0.01856919783972687, 
        "filter_outliers_dict": {
            "filter_outliers": true, 
            "iterations": 1, 
            "std_devs": 2
        }, 
        "fit": "Linear", 
        "value": 69.39442884155025
    }, 
    "Ar40": {
        "error": 0.0360600678303504, 
        "filter_outliers_dict": {
            "filter_outliers": true, 
            "iterations": 1, 
            "std_devs": 2
        }, 
        "fit": "Linear", 
        "value": 452.34127325505574
    }, 
    "Ar41": {
        "error": 0.004799785463792345, 
        "filter_outliers_dict": {
            "filter_outliers": true, 
            "iterations": 1, 
            "std_devs": 2
        }, 
        "fit": "Average", 
        "value": 0.09196840906586604
    }
}