{
    "Ar36": {
        "error": 0.0001696884431708973, 
        "filter_outliers_dict": {
            "filter_outliers": true, 
            "iterations": 1, 
            "std_devs": 2
        }, 
        "fit": "Linear", 
        "value": 0.003298438066260298
    }, 
    "Ar37": {
        "error": 0.00987863456564627, 
        "filter_outliers_dict": {
            "filter_outliers": true, 
            "iterations": 1, 
            "std_devs": 2
        }, 
        "fit": "linear", 
        "value": 0.4268367575147032
    }, 
    "Ar38": {
        "error": 0.004970160878003966, 
        "filter_outliers_dict": {
            "filter_outliers": true, 
            "iterations": 1, 
            "std_devs": 2
        }, 
        "fit": "linear", 
        "value": 1.1079475191607655
    }, 
    "Ar39": {
        "error": 0.018995078064769678, 
        "filter_outliers_dict": {
            "filter_outliers": true, 
            "iterations": 1, 
            "std_devs": 2
        }, 
        "fit": "Linear", 
        "value": 83.50796585095712
    }, 
    "Ar40": {
        "error": 0.045235304782248735, 
        "filter_outliers_dict": {
            "filter_outliers": true, 
            "iterations": 1, 
            "std_devs": 2
        }, 
        "fit": "Linear", 
        "value": 577.7950241780753
    }, 
    "Ar41": {
        "error": 0.004841728024964112, 
        "filter_outliers_dict": {
            "filter_outliers": true, 
            "iterations": 1, 
            "std_devs": 2
        }, 
        "fit": "Average", 
        "value": 0.13981005243256533
    }
}