{
    "Ar36": {
        "error": 0.000480631832942573, 
        "filter_outliers_dict": {
            "filter_outliers": true, 
            "iterations": 1, 
            "std_devs": 2
        }, 
        "fit": "Linear", 
        "value": 0.0352608684515976
    }, 
    "Ar37": {
        "error": 0.010120312649128499, 
        "filter_outliers_dict": {
            "filter_outliers": true, 
            "iterations": 1, 
            "std_devs": 2
        }, 
        "fit": "linear", 
        "value": 0.203048982786794
    }, 
    "Ar38": {
        "error": 0.0055294601331715995, 
        "filter_outliers_dict": {
            "filter_outliers": true, 
            "iterations": 1, 
            "std_devs": 2
        }, 
        "fit": "linear", 
        "value": 0.9901960513346809
    }, 
    "Ar39": {
        "error": 0.017273560966516353, 
        "filter_outliers_dict": {
            "filter_outliers": true, 
            "iterations": 1, 
            "std_devs": 2
        }, 
        "fit": "Linear", 
        "value": 69.68533526833427
    }, 
    "Ar40": {
        "error": 0.010434012776096294, 
        "filter_outliers_dict": {
            "filter_outliers": true, 
            "iterations": 1, 
            "std_devs": 2
        }, 
        "fit": "Linear", 
        "value": 5112.65238501833
    }, 
    "Ar41": {
        "error": 0.005800870147108079, 
        "filter_outliers_dict": {
            "filter_outliers": true, 
            "iterations": 1, 
            "std_devs": 2
        }, 
        "fit": "Average", 
        "value": 0.7083986497743577
    }
}