{
    "Ar36": {
        "error": 0.00017684355096610668, 
        "filter_outliers_dict": {
            "filter_outliers": true, 
            "iterations": 1, 
            "std_devs": 2
        }, 
        "fit": "Linear", 
        "value": 0.0038598897712298725
    }, 
    "Ar37": {
        "error": 0.01018189565137394, 
        "filter_outliers_dict": {
            "filter_outliers": true, 
            "iterations": 1, 
            "std_devs": 2
        }, 
        "fit": "linear", 
        "value": 0.6617745225032995
    }, 
    "Ar38": {
        "error": 0.005240970769685436, 
        "filter_outliers_dict": {
            "filter_outliers": true, 
            "iterations": 1, 
            "std_devs": 2
        }, 
        "fit": "linear", 
        "value": 0.526162249594287
    }, 
    "Ar39": {
        "error": 0.015620746664925552, 
        "filter_outliers_dict": {
            "filter_outliers": true, 
            "iterations": 1, 
            "std_devs": 2
        }, 
        "fit": "Linear", 
        "value": 39.41299391831309
    }, 
    "Ar40": {
        "error": 0.02680161896545159, 
        "filter_outliers_dict": {
            "filter_outliers": true, 
            "iterations": 1, 
            "std_devs": 2
        }, 
        "fit": "Linear", 
        "value": 210.25076316507096
    }, 
    "Ar41": {
        "error": 0.004478989819032485, 
        "filter_outliers_dict": {
            "filter_outliers": true, 
            "iterations": 1, 
            "std_devs": 2
        }, 
        "fit": "Average", 
        "value": 0.07545894645680395
    }
}