{
    "Ar36": {
        "error": 0.0002934212183814998, 
        "filter_outliers_dict": {
            "filter_outliers": true, 
            "iterations": 1, 
            "std_devs": 2
        }, 
        "fit": "Linear", 
        "value": 0.013618737458324414
    }, 
    "Ar37": {
        "error": 0.008601933289294223, 
        "filter_outliers_dict": {
            "filter_outliers": true, 
            "iterations": 1, 
            "std_devs": 2
        }, 
        "fit": "linear", 
        "value": 0.5109381101981083
    }, 
    "Ar38": {
        "error": 0.0045927489042922685, 
        "filter_outliers_dict": {
            "filter_outliers": true, 
            "iterations": 1, 
            "std_devs": 2
        }, 
        "fit": "linear", 
        "value": 0.7988614229248212
    }, 
    "Ar39": {
        "error": 0.018292947892582838, 
        "filter_outliers_dict": {
            "filter_outliers": true, 
            "iterations": 1, 
            "std_devs": 2
        }, 
        "fit": "Linear", 
        "value": 61.219906275281346
    }, 
    "Ar40": {
        "error": 0.0441031404461167, 
        "filter_outliers_dict": {
            "filter_outliers": true, 
            "iterations": 1, 
            "std_devs": 2
        }, 
        "fit": "Linear", 
        "value": 395.71047172402285
    }, 
    "Ar41": {
        "error": 0.005018955318425135, 
        "filter_outliers_dict": {
            "filter_outliers": true, 
            "iterations": 1, 
            "std_devs": 2
        }, 
        "fit": "Average", 
        "value": 0.08261645172671905
    }
}