{
    "Ar36": {
        "error": 0.00015880340132653323, 
        "filter_outliers_dict": {
            "filter_outliers": true, 
            "iterations": 1, 
            "std_devs": 2
        }, 
        "fit": "Linear", 
        "value": 0.003905269597057957
    }, 
    "Ar37": {
        "error": 0.009696585292094587, 
        "filter_outliers_dict": {
            "filter_outliers": true, 
            "iterations": 1, 
            "std_devs": 2
        }, 
        "fit": "linear", 
        "value": 0.5431665784605277
    }, 
    "Ar38": {
        "error": 0.004400198916474383, 
        "filter_outliers_dict": {
            "filter_outliers": true, 
            "iterations": 1, 
            "std_devs": 2
        }, 
        "fit": "linear", 
        "value": 0.3767275125428753
    }, 
    "Ar39": {
        "error": 0.013772884827219754, 
        "filter_outliers_dict": {
            "filter_outliers": true, 
            "iterations": 1, 
            "std_devs": 2
        }, 
        "fit": "Linear", 
        "value": 28.42913082021068
    }, 
    "Ar40": {
        "error": 0.022376084304967805, 
        "filter_outliers_dict": {
            "filter_outliers": true, 
            "iterations": 1, 
            "std_devs": 2
        }, 
        "fit": "Linear", 
        "value": 156.40975551388422
    }, 
    "Ar41": {
        "error": 0.004747590481718934, 
        "filter_outliers_dict": {
            "filter_outliers": true, 
            "iterations": 1, 
            "std_devs": 2
        }, 
        "fit": "Average", 
        "value": 0.07869630018723832
    }
}