{
    "Ar36": {
        "error": 0.00013865219242189085, 
        "filter_outliers_dict": {
            "filter_outliers": true, 
            "iterations": 1, 
            "std_devs": 2
        }, 
        "fit": "Linear", 
        "value": 0.0026042224249782815
    }, 
    "Ar37": {
        "error": 0.011094321448822235, 
        "filter_outliers_dict": {
            "filter_outliers": true, 
            "iterations": 1, 
            "std_devs": 2
        }, 
        "fit": "linear", 
        "value": 0.27976632969084064
    }, 
    "Ar38": {
        "error": 0.0035604772747125234, 
        "filter_outliers_dict": {
            "filter_outliers": true, 
            "iterations": 1, 
            "std_devs": 2
        }, 
        "fit": "linear", 
        "value": 0.22623504667005853
    }, 
    "Ar39": {
        "error": 0.01324497617188427, 
        "filter_outliers_dict": {
            "filter_outliers": true, 
            "iterations": 1, 
            "std_devs": 2
        }, 
        "fit": "Linear", 
        "value": 17.096900905443086
    }, 
    "Ar40": {
        "error": 0.01713315747732724, 
        "filter_outliers_dict": {
            "filter_outliers": true, 
            "iterations": 1, 
            "std_devs": 2
        }, 
        "fit": "Linear", 
        "value": 83.77214798128401
    }, 
    "Ar41": {
        "error": 0.003859327665068806, 
        "filter_outliers_dict": {
            "filter_outliers": true, 
            "iterations": 1, 
            "std_devs": 2
        }, 
        "fit": "Average", 
        "value": 0.07352528397875602
    }
}