{
    "Ar36": {
        "error": 0.00015771507720094134, 
        "filter_outliers_dict": {
            "filter_outliers": true, 
            "iterations": 1, 
            "std_devs": 2
        }, 
        "fit": "Linear", 
        "value": 0.0034370276054298803
    }, 
    "Ar37": {
        "error": 0.00933037528662637, 
        "filter_outliers_dict": {
            "filter_outliers": true, 
            "iterations": 1, 
            "std_devs": 2
        }, 
        "fit": "linear", 
        "value": 0.25143751744419807
    }, 
    "Ar38": {
        "error": 0.004654987252714513, 
        "filter_outliers_dict": {
            "filter_outliers": true, 
            "iterations": 1, 
            "std_devs": 2
        }, 
        "fit": "linear", 
        "value": 0.43922669775513623
    }, 
    "Ar39": {
        "error": 0.013796933276206217, 
        "filter_outliers_dict": {
            "filter_outliers": true, 
            "iterations": 1, 
            "std_devs": 2
        }, 
        "fit": "Linear", 
        "value": 33.416299220043825
    }, 
    "Ar40": {
        "error": 0.023039535953460293, 
        "filter_outliers_dict": {
            "filter_outliers": true, 
            "iterations": 1, 
            "std_devs": 2
        }, 
        "fit": "Linear", 
        "value": 208.0186418539619
    }, 
    "Ar41": {
        "error": 0.004597096041809069, 
        "filter_outliers_dict": {
            "filter_outliers": true, 
            "iterations": 1, 
            "std_devs": 2
        }, 
        "fit": "Average", 
        "value": 0.09544576607984646
    }
}