{
    "Ar36": {
        "error": 0.0002166207182163353, 
        "filter_outliers_dict": {
            "filter_outliers": true, 
            "iterations": 1, 
            "std_devs": 2
        }, 
        "fit": "Linear", 
        "value": 0.005655167413440674
    }, 
    "Ar37": {
        "error": 0.010829147669375767, 
        "filter_outliers_dict": {
            "filter_outliers": true, 
            "iterations": 1, 
            "std_devs": 2
        }, 
        "fit": "linear", 
        "value": 0.7411572252305635
    }, 
    "Ar38": {
        "error": 0.004550140875579108, 
        "filter_outliers_dict": {
            "filter_outliers": true, 
            "iterations": 1, 
            "std_devs": 2
        }, 
        "fit": "linear", 
        "value": 0.43597576126701926
    }, 
    "Ar39": {
        "error": 0.013971554668622849, 
        "filter_outliers_dict": {
            "filter_outliers": true, 
            "iterations": 1, 
            "std_devs": 2
        }, 
        "fit": "Linear", 
        "value": 32.284204693546535
    }, 
    "Ar40": {
        "error": 0.026818938757767807, 
        "filter_outliers_dict": {
            "filter_outliers": true, 
            "iterations": 1, 
            "std_devs": 2
        }, 
        "fit": "Linear", 
        "value": 175.20089899653905
    }, 
    "Ar41": {
        "error": 0.004311163736756779, 
        "filter_outliers_dict": {
            "filter_outliers": true, 
            "iterations": 1, 
            "std_devs": 2
        }, 
        "fit": "Average", 
        "value": 0.07156808655115462
    }
}