{
    "Ar36": {
        "error": 0.00016563364338131913, 
        "filter_outliers_dict": {
            "filter_outliers": true, 
            "iterations": 1, 
            "std_devs": 2
        }, 
        "fit": "Linear", 
        "value": 0.0046606136543589855
    }, 
    "Ar37": {
        "error": 0.0110872731126704, 
        "filter_outliers_dict": {
            "filter_outliers": true, 
            "iterations": 1, 
            "std_devs": 2
        }, 
        "fit": "linear", 
        "value": 0.7652812280315271
    }, 
    "Ar38": {
        "error": 0.004326226102909799, 
        "filter_outliers_dict": {
            "filter_outliers": true, 
            "iterations": 1, 
            "std_devs": 2
        }, 
        "fit": "linear", 
        "value": 0.6524556813513429
    }, 
    "Ar39": {
        "error": 0.016001585516786578, 
        "filter_outliers_dict": {
            "filter_outliers": true, 
            "iterations": 1, 
            "std_devs": 2
        }, 
        "fit": "Linear", 
        "value": 49.84859262646674
    }, 
    "Ar40": {
        "error": 0.028034045457888127, 
        "filter_outliers_dict": {
            "filter_outliers": true, 
            "iterations": 1, 
            "std_devs": 2
        }, 
        "fit": "Linear", 
        "value": 274.6012120937278
    }, 
    "Ar41": {
        "error": 0.004188822191638155, 
        "filter_outliers_dict": {
            "filter_outliers": true, 
            "iterations": 1, 
            "std_devs": 2
        }, 
        "fit": "Average", 
        "value": 0.09544681061051202
    }
}