{
    "Ar36": {
        "error": 0.0002039254081334972, 
        "filter_outliers_dict": {
            "filter_outliers": true, 
            "iterations": 1, 
            "std_devs": 2
        }, 
        "fit": "Linear", 
        "value": 0.007245130010889601
    }, 
    "Ar37": {
        "error": 0.01017296577698331, 
        "filter_outliers_dict": {
            "filter_outliers": true, 
            "iterations": 1, 
            "std_devs": 2
        }, 
        "fit": "linear", 
        "value": 0.5723986429615493
    }, 
    "Ar38": {
        "error": 0.005043883220989567, 
        "filter_outliers_dict": {
            "filter_outliers": true, 
            "iterations": 1, 
            "std_devs": 2
        }, 
        "fit": "linear", 
        "value": 1.4768121340796418
    }, 
    "Ar39": {
        "error": 0.023113900575252973, 
        "filter_outliers_dict": {
            "filter_outliers": true, 
            "iterations": 1, 
            "std_devs": 2
        }, 
        "fit": "Linear", 
        "value": 112.0840247853182
    }, 
    "Ar40": {
        "error": 0.06543888934927841, 
        "filter_outliers_dict": {
            "filter_outliers": true, 
            "iterations": 1, 
            "std_devs": 2
        }, 
        "fit": "Linear", 
        "value": 803.3085872953747
    }, 
    "Ar41": {
        "error": 0.005088944030636969, 
        "filter_outliers_dict": {
            "filter_outliers": true, 
            "iterations": 1, 
            "std_devs": 2
        }, 
        "fit": "Average", 
        "value": 0.11748642188342552
    }
}