{
    "Ar36": {
        "error": 0.0002388896308756784, 
        "filter_outliers_dict": {
            "filter_outliers": true, 
            "iterations": 1, 
            "std_devs": 2
        }, 
        "fit": "Linear", 
        "value": 0.009741596483199385
    }, 
    "Ar37": {
        "error": 0.008529199654429128, 
        "filter_outliers_dict": {
            "filter_outliers": true, 
            "iterations": 1, 
            "std_devs": 2
        }, 
        "fit": "linear", 
        "value": 0.2134014530411532
    }, 
    "Ar38": {
        "error": 0.0037585033175724, 
        "filter_outliers_dict": {
            "filter_outliers": true, 
            "iterations": 1, 
            "std_devs": 2
        }, 
        "fit": "linear", 
        "value": 0.276132552674319
    }, 
    "Ar39": {
        "error": 0.012359290584298771, 
        "filter_outliers_dict": {
            "filter_outliers": true, 
            "iterations": 1, 
            "std_devs": 2
        }, 
        "fit": "Linear", 
        "value": 20.952476706682468
    }, 
    "Ar40": {
        "error": 0.030406325079323383, 
        "filter_outliers_dict": {
            "filter_outliers": true, 
            "iterations": 1, 
            "std_devs": 2
        }, 
        "fit": "Linear", 
        "value": 297.36978751110223
    }, 
    "Ar41": {
        "error": 0.004191597454671627, 
        "filter_outliers_dict": {
            "filter_outliers": true, 
            "iterations": 1, 
            "std_devs": 2
        }, 
        "fit": "Average", 
        "value": 0.09334411322318148
    }
}