{
    "Ar36": {
        "error": 0.00017667922392938156, 
        "filter_outliers_dict": {
            "filter_outliers": true, 
            "iterations": 1, 
            "std_devs": 2
        }, 
        "fit": "Linear", 
        "value": 0.003749735130575946
    }, 
    "Ar37": {
        "error": 0.011324401899776031, 
        "filter_outliers_dict": {
            "filter_outliers": true, 
            "iterations": 1, 
            "std_devs": 2
        }, 
        "fit": "linear", 
        "value": 0.5262588629743742
    }, 
    "Ar38": {
        "error": 0.0051103035272648915, 
        "filter_outliers_dict": {
            "filter_outliers": true, 
            "iterations": 1, 
            "std_devs": 2
        }, 
        "fit": "linear", 
        "value": 0.2533038155928339
    }, 
    "Ar39": {
        "error": 0.012713287362778464, 
        "filter_outliers_dict": {
            "filter_outliers": true, 
            "iterations": 1, 
            "std_devs": 2
        }, 
        "fit": "Linear", 
        "value": 18.607219759125424
    }, 
    "Ar40": {
        "error": 0.018007774501149845, 
        "filter_outliers_dict": {
            "filter_outliers": true, 
            "iterations": 1, 
            "std_devs": 2
        }, 
        "fit": "Linear", 
        "value": 100.33004463829715
    }, 
    "Ar41": {
        "error": 0.0042131283337987465, 
        "filter_outliers_dict": {
            "filter_outliers": true, 
            "iterations": 1, 
            "std_devs": 2
        }, 
        "fit": "Average", 
        "value": 0.0748657466655136
    }
}