{
    "Ar36": {
        "error": 0.00015193812817122657, 
        "filter_outliers_dict": {
            "filter_outliers": true, 
            "iterations": 1, 
            "std_devs": 2
        }, 
        "fit": "Linear", 
        "value": 0.0030613019273916927
    }, 
    "Ar37": {
        "error": 0.010337898470042177, 
        "filter_outliers_dict": {
            "filter_outliers": true, 
            "iterations": 1, 
            "std_devs": 2
        }, 
        "fit": "linear", 
        "value": 0.21496771924420444
    }, 
    "Ar38": {
        "error": 0.004712019580602205, 
        "filter_outliers_dict": {
            "filter_outliers": true, 
            "iterations": 1, 
            "std_devs": 2
        }, 
        "fit": "linear", 
        "value": 0.029629915997993705
    }, 
    "Ar39": {
        "error": 0.011756918281300903, 
        "filter_outliers_dict": {
            "filter_outliers": true, 
            "iterations": 1, 
            "std_devs": 2
        }, 
        "fit": "Linear", 
        "value": 2.684072465830574
    }, 
    "Ar40": {
        "error": 0.00986485680410876, 
        "filter_outliers_dict": {
            "filter_outliers": true, 
            "iterations": 1, 
            "std_devs": 2
        }, 
        "fit": "Linear", 
        "value": 14.355561236656982
    }, 
    "Ar41": {
        "error": 0.004642989058004709, 
        "filter_outliers_dict": {
            "filter_outliers": true, 
            "iterations": 1, 
            "std_devs": 2
        }, 
        "fit": "Average", 
        "value": 0.0729718378191494
    }
}