{
    "Ar36": {
        "error": 0.00014714527395953727, 
        "filter_outliers_dict": {
            "filter_outliers": true, 
            "iterations": 1, 
            "std_devs": 2
        }, 
        "fit": "Linear", 
        "value": 0.003179190087787923
    }, 
    "Ar37": {
        "error": 0.009867480592220096, 
        "filter_outliers_dict": {
            "filter_outliers": true, 
            "iterations": 1, 
            "std_devs": 2
        }, 
        "fit": "linear", 
        "value": 0.6305679691329141
    }, 
    "Ar38": {
        "error": 0.004453310454574101, 
        "filter_outliers_dict": {
            "filter_outliers": true, 
            "iterations": 1, 
            "std_devs": 2
        }, 
        "fit": "linear", 
        "value": 0.4521378738983338
    }, 
    "Ar39": {
        "error": 0.014059376757287063, 
        "filter_outliers_dict": {
            "filter_outliers": true, 
            "iterations": 1, 
            "std_devs": 2
        }, 
        "fit": "Linear", 
        "value": 34.050752557295695
    }, 
    "Ar40": {
        "error": 0.030528882019467064, 
        "filter_outliers_dict": {
            "filter_outliers": true, 
            "iterations": 1, 
            "std_devs": 2
        }, 
        "fit": "Linear", 
        "value": 183.77033042517354
    }, 
    "Ar41": {
        "error": 0.00455544391197361, 
        "filter_outliers_dict": {
            "filter_outliers": true, 
            "iterations": 1, 
            "std_devs": 2
        }, 
        "fit": "Average", 
        "value": 0.08772208220448327
    }
}