{
    "Ar36": {
        "error": 0.00015177686772369794, 
        "filter_outliers_dict": {
            "filter_outliers": true, 
            "iterations": 1, 
            "std_devs": 2
        }, 
        "fit": "Linear", 
        "value": 0.003014658850831177
    }, 
    "Ar37": {
        "error": 0.010577861000717156, 
        "filter_outliers_dict": {
            "filter_outliers": true, 
            "iterations": 1, 
            "std_devs": 2
        }, 
        "fit": "linear", 
        "value": 0.23083956892149782
    }, 
    "Ar38": {
        "error": 0.004754143610022917, 
        "filter_outliers_dict": {
            "filter_outliers": true, 
            "iterations": 1, 
            "std_devs": 2
        }, 
        "fit": "linear", 
        "value": 0.2962657235596702
    }, 
    "Ar39": {
        "error": 0.012086223718061909, 
        "filter_outliers_dict": {
            "filter_outliers": true, 
            "iterations": 1, 
            "std_devs": 2
        }, 
        "fit": "Linear", 
        "value": 22.126001805736074
    }, 
    "Ar40": {
        "error": 0.0210403590630729, 
        "filter_outliers_dict": {
            "filter_outliers": true, 
            "iterations": 1, 
            "std_devs": 2
        }, 
        "fit": "Linear", 
        "value": 158.5411972557067
    }, 
    "Ar41": {
        "error": 0.004715124410365109, 
        "filter_outliers_dict": {
            "filter_outliers": true, 
            "iterations": 1, 
            "std_devs": 2
        }, 
        "fit": "Average", 
        "value": 0.08405102664802326
    }
}