{
    "Ar36": {
        "error": 0.0001448659455638031, 
        "filter_outliers_dict": {
            "filter_outliers": true, 
            "iterations": 1, 
            "std_devs": 2
        }, 
        "fit": "Linear", 
        "value": 0.0029523398584665
    }, 
    "Ar37": {
        "error": 0.00938677922245607, 
        "filter_outliers_dict": {
            "filter_outliers": true, 
            "iterations": 1, 
            "std_devs": 2
        }, 
        "fit": "linear", 
        "value": 0.3833389270813811
    }, 
    "Ar38": {
        "error": 0.004047058718929812, 
        "filter_outliers_dict": {
            "filter_outliers": true, 
            "iterations": 1, 
            "std_devs": 2
        }, 
        "fit": "linear", 
        "value": 0.6427068220976981
    }, 
    "Ar39": {
        "error": 0.01602133740736384, 
        "filter_outliers_dict": {
            "filter_outliers": true, 
            "iterations": 1, 
            "std_devs": 2
        }, 
        "fit": "Linear", 
        "value": 48.269674198773174
    }, 
    "Ar40": {
        "error": 0.028237098166714478, 
        "filter_outliers_dict": {
            "filter_outliers": true, 
            "iterations": 1, 
            "std_devs": 2
        }, 
        "fit": "Linear", 
        "value": 314.8265754706462
    }, 
    "Ar41": {
        "error": 0.004782687285194556, 
        "filter_outliers_dict": {
            "filter_outliers": true, 
            "iterations": 1, 
            "std_devs": 2
        }, 
        "fit": "Average", 
        "value": 0.08259470926609723
    }
}