{
    "Ar36": {
        "error": 0.00014175968297339418, 
        "filter_outliers_dict": {
            "filter_outliers": true, 
            "iterations": 1, 
            "std_devs": 2
        }, 
        "fit": "Linear", 
        "value": 0.0029896291084243127
    }, 
    "Ar37": {
        "error": 0.010130449993864749, 
        "filter_outliers_dict": {
            "filter_outliers": true, 
            "iterations": 1, 
            "std_devs": 2
        }, 
        "fit": "linear", 
        "value": 0.4085329090908414
    }, 
    "Ar38": {
        "error": 0.004244497303716022, 
        "filter_outliers_dict": {
            "filter_outliers": true, 
            "iterations": 1, 
            "std_devs": 2
        }, 
        "fit": "linear", 
        "value": 0.2582260940213197
    }, 
    "Ar39": {
        "error": 0.013340583582908195, 
        "filter_outliers_dict": {
            "filter_outliers": true, 
            "iterations": 1, 
            "std_devs": 2
        }, 
        "fit": "Linear", 
        "value": 19.76893194431075
    }, 
    "Ar40": {
        "error": 0.020435005842961738, 
        "filter_outliers_dict": {
            "filter_outliers": true, 
            "iterations": 1, 
            "std_devs": 2
        }, 
        "fit": "Linear", 
        "value": 106.76532978593234
    }, 
    "Ar41": {
        "error": 0.004669831139086932, 
        "filter_outliers_dict": {
            "filter_outliers": true, 
            "iterations": 1, 
            "std_devs": 2
        }, 
        "fit": "Average", 
        "value": 0.09677512039056302
    }
}