{
    "Ar36": {
        "error": 0.00025828390845865796, 
        "filter_outliers_dict": {
            "filter_outliers": true, 
            "iterations": 1, 
            "std_devs": 2
        }, 
        "fit": "Linear", 
        "value": 0.011255250677791082
    }, 
    "Ar37": {
        "error": 0.009645463848175637, 
        "filter_outliers_dict": {
            "filter_outliers": true, 
            "iterations": 1, 
            "std_devs": 2
        }, 
        "fit": "linear", 
        "value": 0.3922031838062564
    }, 
    "Ar38": {
        "error": 0.004423783873054438, 
        "filter_outliers_dict": {
            "filter_outliers": true, 
            "iterations": 1, 
            "std_devs": 2
        }, 
        "fit": "linear", 
        "value": 0.7265699124628218
    }, 
    "Ar39": {
        "error": 0.014277896569199726, 
        "filter_outliers_dict": {
            "filter_outliers": true, 
            "iterations": 1, 
            "std_devs": 2
        }, 
        "fit": "Linear", 
        "value": 55.645727037409536
    }, 
    "Ar40": {
        "error": 0.06994085721192543, 
        "filter_outliers_dict": {
            "filter_outliers": true, 
            "iterations": 1, 
            "std_devs": 2
        }, 
        "fit": "Linear", 
        "value": 794.3787237763568
    }, 
    "Ar41": {
        "error": 0.004099820943750762, 
        "filter_outliers_dict": {
            "filter_outliers": true, 
            "iterations": 1, 
            "std_devs": 2
        }, 
        "fit": "Average", 
        "value": 0.11181842469480038
    }
}