{
    "Ar36": {
        "error": 0.00019413787291192163, 
        "filter_outliers_dict": {
            "filter_outliers": true, 
            "iterations": 1, 
            "std_devs": 2
        }, 
        "fit": "Linear", 
        "value": 0.005006595873256378
    }, 
    "Ar37": {
        "error": 0.00994642550197877, 
        "filter_outliers_dict": {
            "filter_outliers": true, 
            "iterations": 1, 
            "std_devs": 2
        }, 
        "fit": "linear", 
        "value": 0.8543102468181012
    }, 
    "Ar38": {
        "error": 0.004082335775522658, 
        "filter_outliers_dict": {
            "filter_outliers": true, 
            "iterations": 1, 
            "std_devs": 2
        }, 
        "fit": "linear", 
        "value": 0.7286606595368875
    }, 
    "Ar39": {
        "error": 0.014906484470693293, 
        "filter_outliers_dict": {
            "filter_outliers": true, 
            "iterations": 1, 
            "std_devs": 2
        }, 
        "fit": "Linear", 
        "value": 54.93383576955766
    }, 
    "Ar40": {
        "error": 0.03976040483478721, 
        "filter_outliers_dict": {
            "filter_outliers": true, 
            "iterations": 1, 
            "std_devs": 2
        }, 
        "fit": "Linear", 
        "value": 296.4836849016404
    }, 
    "Ar41": {
        "error": 0.004487957888187136, 
        "filter_outliers_dict": {
            "filter_outliers": true, 
            "iterations": 1, 
            "std_devs": 2
        }, 
        "fit": "Average", 
        "value": 0.08928873748569152
    }
}