{
    "Ar36": {
        "error": 0.0004917261435036657, 
        "filter_outliers_dict": {
            "filter_outliers": true, 
            "iterations": 1, 
            "std_devs": 2
        }, 
        "fit": "Linear", 
        "value": 0.04364097374030686
    }, 
    "Ar37": {
        "error": 0.010914118303544988, 
        "filter_outliers_dict": {
            "filter_outliers": true, 
            "iterations": 1, 
            "std_devs": 2
        }, 
        "fit": "linear", 
        "value": 1.1381502094529965
    }, 
    "Ar38": {
        "error": 0.0046349589586307345, 
        "filter_outliers_dict": {
            "filter_outliers": true, 
            "iterations": 1, 
            "std_devs": 2
        }, 
        "fit": "linear", 
        "value": 1.4238583788700718
    }, 
    "Ar39": {
        "error": 0.021393912138806377, 
        "filter_outliers_dict": {
            "filter_outliers": true, 
            "iterations": 1, 
            "std_devs": 2
        }, 
        "fit": "Linear", 
        "value": 107.7337114999954
    }, 
    "Ar40": {
        "error": 0.03876484729652826, 
        "filter_outliers_dict": {
            "filter_outliers": true, 
            "iterations": 1, 
            "std_devs": 2
        }, 
        "fit": "Linear", 
        "value": 504.6027735739972
    }, 
    "Ar41": {
        "error": 0.004504759612685411, 
        "filter_outliers_dict": {
            "filter_outliers": true, 
            "iterations": 1, 
            "std_devs": 2
        }, 
        "fit": "Average", 
        "value": 0.09511266514277009
    }
}