{
    "Ar36": {
        "error": 0.0001719922149949566, 
        "filter_outliers_dict": {
            "filter_outliers": true, 
            "iterations": 1, 
            "std_devs": 2
        }, 
        "fit": "Linear", 
        "value": 0.005052641078798657
    }, 
    "Ar37": {
        "error": 0.011456217104536167, 
        "filter_outliers_dict": {
            "filter_outliers": true, 
            "iterations": 1, 
            "std_devs": 2
        }, 
        "fit": "linear", 
        "value": 0.7134797706687676
    }, 
    "Ar38": {
        "error": 0.004427118782247412, 
        "filter_outliers_dict": {
            "filter_outliers": true, 
            "iterations": 1, 
            "std_devs": 2
        }, 
        "fit": "linear", 
        "value": 0.5515707926646906
    }, 
    "Ar39": {
        "error": 0.016352991919267926, 
        "filter_outliers_dict": {
            "filter_outliers": true, 
            "iterations": 1, 
            "std_devs": 2
        }, 
        "fit": "Linear", 
        "value": 41.99939438483951
    }, 
    "Ar40": {
        "error": 0.026995362913424414, 
        "filter_outliers_dict": {
            "filter_outliers": true, 
            "iterations": 1, 
            "std_devs": 2
        }, 
        "fit": "Linear", 
        "value": 224.68694403831736
    }, 
    "Ar41": {
        "error": 0.0038884054132308603, 
        "filter_outliers_dict": {
            "filter_outliers": true, 
            "iterations": 1, 
            "std_devs": 2
        }, 
        "fit": "Average", 
        "value": 0.0927365563984774
    }
}