{
    "Ar36": {
        "error": 0.00022139887106168343, 
        "filter_outliers_dict": {
            "filter_outliers": true, 
            "iterations": 1, 
            "std_devs": 2
        }, 
        "fit": "Linear", 
        "value": 0.008917244803949679
    }, 
    "Ar37": {
        "error": 0.010295637153261962, 
        "filter_outliers_dict": {
            "filter_outliers": true, 
            "iterations": 1, 
            "std_devs": 2
        }, 
        "fit": "linear", 
        "value": 0.4977665812174322
    }, 
    "Ar38": {
        "error": 0.005227884007631166, 
        "filter_outliers_dict": {
            "filter_outliers": true, 
            "iterations": 1, 
            "std_devs": 2
        }, 
        "fit": "linear", 
        "value": 1.2732026552180598
    }, 
    "Ar39": {
        "error": 0.02099820767886297, 
        "filter_outliers_dict": {
            "filter_outliers": true, 
            "iterations": 1, 
            "std_devs": 2
        }, 
        "fit": "Linear", 
        "value": 95.9974719997274
    }, 
    "Ar40": {
        "error": 0.05391539254046706, 
        "filter_outliers_dict": {
            "filter_outliers": true, 
            "iterations": 1, 
            "std_devs": 2
        }, 
        "fit": "Linear", 
        "value": 664.1050642888238
    }, 
    "Ar41": {
        "error": 0.004760412106149629, 
        "filter_outliers_dict": {
            "filter_outliers": true, 
            "iterations": 1, 
            "std_devs": 2
        }, 
        "fit": "Average", 
        "value": 0.09399470704980681
    }
}