{
    "Ar36": {
        "error": 0.00019577433666727393, 
        "filter_outliers_dict": {
            "filter_outliers": true, 
            "iterations": 1, 
            "std_devs": 2
        }, 
        "fit": "Linear", 
        "value": 0.005425585355523489
    }, 
    "Ar37": {
        "error": 0.00910273080176582, 
        "filter_outliers_dict": {
            "filter_outliers": true, 
            "iterations": 1, 
            "std_devs": 2
        }, 
        "fit": "linear", 
        "value": 0.5595990460965408
    }, 
    "Ar38": {
        "error": 0.003806587548480211, 
        "filter_outliers_dict": {
            "filter_outliers": true, 
            "iterations": 1, 
            "std_devs": 2
        }, 
        "fit": "linear", 
        "value": 0.48512515993537586
    }, 
    "Ar39": {
        "error": 0.01488947793602731, 
        "filter_outliers_dict": {
            "filter_outliers": true, 
            "iterations": 1, 
            "std_devs": 2
        }, 
        "fit": "Linear", 
        "value": 35.81792628237708
    }, 
    "Ar40": {
        "error": 0.026113294332835178, 
        "filter_outliers_dict": {
            "filter_outliers": true, 
            "iterations": 1, 
            "std_devs": 2
        }, 
        "fit": "Linear", 
        "value": 187.99067137745658
    }, 
    "Ar41": {
        "error": 0.004240723486478913, 
        "filter_outliers_dict": {
            "filter_outliers": true, 
            "iterations": 1, 
            "std_devs": 2
        }, 
        "fit": "Average", 
        "value": 0.09107460719534263
    }
}