{
    "Ar36": {
        "error": 0.00014974908373411967, 
        "filter_outliers_dict": {
            "filter_outliers": true, 
            "iterations": 1, 
            "std_devs": 2
        }, 
        "fit": "Linear", 
        "value": 0.0028163217172028497
    }, 
    "Ar37": {
        "error": 0.01068987956346065, 
        "filter_outliers_dict": {
            "filter_outliers": true, 
            "iterations": 1, 
            "std_devs": 2
        }, 
        "fit": "linear", 
        "value": 0.24025674349244247
    }, 
    "Ar38": {
        "error": 0.004060450207605611, 
        "filter_outliers_dict": {
            "filter_outliers": true, 
            "iterations": 1, 
            "std_devs": 2
        }, 
        "fit": "linear", 
        "value": 0.18636627331145306
    }, 
    "Ar39": {
        "error": 0.012268396949203023, 
        "filter_outliers_dict": {
            "filter_outliers": true, 
            "iterations": 1, 
            "std_devs": 2
        }, 
        "fit": "Linear", 
        "value": 13.868785501614717
    }, 
    "Ar40": {
        "error": 0.01590271709949869, 
        "filter_outliers_dict": {
            "filter_outliers": true, 
            "iterations": 1, 
            "std_devs": 2
        }, 
        "fit": "Linear", 
        "value": 85.81118252585917
    }, 
    "Ar41": {
        "error": 0.004428789372765087, 
        "filter_outliers_dict": {
            "filter_outliers": true, 
            "iterations": 1, 
            "std_devs": 2
        }, 
        "fit": "Average", 
        "value": 0.07796624535786453
    }
}