{
    "Ar36": {
        "error": 0.0008089822553623926, 
        "filter_outliers_dict": {
            "filter_outliers": true, 
            "iterations": 1, 
            "std_devs": 2
        }, 
        "fit": "Linear", 
        "value": 0.1073558804922937
    }, 
    "Ar37": {
        "error": 0.009449676934460327, 
        "filter_outliers_dict": {
            "filter_outliers": true, 
            "iterations": 1, 
            "std_devs": 2
        }, 
        "fit": "linear", 
        "value": 1.2170801937955809
    }, 
    "Ar38": {
        "error": 0.004318249492591959, 
        "filter_outliers_dict": {
            "filter_outliers": true, 
            "iterations": 1, 
            "std_devs": 2
        }, 
        "fit": "linear", 
        "value": 1.2534944279220532
    }, 
    "Ar39": {
        "error": 0.017922904573053726, 
        "filter_outliers_dict": {
            "filter_outliers": true, 
            "iterations": 1, 
            "std_devs": 2
        }, 
        "fit": "Linear", 
        "value": 93.77892965078772
    }, 
    "Ar40": {
        "error": 0.05688535163256455, 
        "filter_outliers_dict": {
            "filter_outliers": true, 
            "iterations": 1, 
            "std_devs": 2
        }, 
        "fit": "Linear", 
        "value": 544.601103612448
    }, 
    "Ar41": {
        "error": 0.004339242771062122, 
        "filter_outliers_dict": {
            "filter_outliers": true, 
            "iterations": 1, 
            "std_devs": 2
        }, 
        "fit": "Average", 
        "value": 0.11087536876713414
    }
}