{
    "Ar36": {
        "error": 0.000267683060645301, 
        "filter_outliers_dict": {
            "filter_outliers": true, 
            "iterations": 1, 
            "std_devs": 2
        }, 
        "fit": "Linear", 
        "value": 0.011087164170338122
    }, 
    "Ar37": {
        "error": 0.011669807907058445, 
        "filter_outliers_dict": {
            "filter_outliers": true, 
            "iterations": 1, 
            "std_devs": 2
        }, 
        "fit": "linear", 
        "value": 0.2594398317785579
    }, 
    "Ar38": {
        "error": 0.004614572472809389, 
        "filter_outliers_dict": {
            "filter_outliers": true, 
            "iterations": 1, 
            "std_devs": 2
        }, 
        "fit": "linear", 
        "value": 0.32657593951587294
    }, 
    "Ar39": {
        "error": 0.013252100880994154, 
        "filter_outliers_dict": {
            "filter_outliers": true, 
            "iterations": 1, 
            "std_devs": 2
        }, 
        "fit": "Linear", 
        "value": 24.648493337615506
    }, 
    "Ar40": {
        "error": 0.0765110477516124, 
        "filter_outliers_dict": {
            "filter_outliers": true, 
            "iterations": 1, 
            "std_devs": 2
        }, 
        "fit": "Linear", 
        "value": 945.2732545471057
    }, 
    "Ar41": {
        "error": 0.004789183355712533, 
        "filter_outliers_dict": {
            "filter_outliers": true, 
            "iterations": 1, 
            "std_devs": 2
        }, 
        "fit": "Average", 
        "value": 0.12327393272970955
    }
}