{
    "Ar36": {
        "error": 0.00015055784975233613, 
        "filter_outliers_dict": {
            "filter_outliers": true, 
            "iterations": 1, 
            "std_devs": 2
        }, 
        "fit": "Linear", 
        "value": 0.002832322239876959
    }, 
    "Ar37": {
        "error": 0.010485942987528746, 
        "filter_outliers_dict": {
            "filter_outliers": true, 
            "iterations": 1, 
            "std_devs": 2
        }, 
        "fit": "linear", 
        "value": 0.4922939827429632
    }, 
    "Ar38": {
        "error": 0.004513945177485591, 
        "filter_outliers_dict": {
            "filter_outliers": true, 
            "iterations": 1, 
            "std_devs": 2
        }, 
        "fit": "linear", 
        "value": 0.3232096378562539
    }, 
    "Ar39": {
        "error": 0.013303994396354614, 
        "filter_outliers_dict": {
            "filter_outliers": true, 
            "iterations": 1, 
            "std_devs": 2
        }, 
        "fit": "Linear", 
        "value": 24.57023839665724
    }, 
    "Ar40": {
        "error": 0.0179391625302643, 
        "filter_outliers_dict": {
            "filter_outliers": true, 
            "iterations": 1, 
            "std_devs": 2
        }, 
        "fit": "Linear", 
        "value": 117.23323298791067
    }, 
    "Ar41": {
        "error": 0.004552825361994574, 
        "filter_outliers_dict": {
            "filter_outliers": true, 
            "iterations": 1, 
            "std_devs": 2
        }, 
        "fit": "Average", 
        "value": 0.07804014410653688
    }
}