{
    "Ar36": {
        "error": 0.0001741336675528839, 
        "filter_outliers_dict": {
            "filter_outliers": true, 
            "iterations": 1, 
            "std_devs": 2
        }, 
        "fit": "Linear", 
        "value": 0.003153461321282185
    }, 
    "Ar37": {
        "error": 0.009145716443203984, 
        "filter_outliers_dict": {
            "filter_outliers": true, 
            "iterations": 1, 
            "std_devs": 2
        }, 
        "fit": "linear", 
        "value": 0.3755891939592711
    }, 
    "Ar38": {
        "error": 0.004549437019951238, 
        "filter_outliers_dict": {
            "filter_outliers": true, 
            "iterations": 1, 
            "std_devs": 2
        }, 
        "fit": "linear", 
        "value": 0.31080066370608994
    }, 
    "Ar39": {
        "error": 0.013981773002524211, 
        "filter_outliers_dict": {
            "filter_outliers": true, 
            "iterations": 1, 
            "std_devs": 2
        }, 
        "fit": "Linear", 
        "value": 22.95228415949643
    }, 
    "Ar40": {
        "error": 0.016291935645340275, 
        "filter_outliers_dict": {
            "filter_outliers": true, 
            "iterations": 1, 
            "std_devs": 2
        }, 
        "fit": "Linear", 
        "value": 112.1052455404109
    }, 
    "Ar41": {
        "error": 0.004864303851167107, 
        "filter_outliers_dict": {
            "filter_outliers": true, 
            "iterations": 1, 
            "std_devs": 2
        }, 
        "fit": "Average", 
        "value": 0.07374333008192359
    }
}