{
    "Ar36": {
        "error": 0.00025024293364106753, 
        "filter_outliers_dict": {
            "filter_outliers": true, 
            "iterations": 1, 
            "std_devs": 2
        }, 
        "fit": "Linear", 
        "value": 0.011293245202237803
    }, 
    "Ar37": {
        "error": 0.011198955083882172, 
        "filter_outliers_dict": {
            "filter_outliers": true, 
            "iterations": 1, 
            "std_devs": 2
        }, 
        "fit": "linear", 
        "value": 0.2401008030256221
    }, 
    "Ar38": {
        "error": 0.004466746747840709, 
        "filter_outliers_dict": {
            "filter_outliers": true, 
            "iterations": 1, 
            "std_devs": 2
        }, 
        "fit": "linear", 
        "value": 0.3571862838491303
    }, 
    "Ar39": {
        "error": 0.012578533712024817, 
        "filter_outliers_dict": {
            "filter_outliers": true, 
            "iterations": 1, 
            "std_devs": 2
        }, 
        "fit": "Linear", 
        "value": 26.913574112135947
    }, 
    "Ar40": {
        "error": 0.03792436135328778, 
        "filter_outliers_dict": {
            "filter_outliers": true, 
            "iterations": 1, 
            "std_devs": 2
        }, 
        "fit": "Linear", 
        "value": 370.2145480862659
    }, 
    "Ar41": {
        "error": 0.004444052903791277, 
        "filter_outliers_dict": {
            "filter_outliers": true, 
            "iterations": 1, 
            "std_devs": 2
        }, 
        "fit": "Average", 
        "value": 0.08809572114078928
    }
}