{
    "Ar36": {
        "error": 0.00017784018757817046, 
        "filter_outliers_dict": {
            "filter_outliers": true, 
            "iterations": 1, 
            "std_devs": 2
        }, 
        "fit": "Linear", 
        "value": 0.006023846776931515
    }, 
    "Ar37": {
        "error": 0.00967035596575018, 
        "filter_outliers_dict": {
            "filter_outliers": true, 
            "iterations": 1, 
            "std_devs": 2
        }, 
        "fit": "linear", 
        "value": 0.689709267288238
    }, 
    "Ar38": {
        "error": 0.005526977913252405, 
        "filter_outliers_dict": {
            "filter_outliers": true, 
            "iterations": 1, 
            "std_devs": 2
        }, 
        "fit": "linear", 
        "value": 1.2585864677179814
    }, 
    "Ar39": {
        "error": 0.019926469220283672, 
        "filter_outliers_dict": {
            "filter_outliers": true, 
            "iterations": 1, 
            "std_devs": 2
        }, 
        "fit": "Linear", 
        "value": 95.03428184929791
    }, 
    "Ar40": {
        "error": 0.050597758043665286, 
        "filter_outliers_dict": {
            "filter_outliers": true, 
            "iterations": 1, 
            "std_devs": 2
        }, 
        "fit": "Linear", 
        "value": 615.0458232241228
    }, 
    "Ar41": {
        "error": 0.004737586111901817, 
        "filter_outliers_dict": {
            "filter_outliers": true, 
            "iterations": 1, 
            "std_devs": 2
        }, 
        "fit": "Average", 
        "value": 0.10870395680682504
    }
}