{
    "Ar36": {
        "error": 0.00015508572932490362, 
        "filter_outliers_dict": {
            "filter_outliers": true, 
            "iterations": 1, 
            "std_devs": 2
        }, 
        "fit": "Linear", 
        "value": 0.0036591030010988857
    }, 
    "Ar37": {
        "error": 0.010235833901098926, 
        "filter_outliers_dict": {
            "filter_outliers": true, 
            "iterations": 1, 
            "std_devs": 2
        }, 
        "fit": "linear", 
        "value": 0.759812079473061
    }, 
    "Ar38": {
        "error": 0.004301432412777559, 
        "filter_outliers_dict": {
            "filter_outliers": true, 
            "iterations": 1, 
            "std_devs": 2
        }, 
        "fit": "linear", 
        "value": 0.6708177245351927
    }, 
    "Ar39": {
        "error": 0.01671133522758249, 
        "filter_outliers_dict": {
            "filter_outliers": true, 
            "iterations": 1, 
            "std_devs": 2
        }, 
        "fit": "Linear", 
        "value": 51.50620198477496
    }, 
    "Ar40": {
        "error": 0.03208975681684272, 
        "filter_outliers_dict": {
            "filter_outliers": true, 
            "iterations": 1, 
            "std_devs": 2
        }, 
        "fit": "Linear", 
        "value": 279.19579122570974
    }, 
    "Ar41": {
        "error": 0.003924414467490739, 
        "filter_outliers_dict": {
            "filter_outliers": true, 
            "iterations": 1, 
            "std_devs": 2
        }, 
        "fit": "Average", 
        "value": 0.0960731727702949
    }
}