{
    "Ar36": {
        "error": 0.00019685080336042217, 
        "filter_outliers_dict": {
            "filter_outliers": true, 
            "iterations": 1, 
            "std_devs": 2
        }, 
        "fit": "Linear", 
        "value": 0.006157942129908766
    }, 
    "Ar37": {
        "error": 0.010097630149502147, 
        "filter_outliers_dict": {
            "filter_outliers": true, 
            "iterations": 1, 
            "std_devs": 2
        }, 
        "fit": "linear", 
        "value": 0.6799658082405872
    }, 
    "Ar38": {
        "error": 0.005025370910658353, 
        "filter_outliers_dict": {
            "filter_outliers": true, 
            "iterations": 1, 
            "std_devs": 2
        }, 
        "fit": "linear", 
        "value": 0.5945553012897349
    }, 
    "Ar39": {
        "error": 0.015494330709377762, 
        "filter_outliers_dict": {
            "filter_outliers": true, 
            "iterations": 1, 
            "std_devs": 2
        }, 
        "fit": "Linear", 
        "value": 45.093141835447376
    }, 
    "Ar40": {
        "error": 0.03408967347151621, 
        "filter_outliers_dict": {
            "filter_outliers": true, 
            "iterations": 1, 
            "std_devs": 2
        }, 
        "fit": "Linear", 
        "value": 248.6484366252687
    }, 
    "Ar41": {
        "error": 0.0044882812545653135, 
        "filter_outliers_dict": {
            "filter_outliers": true, 
            "iterations": 1, 
            "std_devs": 2
        }, 
        "fit": "Average", 
        "value": 0.08493766987020675
    }
}