{
    "Ar36": {
        "error": 0.00016887577966305783, 
        "filter_outliers_dict": {
            "filter_outliers": true, 
            "iterations": 1, 
            "std_devs": 2
        }, 
        "fit": "Linear", 
        "value": 0.0029927448493457507
    }, 
    "Ar37": {
        "error": 0.010381969667465686, 
        "filter_outliers_dict": {
            "filter_outliers": true, 
            "iterations": 1, 
            "std_devs": 2
        }, 
        "fit": "linear", 
        "value": 0.35435220434081016
    }, 
    "Ar38": {
        "error": 0.0039466296498935705, 
        "filter_outliers_dict": {
            "filter_outliers": true, 
            "iterations": 1, 
            "std_devs": 2
        }, 
        "fit": "linear", 
        "value": 0.21519084855394893
    }, 
    "Ar39": {
        "error": 0.013573320347913061, 
        "filter_outliers_dict": {
            "filter_outliers": true, 
            "iterations": 1, 
            "std_devs": 2
        }, 
        "fit": "Linear", 
        "value": 15.49746713688837
    }, 
    "Ar40": {
        "error": 0.01744146220492276, 
        "filter_outliers_dict": {
            "filter_outliers": true, 
            "iterations": 1, 
            "std_devs": 2
        }, 
        "fit": "Linear", 
        "value": 83.85564511159062
    }, 
    "Ar41": {
        "error": 0.004697378900708278, 
        "filter_outliers_dict": {
            "filter_outliers": true, 
            "iterations": 1, 
            "std_devs": 2
        }, 
        "fit": "Average", 
        "value": 0.07691140802693375
    }
}