{
    "Ar36": {
        "error": 0.0001438302854127924, 
        "filter_outliers_dict": {
            "filter_outliers": true, 
            "iterations": 1, 
            "std_devs": 2
        }, 
        "fit": "Linear", 
        "value": 0.003337676344436504
    }, 
    "Ar37": {
        "error": 0.009714876907731795, 
        "filter_outliers_dict": {
            "filter_outliers": true, 
            "iterations": 1, 
            "std_devs": 2
        }, 
        "fit": "linear", 
        "value": 0.4079241176688415
    }, 
    "Ar38": {
        "error": 0.004005825042951739, 
        "filter_outliers_dict": {
            "filter_outliers": true, 
            "iterations": 1, 
            "std_devs": 2
        }, 
        "fit": "linear", 
        "value": 0.29707661800625385
    }, 
    "Ar39": {
        "error": 0.014977245826771087, 
        "filter_outliers_dict": {
            "filter_outliers": true, 
            "iterations": 1, 
            "std_devs": 2
        }, 
        "fit": "Linear", 
        "value": 21.862252848520267
    }, 
    "Ar40": {
        "error": 0.017415312751238768, 
        "filter_outliers_dict": {
            "filter_outliers": true, 
            "iterations": 1, 
            "std_devs": 2
        }, 
        "fit": "Linear", 
        "value": 68.32807374985134
    }, 
    "Ar41": {
        "error": 0.0049998087779518675, 
        "filter_outliers_dict": {
            "filter_outliers": true, 
            "iterations": 1, 
            "std_devs": 2
        }, 
        "fit": "Average", 
        "value": 0.07304418504060438
    }
}