{
    "Ar36": {
        "error": 0.00023138688760019566, 
        "filter_outliers_dict": {
            "filter_outliers": true, 
            "iterations": 1, 
            "std_devs": 2
        }, 
        "fit": "Linear", 
        "value": 0.008985820916345023
    }, 
    "Ar37": {
        "error": 0.010776495753842196, 
        "filter_outliers_dict": {
            "filter_outliers": true, 
            "iterations": 1, 
            "std_devs": 2
        }, 
        "fit": "linear", 
        "value": 0.9085404783534414
    }, 
    "Ar38": {
        "error": 0.004697697277834136, 
        "filter_outliers_dict": {
            "filter_outliers": true, 
            "iterations": 1, 
            "std_devs": 2
        }, 
        "fit": "linear", 
        "value": 0.7733920057107296
    }, 
    "Ar39": {
        "error": 0.01556613653834467, 
        "filter_outliers_dict": {
            "filter_outliers": true, 
            "iterations": 1, 
            "std_devs": 2
        }, 
        "fit": "Linear", 
        "value": 58.485932723156004
    }, 
    "Ar40": {
        "error": 0.03081303115327301, 
        "filter_outliers_dict": {
            "filter_outliers": true, 
            "iterations": 1, 
            "std_devs": 2
        }, 
        "fit": "Linear", 
        "value": 317.0346666668497
    }, 
    "Ar41": {
        "error": 0.004894331797419443, 
        "filter_outliers_dict": {
            "filter_outliers": true, 
            "iterations": 1, 
            "std_devs": 2
        }, 
        "fit": "Average", 
        "value": 0.09737464543617803
    }
}