{
    "Ar36": {
        "error": 0.00016324620040726674, 
        "filter_outliers_dict": {
            "filter_outliers": true, 
            "iterations": 1, 
            "std_devs": 2
        }, 
        "fit": "Linear", 
        "value": 0.005106985628621996
    }, 
    "Ar37": {
        "error": 0.009713471246268212, 
        "filter_outliers_dict": {
            "filter_outliers": true, 
            "iterations": 1, 
            "std_devs": 2
        }, 
        "fit": "linear", 
        "value": 0.2980552593612196
    }, 
    "Ar38": {
        "error": 0.004292741394498884, 
        "filter_outliers_dict": {
            "filter_outliers": true, 
            "iterations": 1, 
            "std_devs": 2
        }, 
        "fit": "linear", 
        "value": 0.5849592865447975
    }, 
    "Ar39": {
        "error": 0.01685976014041789, 
        "filter_outliers_dict": {
            "filter_outliers": true, 
            "iterations": 1, 
            "std_devs": 2
        }, 
        "fit": "Linear", 
        "value": 44.262595841333415
    }, 
    "Ar40": {
        "error": 0.046910778679725686, 
        "filter_outliers_dict": {
            "filter_outliers": true, 
            "iterations": 1, 
            "std_devs": 2
        }, 
        "fit": "Linear", 
        "value": 619.4278553850309
    }, 
    "Ar41": {
        "error": 0.0045764625686742395, 
        "filter_outliers_dict": {
            "filter_outliers": true, 
            "iterations": 1, 
            "std_devs": 2
        }, 
        "fit": "Average", 
        "value": 0.10414987763783347
    }
}