{
    "Ar36": {
        "error": 0.00015367127604277162, 
        "filter_outliers_dict": {
            "filter_outliers": true, 
            "iterations": 1, 
            "std_devs": 2
        }, 
        "fit": "Linear", 
        "value": 0.002887023986783036
    }, 
    "Ar37": {
        "error": 0.009371928881042161, 
        "filter_outliers_dict": {
            "filter_outliers": true, 
            "iterations": 1, 
            "std_devs": 2
        }, 
        "fit": "linear", 
        "value": 0.47866396417106305
    }, 
    "Ar38": {
        "error": 0.004447666085343113, 
        "filter_outliers_dict": {
            "filter_outliers": true, 
            "iterations": 1, 
            "std_devs": 2
        }, 
        "fit": "linear", 
        "value": 0.30632950566963957
    }, 
    "Ar39": {
        "error": 0.013694824026108218, 
        "filter_outliers_dict": {
            "filter_outliers": true, 
            "iterations": 1, 
            "std_devs": 2
        }, 
        "fit": "Linear", 
        "value": 23.06622195456225
    }, 
    "Ar40": {
        "error": 0.019741441777628085, 
        "filter_outliers_dict": {
            "filter_outliers": true, 
            "iterations": 1, 
            "std_devs": 2
        }, 
        "fit": "Linear", 
        "value": 124.63049971605916
    }, 
    "Ar41": {
        "error": 0.004218653021624849, 
        "filter_outliers_dict": {
            "filter_outliers": true, 
            "iterations": 1, 
            "std_devs": 2
        }, 
        "fit": "Average", 
        "value": 0.07600724085671004
    }
}