{
    "Ar36": {
        "error": 0.00025577170500490137, 
        "filter_outliers_dict": {
            "filter_outliers": true, 
            "iterations": 1, 
            "std_devs": 2
        }, 
        "fit": "Linear", 
        "value": 0.011008793960269884
    }, 
    "Ar37": {
        "error": 0.009526766310365628, 
        "filter_outliers_dict": {
            "filter_outliers": true, 
            "iterations": 1, 
            "std_devs": 2
        }, 
        "fit": "linear", 
        "value": 0.8209268318123681
    }, 
    "Ar38": {
        "error": 0.003793812115159919, 
        "filter_outliers_dict": {
            "filter_outliers": true, 
            "iterations": 1, 
            "std_devs": 2
        }, 
        "fit": "linear", 
        "value": 0.6631596387539056
    }, 
    "Ar39": {
        "error": 0.01613165415996733, 
        "filter_outliers_dict": {
            "filter_outliers": true, 
            "iterations": 1, 
            "std_devs": 2
        }, 
        "fit": "Linear", 
        "value": 50.10433625630801
    }, 
    "Ar40": {
        "error": 0.0346831867694543, 
        "filter_outliers_dict": {
            "filter_outliers": true, 
            "iterations": 1, 
            "std_devs": 2
        }, 
        "fit": "Linear", 
        "value": 272.278958331668
    }, 
    "Ar41": {
        "error": 0.004550010750475757, 
        "filter_outliers_dict": {
            "filter_outliers": true, 
            "iterations": 1, 
            "std_devs": 2
        }, 
        "fit": "Average", 
        "value": 0.11015089095757562
    }
}