{
    "Ar36": {
        "error": 0.00013038688674960205, 
        "filter_outliers_dict": {
            "filter_outliers": true, 
            "iterations": 1, 
            "std_devs": 2
        }, 
        "fit": "Linear", 
        "value": 0.002561291523550166
    }, 
    "Ar37": {
        "error": 0.009771291189090144, 
        "filter_outliers_dict": {
            "filter_outliers": true, 
            "iterations": 1, 
            "std_devs": 2
        }, 
        "fit": "linear", 
        "value": 0.30302562532683214
    }, 
    "Ar38": {
        "error": 0.005387659774614201, 
        "filter_outliers_dict": {
            "filter_outliers": true, 
            "iterations": 1, 
            "std_devs": 2
        }, 
        "fit": "linear", 
        "value": 0.42374281339538866
    }, 
    "Ar39": {
        "error": 0.014762704638187763, 
        "filter_outliers_dict": {
            "filter_outliers": true, 
            "iterations": 1, 
            "std_devs": 2
        }, 
        "fit": "Linear", 
        "value": 31.70921747188192
    }, 
    "Ar40": {
        "error": 0.04053290465142778, 
        "filter_outliers_dict": {
            "filter_outliers": true, 
            "iterations": 1, 
            "std_devs": 2
        }, 
        "fit": "Linear", 
        "value": 459.13611694645294
    }, 
    "Ar41": {
        "error": 0.0057309328894129844, 
        "filter_outliers_dict": {
            "filter_outliers": true, 
            "iterations": 1, 
            "std_devs": 2
        }, 
        "fit": "Average", 
        "value": 0.10826844508942378
    }
}