{
    "Ar36": {
        "error": 0.0001581619916694055, 
        "filter_outliers_dict": {
            "filter_outliers": true, 
            "iterations": 1, 
            "std_devs": 2
        }, 
        "fit": "Linear", 
        "value": 0.003177641995149902
    }, 
    "Ar37": {
        "error": 0.009481326126207149, 
        "filter_outliers_dict": {
            "filter_outliers": true, 
            "iterations": 1, 
            "std_devs": 2
        }, 
        "fit": "linear", 
        "value": 0.6190788046898924
    }, 
    "Ar38": {
        "error": 0.0051673585952680175, 
        "filter_outliers_dict": {
            "filter_outliers": true, 
            "iterations": 1, 
            "std_devs": 2
        }, 
        "fit": "linear", 
        "value": 0.44788861347631753
    }, 
    "Ar39": {
        "error": 0.01373963487031794, 
        "filter_outliers_dict": {
            "filter_outliers": true, 
            "iterations": 1, 
            "std_devs": 2
        }, 
        "fit": "Linear", 
        "value": 34.03227685809059
    }, 
    "Ar40": {
        "error": 0.02379276366690366, 
        "filter_outliers_dict": {
            "filter_outliers": true, 
            "iterations": 1, 
            "std_devs": 2
        }, 
        "fit": "Linear", 
        "value": 183.4177552207886
    }, 
    "Ar41": {
        "error": 0.004835718172434737, 
        "filter_outliers_dict": {
            "filter_outliers": true, 
            "iterations": 1, 
            "std_devs": 2
        }, 
        "fit": "Average", 
        "value": 0.09293522982003986
    }
}