{
    "Ar36": {
        "error": 0.000134066702484162, 
        "filter_outliers_dict": {
            "filter_outliers": true, 
            "iterations": 1, 
            "std_devs": 2
        }, 
        "fit": "Linear", 
        "value": 0.0026169968439630205
    }, 
    "Ar37": {
        "error": 0.009692459142369771, 
        "filter_outliers_dict": {
            "filter_outliers": true, 
            "iterations": 1, 
            "std_devs": 2
        }, 
        "fit": "linear", 
        "value": 0.372415499946401
    }, 
    "Ar38": {
        "error": 0.00467344551858978, 
        "filter_outliers_dict": {
            "filter_outliers": true, 
            "iterations": 1, 
            "std_devs": 2
        }, 
        "fit": "linear", 
        "value": 0.30993013480464315
    }, 
    "Ar39": {
        "error": 0.013768533902680928, 
        "filter_outliers_dict": {
            "filter_outliers": true, 
            "iterations": 1, 
            "std_devs": 2
        }, 
        "fit": "Linear", 
        "value": 24.195576660985196
    }, 
    "Ar40": {
        "error": 0.024286534196923743, 
        "filter_outliers_dict": {
            "filter_outliers": true, 
            "iterations": 1, 
            "std_devs": 2
        }, 
        "fit": "Linear", 
        "value": 154.60680717780824
    }, 
    "Ar41": {
        "error": 0.004417412383066485, 
        "filter_outliers_dict": {
            "filter_outliers": true, 
            "iterations": 1, 
            "std_devs": 2
        }, 
        "fit": "Average", 
        "value": 0.08488025629423167
    }
}