{
    "Ar36": {
        "error": 0.00016578562443542218, 
        "filter_outliers_dict": {
            "filter_outliers": true, 
            "iterations": 1, 
            "std_devs": 2
        }, 
        "fit": "Linear", 
        "value": 0.0041222722945731686
    }, 
    "Ar37": {
        "error": 0.009936446351274336, 
        "filter_outliers_dict": {
            "filter_outliers": true, 
            "iterations": 1, 
            "std_devs": 2
        }, 
        "fit": "linear", 
        "value": 0.7688978648440065
    }, 
    "Ar38": {
        "error": 0.004372347860429573, 
        "filter_outliers_dict": {
            "filter_outliers": true, 
            "iterations": 1, 
            "std_devs": 2
        }, 
        "fit": "linear", 
        "value": 0.6333204160564803
    }, 
    "Ar39": {
        "error": 0.015293766101613435, 
        "filter_outliers_dict": {
            "filter_outliers": true, 
            "iterations": 1, 
            "std_devs": 2
        }, 
        "fit": "Linear", 
        "value": 48.46828935045135
    }, 
    "Ar40": {
        "error": 0.02780069705744644, 
        "filter_outliers_dict": {
            "filter_outliers": true, 
            "iterations": 1, 
            "std_devs": 2
        }, 
        "fit": "Linear", 
        "value": 261.4123383155678
    }, 
    "Ar41": {
        "error": 0.005214540142632183, 
        "filter_outliers_dict": {
            "filter_outliers": true, 
            "iterations": 1, 
            "std_devs": 2
        }, 
        "fit": "Average", 
        "value": 0.08551341728053591
    }
}