{
    "Ar36": {
        "error": 0.00016846807969807349, 
        "filter_outliers_dict": {
            "filter_outliers": true, 
            "iterations": 1, 
            "std_devs": 2
        }, 
        "fit": "Linear", 
        "value": 0.003031274720477188
    }, 
    "Ar37": {
        "error": 0.010396769857178845, 
        "filter_outliers_dict": {
            "filter_outliers": true, 
            "iterations": 1, 
            "std_devs": 2
        }, 
        "fit": "linear", 
        "value": 0.25726930034903883
    }, 
    "Ar38": {
        "error": 0.004390975858774966, 
        "filter_outliers_dict": {
            "filter_outliers": true, 
            "iterations": 1, 
            "std_devs": 2
        }, 
        "fit": "linear", 
        "value": 0.2950474549350274
    }, 
    "Ar39": {
        "error": 0.011376713699402645, 
        "filter_outliers_dict": {
            "filter_outliers": true, 
            "iterations": 1, 
            "std_devs": 2
        }, 
        "fit": "Linear", 
        "value": 21.928723144800607
    }, 
    "Ar40": {
        "error": 0.017985569829847222, 
        "filter_outliers_dict": {
            "filter_outliers": true, 
            "iterations": 1, 
            "std_devs": 2
        }, 
        "fit": "Linear", 
        "value": 134.99504490687443
    }, 
    "Ar41": {
        "error": 0.004937726577792831, 
        "filter_outliers_dict": {
            "filter_outliers": true, 
            "iterations": 1, 
            "std_devs": 2
        }, 
        "fit": "Average", 
        "value": 0.07524428630604958
    }
}