{
    "Ar36": {
        "error": 0.0001408901065014634, 
        "filter_outliers_dict": {
            "filter_outliers": true, 
            "iterations": 1, 
            "std_devs": 2
        }, 
        "fit": "Linear", 
        "value": 0.003655046649778549
    }, 
    "Ar37": {
        "error": 0.009528982305829818, 
        "filter_outliers_dict": {
            "filter_outliers": true, 
            "iterations": 1, 
            "std_devs": 2
        }, 
        "fit": "linear", 
        "value": 0.36035208754077097
    }, 
    "Ar38": {
        "error": 0.0039016479462890617, 
        "filter_outliers_dict": {
            "filter_outliers": true, 
            "iterations": 1, 
            "std_devs": 2
        }, 
        "fit": "linear", 
        "value": 0.6057640789845683
    }, 
    "Ar39": {
        "error": 0.016605847144335176, 
        "filter_outliers_dict": {
            "filter_outliers": true, 
            "iterations": 1, 
            "std_devs": 2
        }, 
        "fit": "Linear", 
        "value": 43.46437026644676
    }, 
    "Ar40": {
        "error": 0.0323140245905981, 
        "filter_outliers_dict": {
            "filter_outliers": true, 
            "iterations": 1, 
            "std_devs": 2
        }, 
        "fit": "Linear", 
        "value": 281.1554912961026
    }, 
    "Ar41": {
        "error": 0.004700891901084712, 
        "filter_outliers_dict": {
            "filter_outliers": true, 
            "iterations": 1, 
            "std_devs": 2
        }, 
        "fit": "Average", 
        "value": 0.11525283487255014
    }
}