{
    "Ar36": {
        "error": 0.00013539213210655282, 
        "filter_outliers_dict": {
            "filter_outliers": true, 
            "iterations": 1, 
            "std_devs": 2
        }, 
        "fit": "Linear", 
        "value": 0.0027778523860666118
    }, 
    "Ar37": {
        "error": 0.01004833756778716, 
        "filter_outliers_dict": {
            "filter_outliers": true, 
            "iterations": 1, 
            "std_devs": 2
        }, 
        "fit": "linear", 
        "value": 0.28367116682184934
    }, 
    "Ar38": {
        "error": 0.003958917349726152, 
        "filter_outliers_dict": {
            "filter_outliers": true, 
            "iterations": 1, 
            "std_devs": 2
        }, 
        "fit": "linear", 
        "value": 0.2962393324340025
    }, 
    "Ar39": {
        "error": 0.013097720326748899, 
        "filter_outliers_dict": {
            "filter_outliers": true, 
            "iterations": 1, 
            "std_devs": 2
        }, 
        "fit": "Linear", 
        "value": 22.998137451203547
    }, 
    "Ar40": {
        "error": 0.020981420945033854, 
        "filter_outliers_dict": {
            "filter_outliers": true, 
            "iterations": 1, 
            "std_devs": 2
        }, 
        "fit": "Linear", 
        "value": 150.78910523860316
    }, 
    "Ar41": {
        "error": 0.00466888008392539, 
        "filter_outliers_dict": {
            "filter_outliers": true, 
            "iterations": 1, 
            "std_devs": 2
        }, 
        "fit": "Average", 
        "value": 0.07776486708281034
    }
}