{
    "Ar36": {
        "error": 0.00021354021430907867, 
        "filter_outliers_dict": {
            "filter_outliers": true, 
            "iterations": 1, 
            "std_devs": 2
        }, 
        "fit": "Linear", 
        "value": 0.006590135211537074
    }, 
    "Ar37": {
        "error": 0.01139247082144059, 
        "filter_outliers_dict": {
            "filter_outliers": true, 
            "iterations": 1, 
            "std_devs": 2
        }, 
        "fit": "linear", 
        "value": 0.21624322799510706
    }, 
    "Ar38": {
        "error": 0.004695919857167892, 
        "filter_outliers_dict": {
            "filter_outliers": true, 
            "iterations": 1, 
            "std_devs": 2
        }, 
        "fit": "linear", 
        "value": 0.22811180107627912
    }, 
    "Ar39": {
        "error": 0.012403338046067499, 
        "filter_outliers_dict": {
            "filter_outliers": true, 
            "iterations": 1, 
            "std_devs": 2
        }, 
        "fit": "Linear", 
        "value": 17.026344483678272
    }, 
    "Ar40": {
        "error": 0.019800643748958686, 
        "filter_outliers_dict": {
            "filter_outliers": true, 
            "iterations": 1, 
            "std_devs": 2
        }, 
        "fit": "Linear", 
        "value": 118.97802068734458
    }, 
    "Ar41": {
        "error": 0.0043486279808791824, 
        "filter_outliers_dict": {
            "filter_outliers": true, 
            "iterations": 1, 
            "std_devs": 2
        }, 
        "fit": "Average", 
        "value": 0.08643237809786845
    }
}