{
    "Ar36": {
        "error": 0.00014784965024382157, 
        "filter_outliers_dict": {
            "filter_outliers": true, 
            "iterations": 1, 
            "std_devs": 2
        }, 
        "fit": "Linear", 
        "value": 0.002867573651860303
    }, 
    "Ar37": {
        "error": 0.009945901141725468, 
        "filter_outliers_dict": {
            "filter_outliers": true, 
            "iterations": 1, 
            "std_devs": 2
        }, 
        "fit": "linear", 
        "value": 0.2130451827410294
    }, 
    "Ar38": {
        "error": 0.004508933025559487, 
        "filter_outliers_dict": {
            "filter_outliers": true, 
            "iterations": 1, 
            "std_devs": 2
        }, 
        "fit": "linear", 
        "value": 0.23046016295838045
    }, 
    "Ar39": {
        "error": 0.011463911383915976, 
        "filter_outliers_dict": {
            "filter_outliers": true, 
            "iterations": 1, 
            "std_devs": 2
        }, 
        "fit": "Linear", 
        "value": 17.097756282637917
    }, 
    "Ar40": {
        "error": 0.028695499585380556, 
        "filter_outliers_dict": {
            "filter_outliers": true, 
            "iterations": 1, 
            "std_devs": 2
        }, 
        "fit": "Linear", 
        "value": 242.10715921413086
    }, 
    "Ar41": {
        "error": 0.004003610423902438, 
        "filter_outliers_dict": {
            "filter_outliers": true, 
            "iterations": 1, 
            "std_devs": 2
        }, 
        "fit": "Average", 
        "value": 0.08194078073291029
    }
}