{
    "Ar36": {
        "error": 0.000140562830095245, 
        "filter_outliers_dict": {
            "filter_outliers": true, 
            "iterations": 1, 
            "std_devs": 2
        }, 
        "fit": "Linear", 
        "value": 0.002845921417178119
    }, 
    "Ar37": {
        "error": 0.009645455904677146, 
        "filter_outliers_dict": {
            "filter_outliers": true, 
            "iterations": 1, 
            "std_devs": 2
        }, 
        "fit": "linear", 
        "value": 0.31288621526797733
    }, 
    "Ar38": {
        "error": 0.0052004689767474405, 
        "filter_outliers_dict": {
            "filter_outliers": true, 
            "iterations": 1, 
            "std_devs": 2
        }, 
        "fit": "linear", 
        "value": 0.4468967594794918
    }, 
    "Ar39": {
        "error": 0.01193855002882451, 
        "filter_outliers_dict": {
            "filter_outliers": true, 
            "iterations": 1, 
            "std_devs": 2
        }, 
        "fit": "Linear", 
        "value": 32.25913726756553
    }, 
    "Ar40": {
        "error": 0.03269441172121703, 
        "filter_outliers_dict": {
            "filter_outliers": true, 
            "iterations": 1, 
            "std_devs": 2
        }, 
        "fit": "Linear", 
        "value": 210.95473313130944
    }, 
    "Ar41": {
        "error": 0.004353209608511589, 
        "filter_outliers_dict": {
            "filter_outliers": true, 
            "iterations": 1, 
            "std_devs": 2
        }, 
        "fit": "Average", 
        "value": 0.08690446944461584
    }
}