{
    "Ar36": {
        "error": 0.00018668318406124524, 
        "filter_outliers_dict": {
            "filter_outliers": true, 
            "iterations": 1, 
            "std_devs": 2
        }, 
        "fit": "Linear", 
        "value": 0.0063421803798266695
    }, 
    "Ar37": {
        "error": 0.008880604341446892, 
        "filter_outliers_dict": {
            "filter_outliers": true, 
            "iterations": 1, 
            "std_devs": 2
        }, 
        "fit": "linear", 
        "value": 0.7071823754565991
    }, 
    "Ar38": {
        "error": 0.004444719808837331, 
        "filter_outliers_dict": {
            "filter_outliers": true, 
            "iterations": 1, 
            "std_devs": 2
        }, 
        "fit": "linear", 
        "value": 0.5462943954589168
    }, 
    "Ar39": {
        "error": 0.014989858971633612, 
        "filter_outliers_dict": {
            "filter_outliers": true, 
            "iterations": 1, 
            "std_devs": 2
        }, 
        "fit": "Linear", 
        "value": 40.81835704717586
    }, 
    "Ar40": {
        "error": 0.03147976613718564, 
        "filter_outliers_dict": {
            "filter_outliers": true, 
            "iterations": 1, 
            "std_devs": 2
        }, 
        "fit": "Linear", 
        "value": 274.2237866596079
    }, 
    "Ar41": {
        "error": 0.005146185201272361, 
        "filter_outliers_dict": {
            "filter_outliers": true, 
            "iterations": 1, 
            "std_devs": 2
        }, 
        "fit": "Average", 
        "value": 0.09139378251412898
    }
}