{
    "Ar36": {
        "error": 0.0001656923136465343, 
        "filter_outliers_dict": {
            "filter_outliers": true, 
            "iterations": 1, 
            "std_devs": 2
        }, 
        "fit": "Linear", 
        "value": 0.003556164896030541
    }, 
    "Ar37": {
        "error": 0.011302901058388472, 
        "filter_outliers_dict": {
            "filter_outliers": true, 
            "iterations": 1, 
            "std_devs": 2
        }, 
        "fit": "linear", 
        "value": 0.7787155655611832
    }, 
    "Ar38": {
        "error": 0.00586711617688475, 
        "filter_outliers_dict": {
            "filter_outliers": true, 
            "iterations": 1, 
            "std_devs": 2
        }, 
        "fit": "linear", 
        "value": 2.3291713849253757
    }, 
    "Ar39": {
        "error": 0.02485652609153409, 
        "filter_outliers_dict": {
            "filter_outliers": true, 
            "iterations": 1, 
            "std_devs": 2
        }, 
        "fit": "Linear", 
        "value": 176.6813088162295
    }, 
    "Ar40": {
        "error": 0.0793281625615514, 
        "filter_outliers_dict": {
            "filter_outliers": true, 
            "iterations": 1, 
            "std_devs": 2
        }, 
        "fit": "Linear", 
        "value": 1207.7479014938506
    }, 
    "Ar41": {
        "error": 0.004219769912014562, 
        "filter_outliers_dict": {
            "filter_outliers": true, 
            "iterations": 1, 
            "std_devs": 2
        }, 
        "fit": "Average", 
        "value": 0.12653136984093
    }
}