{
    "Ar36": {
        "error": 0.00012674991918367235, 
        "filter_outliers_dict": {
            "filter_outliers": true, 
            "iterations": 1, 
            "std_devs": 2
        }, 
        "fit": "Linear", 
        "value": 0.0027579060824552753
    }, 
    "Ar37": {
        "error": 0.01053238147375048, 
        "filter_outliers_dict": {
            "filter_outliers": true, 
            "iterations": 1, 
            "std_devs": 2
        }, 
        "fit": "linear", 
        "value": 0.20961645472690796
    }, 
    "Ar38": {
        "error": 0.004977122048210321, 
        "filter_outliers_dict": {
            "filter_outliers": true, 
            "iterations": 1, 
            "std_devs": 2
        }, 
        "fit": "linear", 
        "value": 0.03651571803460518
    }, 
    "Ar39": {
        "error": 0.010913950619743318, 
        "filter_outliers_dict": {
            "filter_outliers": true, 
            "iterations": 1, 
            "std_devs": 2
        }, 
        "fit": "Linear", 
        "value": 2.5684848805817895
    }, 
    "Ar40": {
        "error": 0.01228932611279356, 
        "filter_outliers_dict": {
            "filter_outliers": true, 
            "iterations": 1, 
            "std_devs": 2
        }, 
        "fit": "Linear", 
        "value": 18.95065504963119
    }, 
    "Ar41": {
        "error": 0.005124685391225632, 
        "filter_outliers_dict": {
            "filter_outliers": true, 
            "iterations": 1, 
            "std_devs": 2
        }, 
        "fit": "Average", 
        "value": 0.07895007270219284
    }
}