{
    "Ar36": {
        "error": 0.0001580344433254178, 
        "filter_outliers_dict": {
            "filter_outliers": true, 
            "iterations": 1, 
            "std_devs": 2
        }, 
        "fit": "Linear", 
        "value": 0.0028340813091397043
    }, 
    "Ar37": {
        "error": 0.01003507387154381, 
        "filter_outliers_dict": {
            "filter_outliers": true, 
            "iterations": 1, 
            "std_devs": 2
        }, 
        "fit": "linear", 
        "value": 0.2957130507185611
    }, 
    "Ar38": {
        "error": 0.0042871368348173155, 
        "filter_outliers_dict": {
            "filter_outliers": true, 
            "iterations": 1, 
            "std_devs": 2
        }, 
        "fit": "linear", 
        "value": 0.5261669457372671
    }, 
    "Ar39": {
        "error": 0.013805850852894696, 
        "filter_outliers_dict": {
            "filter_outliers": true, 
            "iterations": 1, 
            "std_devs": 2
        }, 
        "fit": "Linear", 
        "value": 40.137831205692635
    }, 
    "Ar40": {
        "error": 0.03139299968554275, 
        "filter_outliers_dict": {
            "filter_outliers": true, 
            "iterations": 1, 
            "std_devs": 2
        }, 
        "fit": "Linear", 
        "value": 273.6962980333392
    }, 
    "Ar41": {
        "error": 0.00461641993145655, 
        "filter_outliers_dict": {
            "filter_outliers": true, 
            "iterations": 1, 
            "std_devs": 2
        }, 
        "fit": "Average", 
        "value": 0.08400286492933802
    }
}