{
    "Ar36": {
        "error": 0.00019494436270805606, 
        "filter_outliers_dict": {
            "filter_outliers": true, 
            "iterations": 1, 
            "std_devs": 2
        }, 
        "fit": "Linear", 
        "value": 0.00650225975148249
    }, 
    "Ar37": {
        "error": 0.009128251586159018, 
        "filter_outliers_dict": {
            "filter_outliers": true, 
            "iterations": 1, 
            "std_devs": 2
        }, 
        "fit": "linear", 
        "value": 0.1563179211557183
    }, 
    "Ar38": {
        "error": 0.00454014781526075, 
        "filter_outliers_dict": {
            "filter_outliers": true, 
            "iterations": 1, 
            "std_devs": 2
        }, 
        "fit": "linear", 
        "value": 0.04466803565278502
    }, 
    "Ar39": {
        "error": 0.011547022099454702, 
        "filter_outliers_dict": {
            "filter_outliers": true, 
            "iterations": 1, 
            "std_devs": 2
        }, 
        "fit": "Linear", 
        "value": 2.9329500828866153
    }, 
    "Ar40": {
        "error": 0.011422676876442819, 
        "filter_outliers_dict": {
            "filter_outliers": true, 
            "iterations": 1, 
            "std_devs": 2
        }, 
        "fit": "Linear", 
        "value": 21.560026702096003
    }, 
    "Ar41": {
        "error": 0.0045078929078054214, 
        "filter_outliers_dict": {
            "filter_outliers": true, 
            "iterations": 1, 
            "std_devs": 2
        }, 
        "fit": "Average", 
        "value": 0.0798219866524315
    }
}