{
    "Ar36": {
        "error": 0.00019224941981819062, 
        "filter_outliers_dict": {
            "filter_outliers": true, 
            "iterations": 1, 
            "std_devs": 2
        }, 
        "fit": "Linear", 
        "value": 0.0039130806097731905
    }, 
    "Ar37": {
        "error": 0.010674248895277433, 
        "filter_outliers_dict": {
            "filter_outliers": true, 
            "iterations": 1, 
            "std_devs": 2
        }, 
        "fit": "linear", 
        "value": 0.4009438807251037
    }, 
    "Ar38": {
        "error": 0.004630051473574993, 
        "filter_outliers_dict": {
            "filter_outliers": true, 
            "iterations": 1, 
            "std_devs": 2
        }, 
        "fit": "linear", 
        "value": 0.963665596021768
    }, 
    "Ar39": {
        "error": 0.018200695348802313, 
        "filter_outliers_dict": {
            "filter_outliers": true, 
            "iterations": 1, 
            "std_devs": 2
        }, 
        "fit": "Linear", 
        "value": 73.31437999569621
    }, 
    "Ar40": {
        "error": 0.03691692788679827, 
        "filter_outliers_dict": {
            "filter_outliers": true, 
            "iterations": 1, 
            "std_devs": 2
        }, 
        "fit": "Linear", 
        "value": 509.4377651722213
    }, 
    "Ar41": {
        "error": 0.005111216192244147, 
        "filter_outliers_dict": {
            "filter_outliers": true, 
            "iterations": 1, 
            "std_devs": 2
        }, 
        "fit": "Average", 
        "value": 0.1145340260420169
    }
}