{
    "Ar36": {
        "error": 0.00019015421289206153, 
        "filter_outliers_dict": {
            "filter_outliers": true, 
            "iterations": 1, 
            "std_devs": 2
        }, 
        "fit": "Linear", 
        "value": 0.006721379976954853
    }, 
    "Ar37": {
        "error": 0.010070298665035364, 
        "filter_outliers_dict": {
            "filter_outliers": true, 
            "iterations": 1, 
            "std_devs": 2
        }, 
        "fit": "linear", 
        "value": 0.44026395695521975
    }, 
    "Ar38": {
        "error": 0.004517617944749401, 
        "filter_outliers_dict": {
            "filter_outliers": true, 
            "iterations": 1, 
            "std_devs": 2
        }, 
        "fit": "linear", 
        "value": 1.5132777521730942
    }, 
    "Ar39": {
        "error": 0.01947852995011408, 
        "filter_outliers_dict": {
            "filter_outliers": true, 
            "iterations": 1, 
            "std_devs": 2
        }, 
        "fit": "Linear", 
        "value": 114.50490261893188
    }, 
    "Ar40": {
        "error": 0.06056931057112775, 
        "filter_outliers_dict": {
            "filter_outliers": true, 
            "iterations": 1, 
            "std_devs": 2
        }, 
        "fit": "Linear", 
        "value": 825.0654053437645
    }, 
    "Ar41": {
        "error": 0.004210662694975123, 
        "filter_outliers_dict": {
            "filter_outliers": true, 
            "iterations": 1, 
            "std_devs": 2
        }, 
        "fit": "Average", 
        "value": 0.10981877742141899
    }
}