{
    "Ar36": {
        "error": 0.00015624309241928363, 
        "filter_outliers_dict": {
            "filter_outliers": true, 
            "iterations": 1, 
            "std_devs": 2
        }, 
        "fit": "Linear", 
        "value": 0.002983949695503329
    }, 
    "Ar37": {
        "error": 0.00938756684406755, 
        "filter_outliers_dict": {
            "filter_outliers": true, 
            "iterations": 1, 
            "std_devs": 2
        }, 
        "fit": "linear", 
        "value": 0.7504223886118054
    }, 
    "Ar38": {
        "error": 0.004848181122965181, 
        "filter_outliers_dict": {
            "filter_outliers": true, 
            "iterations": 1, 
            "std_devs": 2
        }, 
        "fit": "linear", 
        "value": 2.194105900591019
    }, 
    "Ar39": {
        "error": 0.028129279647535563, 
        "filter_outliers_dict": {
            "filter_outliers": true, 
            "iterations": 1, 
            "std_devs": 2
        }, 
        "fit": "Linear", 
        "value": 166.48804877009755
    }, 
    "Ar40": {
        "error": 0.06312144744829216, 
        "filter_outliers_dict": {
            "filter_outliers": true, 
            "iterations": 1, 
            "std_devs": 2
        }, 
        "fit": "Linear", 
        "value": 1135.6144176854013
    }, 
    "Ar41": {
        "error": 0.004391432100265831, 
        "filter_outliers_dict": {
            "filter_outliers": true, 
            "iterations": 1, 
            "std_devs": 2
        }, 
        "fit": "Average", 
        "value": 0.1322999881400139
    }
}