{
    "Ar36": {
        "error": 0.000142666561809726, 
        "filter_outliers_dict": {
            "filter_outliers": true, 
            "iterations": 1, 
            "std_devs": 2
        }, 
        "fit": "Linear", 
        "value": 0.003797837887606608
    }, 
    "Ar37": {
        "error": 0.010213805145829886, 
        "filter_outliers_dict": {
            "filter_outliers": true, 
            "iterations": 1, 
            "std_devs": 2
        }, 
        "fit": "linear", 
        "value": 0.5620505892009372
    }, 
    "Ar38": {
        "error": 0.004861609724658699, 
        "filter_outliers_dict": {
            "filter_outliers": true, 
            "iterations": 1, 
            "std_devs": 2
        }, 
        "fit": "linear", 
        "value": 1.6030839595376423
    }, 
    "Ar39": {
        "error": 0.020965132784369612, 
        "filter_outliers_dict": {
            "filter_outliers": true, 
            "iterations": 1, 
            "std_devs": 2
        }, 
        "fit": "Linear", 
        "value": 121.26138883591403
    }, 
    "Ar40": {
        "error": 0.06274604906211365, 
        "filter_outliers_dict": {
            "filter_outliers": true, 
            "iterations": 1, 
            "std_devs": 2
        }, 
        "fit": "Linear", 
        "value": 837.5199929684546
    }, 
    "Ar41": {
        "error": 0.003999316573202707, 
        "filter_outliers_dict": {
            "filter_outliers": true, 
            "iterations": 1, 
            "std_devs": 2
        }, 
        "fit": "Average", 
        "value": 0.1154915633074683
    }
}