{
    "Ar36": {
        "error": 0.0001465338862880939, 
        "filter_outliers_dict": {
            "filter_outliers": true, 
            "iterations": 1, 
            "std_devs": 2
        }, 
        "fit": "Linear", 
        "value": 0.002705041984113279
    }, 
    "Ar37": {
        "error": 0.010498627691643845, 
        "filter_outliers_dict": {
            "filter_outliers": true, 
            "iterations": 1, 
            "std_devs": 2
        }, 
        "fit": "linear", 
        "value": 0.5426824311163465
    }, 
    "Ar38": {
        "error": 0.004803010915804236, 
        "filter_outliers_dict": {
            "filter_outliers": true, 
            "iterations": 1, 
            "std_devs": 2
        }, 
        "fit": "linear", 
        "value": 0.2810384896207391
    }, 
    "Ar39": {
        "error": 0.013759813840254008, 
        "filter_outliers_dict": {
            "filter_outliers": true, 
            "iterations": 1, 
            "std_devs": 2
        }, 
        "fit": "Linear", 
        "value": 21.820248499797604
    }, 
    "Ar40": {
        "error": 0.019586424068982318, 
        "filter_outliers_dict": {
            "filter_outliers": true, 
            "iterations": 1, 
            "std_devs": 2
        }, 
        "fit": "Linear", 
        "value": 152.4784946696237
    }, 
    "Ar41": {
        "error": 0.005060259477793979, 
        "filter_outliers_dict": {
            "filter_outliers": true, 
            "iterations": 1, 
            "std_devs": 2
        }, 
        "fit": "Average", 
        "value": 0.07536632940391695
    }
}