{
    "Ar36": {
        "error": 0.00015309901228259854, 
        "filter_outliers_dict": {
            "filter_outliers": true, 
            "iterations": 1, 
            "std_devs": 2
        }, 
        "fit": "Linear", 
        "value": 0.003016034510675231
    }, 
    "Ar37": {
        "error": 0.01041126849112908, 
        "filter_outliers_dict": {
            "filter_outliers": true, 
            "iterations": 1, 
            "std_devs": 2
        }, 
        "fit": "linear", 
        "value": 0.34411769699006955
    }, 
    "Ar38": {
        "error": 0.00459392347750113, 
        "filter_outliers_dict": {
            "filter_outliers": true, 
            "iterations": 1, 
            "std_devs": 2
        }, 
        "fit": "linear", 
        "value": 0.7428178871602584
    }, 
    "Ar39": {
        "error": 0.01698882100834068, 
        "filter_outliers_dict": {
            "filter_outliers": true, 
            "iterations": 1, 
            "std_devs": 2
        }, 
        "fit": "Linear", 
        "value": 55.66812915335717
    }, 
    "Ar40": {
        "error": 0.04164860120568042, 
        "filter_outliers_dict": {
            "filter_outliers": true, 
            "iterations": 1, 
            "std_devs": 2
        }, 
        "fit": "Linear", 
        "value": 384.53282861997025
    }, 
    "Ar41": {
        "error": 0.004733127975871608, 
        "filter_outliers_dict": {
            "filter_outliers": true, 
            "iterations": 1, 
            "std_devs": 2
        }, 
        "fit": "Average", 
        "value": 0.09614446721911918
    }
}