{
    "Ar36": {
        "error": 0.0004849723916188819, 
        "filter_outliers_dict": {
            "filter_outliers": true, 
            "iterations": 1, 
            "std_devs": 2
        }, 
        "fit": "Linear", 
        "value": 0.038798396017563484
    }, 
    "Ar37": {
        "error": 0.010231691321841423, 
        "filter_outliers_dict": {
            "filter_outliers": true, 
            "iterations": 1, 
            "std_devs": 2
        }, 
        "fit": "linear", 
        "value": 0.1967404369070879
    }, 
    "Ar38": {
        "error": 0.004362915430936444, 
        "filter_outliers_dict": {
            "filter_outliers": true, 
            "iterations": 1, 
            "std_devs": 2
        }, 
        "fit": "linear", 
        "value": 0.08825767308534259
    }, 
    "Ar39": {
        "error": 0.01127315112708147, 
        "filter_outliers_dict": {
            "filter_outliers": true, 
            "iterations": 1, 
            "std_devs": 2
        }, 
        "fit": "Linear", 
        "value": 6.620239340838853
    }, 
    "Ar40": {
        "error": 0.014468568870888012, 
        "filter_outliers_dict": {
            "filter_outliers": true, 
            "iterations": 1, 
            "std_devs": 2
        }, 
        "fit": "Linear", 
        "value": 56.447610413924195
    }, 
    "Ar41": {
        "error": 0.004222923141657318, 
        "filter_outliers_dict": {
            "filter_outliers": true, 
            "iterations": 1, 
            "std_devs": 2
        }, 
        "fit": "Average", 
        "value": 0.061729265048460845
    }
}