{
    "Ar36": {
        "error": 0.00014372524954833543, 
        "filter_outliers_dict": {
            "filter_outliers": true, 
            "iterations": 1, 
            "std_devs": 2
        }, 
        "fit": "Linear", 
        "value": 0.0029533781656483713
    }, 
    "Ar37": {
        "error": 0.009267339421099674, 
        "filter_outliers_dict": {
            "filter_outliers": true, 
            "iterations": 1, 
            "std_devs": 2
        }, 
        "fit": "linear", 
        "value": 0.2592931403657514
    }, 
    "Ar38": {
        "error": 0.004383086881960377, 
        "filter_outliers_dict": {
            "filter_outliers": true, 
            "iterations": 1, 
            "std_devs": 2
        }, 
        "fit": "linear", 
        "value": 0.3199759869193424
    }, 
    "Ar39": {
        "error": 0.012773732004294125, 
        "filter_outliers_dict": {
            "filter_outliers": true, 
            "iterations": 1, 
            "std_devs": 2
        }, 
        "fit": "Linear", 
        "value": 24.038471009902675
    }, 
    "Ar40": {
        "error": 0.022785831887476033, 
        "filter_outliers_dict": {
            "filter_outliers": true, 
            "iterations": 1, 
            "std_devs": 2
        }, 
        "fit": "Linear", 
        "value": 166.75154064508064
    }, 
    "Ar41": {
        "error": 0.004661503490366871, 
        "filter_outliers_dict": {
            "filter_outliers": true, 
            "iterations": 1, 
            "std_devs": 2
        }, 
        "fit": "Average", 
        "value": 0.08276402768875518
    }
}