{
    "Ar36": {
        "error": 0.00017344247677485202, 
        "filter_outliers_dict": {
            "filter_outliers": true, 
            "iterations": 1, 
            "std_devs": 2
        }, 
        "fit": "Linear", 
        "value": 0.004203811934579408
    }, 
    "Ar37": {
        "error": 0.008680233109885825, 
        "filter_outliers_dict": {
            "filter_outliers": true, 
            "iterations": 1, 
            "std_devs": 2
        }, 
        "fit": "linear", 
        "value": 0.5753596503469968
    }, 
    "Ar38": {
        "error": 0.0041711426464963635, 
        "filter_outliers_dict": {
            "filter_outliers": true, 
            "iterations": 1, 
            "std_devs": 2
        }, 
        "fit": "linear", 
        "value": 1.5395845175033163
    }, 
    "Ar39": {
        "error": 0.024287449769976526, 
        "filter_outliers_dict": {
            "filter_outliers": true, 
            "iterations": 1, 
            "std_devs": 2
        }, 
        "fit": "Linear", 
        "value": 116.28336799950425
    }, 
    "Ar40": {
        "error": 0.05648697527324239, 
        "filter_outliers_dict": {
            "filter_outliers": true, 
            "iterations": 1, 
            "std_devs": 2
        }, 
        "fit": "Linear", 
        "value": 802.4357946526801
    }, 
    "Ar41": {
        "error": 0.004923952876086502, 
        "filter_outliers_dict": {
            "filter_outliers": true, 
            "iterations": 1, 
            "std_devs": 2
        }, 
        "fit": "Average", 
        "value": 0.11709286162888946
    }
}