{
    "Ar36": {
        "error": 0.0001459060236906915, 
        "filter_outliers_dict": {
            "filter_outliers": true, 
            "iterations": 1, 
            "std_devs": 2
        }, 
        "fit": "Linear", 
        "value": 0.003454665897631152
    }, 
    "Ar37": {
        "error": 0.011321918280112928, 
        "filter_outliers_dict": {
            "filter_outliers": true, 
            "iterations": 1, 
            "std_devs": 2
        }, 
        "fit": "linear", 
        "value": 0.21209908625206325
    }, 
    "Ar38": {
        "error": 0.004596825783876638, 
        "filter_outliers_dict": {
            "filter_outliers": true, 
            "iterations": 1, 
            "std_devs": 2
        }, 
        "fit": "linear", 
        "value": 0.22721522350864162
    }, 
    "Ar39": {
        "error": 0.013097280205615729, 
        "filter_outliers_dict": {
            "filter_outliers": true, 
            "iterations": 1, 
            "std_devs": 2
        }, 
        "fit": "Linear", 
        "value": 17.119727579674727
    }, 
    "Ar40": {
        "error": 0.020957609255656255, 
        "filter_outliers_dict": {
            "filter_outliers": true, 
            "iterations": 1, 
            "std_devs": 2
        }, 
        "fit": "Linear", 
        "value": 118.76899749292062
    }, 
    "Ar41": {
        "error": 0.004733431032065929, 
        "filter_outliers_dict": {
            "filter_outliers": true, 
            "iterations": 1, 
            "std_devs": 2
        }, 
        "fit": "Average", 
        "value": 0.07872682047654858
    }
}