{
    "Ar36": {
        "error": 0.0001598735377905166, 
        "filter_outliers_dict": {
            "filter_outliers": true, 
            "iterations": 1, 
            "std_devs": 2
        }, 
        "fit": "Linear", 
        "value": 0.0034450574794225902
    }, 
    "Ar37": {
        "error": 0.010851997892098291, 
        "filter_outliers_dict": {
            "filter_outliers": true, 
            "iterations": 1, 
            "std_devs": 2
        }, 
        "fit": "linear", 
        "value": 2.911161065605032
    }, 
    "Ar38": {
        "error": 0.005012973129448371, 
        "filter_outliers_dict": {
            "filter_outliers": true, 
            "iterations": 1, 
            "std_devs": 2
        }, 
        "fit": "linear", 
        "value": 2.2110793777879914
    }, 
    "Ar39": {
        "error": 0.02847183471250666, 
        "filter_outliers_dict": {
            "filter_outliers": true, 
            "iterations": 1, 
            "std_devs": 2
        }, 
        "fit": "Linear", 
        "value": 166.55742131811786
    }, 
    "Ar40": {
        "error": 0.0821005430282953, 
        "filter_outliers_dict": {
            "filter_outliers": true, 
            "iterations": 1, 
            "std_devs": 2
        }, 
        "fit": "Linear", 
        "value": 1162.7704611786835
    }, 
    "Ar41": {
        "error": 0.004778426374885934, 
        "filter_outliers_dict": {
            "filter_outliers": true, 
            "iterations": 1, 
            "std_devs": 2
        }, 
        "fit": "Average", 
        "value": 0.13884523302085064
    }
}