{
    "Ar36": {
        "error": 0.00015545984874382822, 
        "filter_outliers_dict": {
            "filter_outliers": true, 
            "iterations": 1, 
            "std_devs": 2
        }, 
        "fit": "Linear", 
        "value": 0.0035419072574140098
    }, 
    "Ar37": {
        "error": 0.01063310733243781, 
        "filter_outliers_dict": {
            "filter_outliers": true, 
            "iterations": 1, 
            "std_devs": 2
        }, 
        "fit": "linear", 
        "value": 2.402086480896334
    }, 
    "Ar38": {
        "error": 0.005526651258266979, 
        "filter_outliers_dict": {
            "filter_outliers": true, 
            "iterations": 1, 
            "std_devs": 2
        }, 
        "fit": "linear", 
        "value": 1.7528857820405845
    }, 
    "Ar39": {
        "error": 0.019665411963137824, 
        "filter_outliers_dict": {
            "filter_outliers": true, 
            "iterations": 1, 
            "std_devs": 2
        }, 
        "fit": "Linear", 
        "value": 133.065050965338
    }, 
    "Ar40": {
        "error": 0.07351537453026082, 
        "filter_outliers_dict": {
            "filter_outliers": true, 
            "iterations": 1, 
            "std_devs": 2
        }, 
        "fit": "Linear", 
        "value": 927.2467005840585
    }, 
    "Ar41": {
        "error": 0.004339402789754635, 
        "filter_outliers_dict": {
            "filter_outliers": true, 
            "iterations": 1, 
            "std_devs": 2
        }, 
        "fit": "Average", 
        "value": 0.12524244825423772
    }
}