{
    "Ar36": {
        "error": 0.00014963757320345328, 
        "filter_outliers_dict": {
            "filter_outliers": true, 
            "iterations": 1, 
            "std_devs": 2
        }, 
        "fit": "Linear", 
        "value": 0.002473788755834097
    }, 
    "Ar37": {
        "error": 0.010197421343098558, 
        "filter_outliers_dict": {
            "filter_outliers": true, 
            "iterations": 1, 
            "std_devs": 2
        }, 
        "fit": "linear", 
        "value": 0.24636959719355467
    }, 
    "Ar38": {
        "error": 0.004221702635318322, 
        "filter_outliers_dict": {
            "filter_outliers": true, 
            "iterations": 1, 
            "std_devs": 2
        }, 
        "fit": "linear", 
        "value": 0.3188846858495977
    }, 
    "Ar39": {
        "error": 0.012041301824758807, 
        "filter_outliers_dict": {
            "filter_outliers": true, 
            "iterations": 1, 
            "std_devs": 2
        }, 
        "fit": "Linear", 
        "value": 23.553242147528657
    }, 
    "Ar40": {
        "error": 0.0246966420927439, 
        "filter_outliers_dict": {
            "filter_outliers": true, 
            "iterations": 1, 
            "std_devs": 2
        }, 
        "fit": "Linear", 
        "value": 162.99369782907868
    }, 
    "Ar41": {
        "error": 0.004435167969893237, 
        "filter_outliers_dict": {
            "filter_outliers": true, 
            "iterations": 1, 
            "std_devs": 2
        }, 
        "fit": "Average", 
        "value": 0.08254599287409424
    }
}