{
    "Ar36": {
        "error": 0.0001559893134788146, 
        "filter_outliers_dict": {
            "filter_outliers": true, 
            "iterations": 1, 
            "std_devs": 2
        }, 
        "fit": "Linear", 
        "value": 0.002772464095165777
    }, 
    "Ar37": {
        "error": 0.010301399451737886, 
        "filter_outliers_dict": {
            "filter_outliers": true, 
            "iterations": 1, 
            "std_devs": 2
        }, 
        "fit": "linear", 
        "value": 0.2559145732112189
    }, 
    "Ar38": {
        "error": 0.0055083614878983864, 
        "filter_outliers_dict": {
            "filter_outliers": true, 
            "iterations": 1, 
            "std_devs": 2
        }, 
        "fit": "linear", 
        "value": 0.3230869291748884
    }, 
    "Ar39": {
        "error": 0.013232071244930489, 
        "filter_outliers_dict": {
            "filter_outliers": true, 
            "iterations": 1, 
            "std_devs": 2
        }, 
        "fit": "Linear", 
        "value": 25.09855360451361
    }, 
    "Ar40": {
        "error": 0.022511175449591657, 
        "filter_outliers_dict": {
            "filter_outliers": true, 
            "iterations": 1, 
            "std_devs": 2
        }, 
        "fit": "Linear", 
        "value": 174.10663340199415
    }, 
    "Ar41": {
        "error": 0.004568900170864532, 
        "filter_outliers_dict": {
            "filter_outliers": true, 
            "iterations": 1, 
            "std_devs": 2
        }, 
        "fit": "Average", 
        "value": 0.0844528317363293
    }
}