{
    "Ar36": {
        "error": 0.00018816243895442862, 
        "filter_outliers_dict": {
            "filter_outliers": true, 
            "iterations": 1, 
            "std_devs": 2
        }, 
        "fit": "Linear", 
        "value": 0.006632465338274214
    }, 
    "Ar37": {
        "error": 0.010445272145646625, 
        "filter_outliers_dict": {
            "filter_outliers": true, 
            "iterations": 1, 
            "std_devs": 2
        }, 
        "fit": "linear", 
        "value": 0.2554126103154885
    }, 
    "Ar38": {
        "error": 0.004807129835369858, 
        "filter_outliers_dict": {
            "filter_outliers": true, 
            "iterations": 1, 
            "std_devs": 2
        }, 
        "fit": "linear", 
        "value": 0.2469775823719231
    }, 
    "Ar39": {
        "error": 0.012308926682278239, 
        "filter_outliers_dict": {
            "filter_outliers": true, 
            "iterations": 1, 
            "std_devs": 2
        }, 
        "fit": "Linear", 
        "value": 17.38200350670894
    }, 
    "Ar40": {
        "error": 0.01758820702193415, 
        "filter_outliers_dict": {
            "filter_outliers": true, 
            "iterations": 1, 
            "std_devs": 2
        }, 
        "fit": "Linear", 
        "value": 105.36787538387185
    }, 
    "Ar41": {
        "error": 0.004435151000355367, 
        "filter_outliers_dict": {
            "filter_outliers": true, 
            "iterations": 1, 
            "std_devs": 2
        }, 
        "fit": "Average", 
        "value": 0.08728066330973336
    }
}