{
    "Ar36": {
        "error": 0.00027676681703426686, 
        "filter_outliers_dict": {
            "filter_outliers": true, 
            "iterations": 1, 
            "std_devs": 2
        }, 
        "fit": "Linear", 
        "value": 0.007914558387447698
    }, 
    "Ar37": {
        "error": 0.011361800664035665, 
        "filter_outliers_dict": {
            "filter_outliers": true, 
            "iterations": 1, 
            "std_devs": 2
        }, 
        "fit": "linear", 
        "value": 0.28499062190226687
    }, 
    "Ar38": {
        "error": 0.004083888401181105, 
        "filter_outliers_dict": {
            "filter_outliers": true, 
            "iterations": 1, 
            "std_devs": 2
        }, 
        "fit": "linear", 
        "value": 0.30797083274256243
    }, 
    "Ar39": {
        "error": 0.012447945143689644, 
        "filter_outliers_dict": {
            "filter_outliers": true, 
            "iterations": 1, 
            "std_devs": 2
        }, 
        "fit": "Linear", 
        "value": 22.724759048872627
    }, 
    "Ar40": {
        "error": 0.02171201869121602, 
        "filter_outliers_dict": {
            "filter_outliers": true, 
            "iterations": 1, 
            "std_devs": 2
        }, 
        "fit": "Linear", 
        "value": 137.7701638269828
    }, 
    "Ar41": {
        "error": 0.004828763134183191, 
        "filter_outliers_dict": {
            "filter_outliers": true, 
            "iterations": 1, 
            "std_devs": 2
        }, 
        "fit": "Average", 
        "value": 0.07526159597365666
    }
}