{
    "Ar36": {
        "error": 0.0002814835360698782, 
        "filter_outliers_dict": {
            "filter_outliers": true, 
            "iterations": 1, 
            "std_devs": 2
        }, 
        "fit": "Linear", 
        "value": 0.01400577347240924
    }, 
    "Ar37": {
        "error": 0.010649535139585666, 
        "filter_outliers_dict": {
            "filter_outliers": true, 
            "iterations": 1, 
            "std_devs": 2
        }, 
        "fit": "linear", 
        "value": 0.37359598400653937
    }, 
    "Ar38": {
        "error": 0.003858345369770029, 
        "filter_outliers_dict": {
            "filter_outliers": true, 
            "iterations": 1, 
            "std_devs": 2
        }, 
        "fit": "linear", 
        "value": 0.5017832421629739
    }, 
    "Ar39": {
        "error": 0.014317541808507285, 
        "filter_outliers_dict": {
            "filter_outliers": true, 
            "iterations": 1, 
            "std_devs": 2
        }, 
        "fit": "Linear", 
        "value": 37.65436259603902
    }, 
    "Ar40": {
        "error": 0.027743182309076058, 
        "filter_outliers_dict": {
            "filter_outliers": true, 
            "iterations": 1, 
            "std_devs": 2
        }, 
        "fit": "Linear", 
        "value": 202.16796120360766
    }, 
    "Ar41": {
        "error": 0.004726520582054282, 
        "filter_outliers_dict": {
            "filter_outliers": true, 
            "iterations": 1, 
            "std_devs": 2
        }, 
        "fit": "Average", 
        "value": 0.09070091161002306
    }
}