{
    "Ar36": {
        "error": 0.000380472918877945, 
        "filter_outliers_dict": {
            "filter_outliers": true, 
            "iterations": 1, 
            "std_devs": 2
        }, 
        "fit": "Linear", 
        "value": 0.029431446520948902
    }, 
    "Ar37": {
        "error": 0.011268519075499379, 
        "filter_outliers_dict": {
            "filter_outliers": true, 
            "iterations": 1, 
            "std_devs": 2
        }, 
        "fit": "linear", 
        "value": 0.17306047133619495
    }, 
    "Ar38": {
        "error": 0.003973340698369256, 
        "filter_outliers_dict": {
            "filter_outliers": true, 
            "iterations": 1, 
            "std_devs": 2
        }, 
        "fit": "linear", 
        "value": 0.189638990678389
    }, 
    "Ar39": {
        "error": 0.011286057582885686, 
        "filter_outliers_dict": {
            "filter_outliers": true, 
            "iterations": 1, 
            "std_devs": 2
        }, 
        "fit": "Linear", 
        "value": 13.115320690968552
    }, 
    "Ar40": {
        "error": 0.05784762733488461, 
        "filter_outliers_dict": {
            "filter_outliers": true, 
            "iterations": 1, 
            "std_devs": 2
        }, 
        "fit": "Linear", 
        "value": 868.2068931517499
    }, 
    "Ar41": {
        "error": 0.003921469784866355, 
        "filter_outliers_dict": {
            "filter_outliers": true, 
            "iterations": 1, 
            "std_devs": 2
        }, 
        "fit": "Average", 
        "value": 0.1326487516558995
    }
}