{
    "Ar36": {
        "error": 0.0002828591583707523, 
        "filter_outliers_dict": {
            "filter_outliers": true, 
            "iterations": 1, 
            "std_devs": 2
        }, 
        "fit": "Linear", 
        "value": 0.012575624378090967
    }, 
    "Ar37": {
        "error": 0.010105635875350879, 
        "filter_outliers_dict": {
            "filter_outliers": true, 
            "iterations": 1, 
            "std_devs": 2
        }, 
        "fit": "linear", 
        "value": 0.3044954847165563
    }, 
    "Ar38": {
        "error": 0.004928450548304313, 
        "filter_outliers_dict": {
            "filter_outliers": true, 
            "iterations": 1, 
            "std_devs": 2
        }, 
        "fit": "linear", 
        "value": 0.23112544693350945
    }, 
    "Ar39": {
        "error": 0.013148473398626313, 
        "filter_outliers_dict": {
            "filter_outliers": true, 
            "iterations": 1, 
            "std_devs": 2
        }, 
        "fit": "Linear", 
        "value": 18.07228291701675
    }, 
    "Ar40": {
        "error": 0.019217385116988617, 
        "filter_outliers_dict": {
            "filter_outliers": true, 
            "iterations": 1, 
            "std_devs": 2
        }, 
        "fit": "Linear", 
        "value": 94.25241537257384
    }, 
    "Ar41": {
        "error": 0.005093385991810913, 
        "filter_outliers_dict": {
            "filter_outliers": true, 
            "iterations": 1, 
            "std_devs": 2
        }, 
        "fit": "Average", 
        "value": 0.097411310988007
    }
}