{
    "Ar36": {
        "error": 0.0004635841698425722, 
        "filter_outliers_dict": {
            "filter_outliers": true, 
            "iterations": 1, 
            "std_devs": 2
        }, 
        "fit": "Linear", 
        "value": 0.03410815964626712
    }, 
    "Ar37": {
        "error": 0.01084302065887702, 
        "filter_outliers_dict": {
            "filter_outliers": true, 
            "iterations": 1, 
            "std_devs": 2
        }, 
        "fit": "linear", 
        "value": 0.5457203164076985
    }, 
    "Ar38": {
        "error": 0.005352370752990249, 
        "filter_outliers_dict": {
            "filter_outliers": true, 
            "iterations": 1, 
            "std_devs": 2
        }, 
        "fit": "linear", 
        "value": 0.42580993916556886
    }, 
    "Ar39": {
        "error": 0.014784292947449117, 
        "filter_outliers_dict": {
            "filter_outliers": true, 
            "iterations": 1, 
            "std_devs": 2
        }, 
        "fit": "Linear", 
        "value": 30.52590033597684
    }, 
    "Ar40": {
        "error": 0.014780051434905147, 
        "filter_outliers_dict": {
            "filter_outliers": true, 
            "iterations": 1, 
            "std_devs": 2
        }, 
        "fit": "Linear", 
        "value": 62.4568502816973
    }, 
    "Ar41": {
        "error": 0.004728802953132972, 
        "filter_outliers_dict": {
            "filter_outliers": true, 
            "iterations": 1, 
            "std_devs": 2
        }, 
        "fit": "Average", 
        "value": 0.09383375804791005
    }
}