{
    "Ar36": {
        "error": 0.00035551796353824026, 
        "filter_outliers_dict": {
            "filter_outliers": true, 
            "iterations": 1, 
            "std_devs": 2
        }, 
        "fit": "Linear", 
        "value": 0.016311453313061546
    }, 
    "Ar37": {
        "error": 0.009592640974908776, 
        "filter_outliers_dict": {
            "filter_outliers": true, 
            "iterations": 1, 
            "std_devs": 2
        }, 
        "fit": "linear", 
        "value": 0.2986569557855883
    }, 
    "Ar38": {
        "error": 0.004494347309870413, 
        "filter_outliers_dict": {
            "filter_outliers": true, 
            "iterations": 1, 
            "std_devs": 2
        }, 
        "fit": "linear", 
        "value": 0.30372031640539277
    }, 
    "Ar39": {
        "error": 0.015144700086876852, 
        "filter_outliers_dict": {
            "filter_outliers": true, 
            "iterations": 1, 
            "std_devs": 2
        }, 
        "fit": "Linear", 
        "value": 23.21149877587917
    }, 
    "Ar40": {
        "error": 0.07488414690341517, 
        "filter_outliers_dict": {
            "filter_outliers": true, 
            "iterations": 1, 
            "std_devs": 2
        }, 
        "fit": "Linear", 
        "value": 1014.6966138467146
    }, 
    "Ar41": {
        "error": 0.004195298724339576, 
        "filter_outliers_dict": {
            "filter_outliers": true, 
            "iterations": 1, 
            "std_devs": 2
        }, 
        "fit": "Average", 
        "value": 0.1048775007336845
    }
}