{
    "Ar36": {
        "error": 0.00025064134065339255, 
        "filter_outliers_dict": {
            "filter_outliers": true, 
            "iterations": 1, 
            "std_devs": 2
        }, 
        "fit": "Linear", 
        "value": 0.013245433971542068
    }, 
    "Ar37": {
        "error": 0.010824706914525343, 
        "filter_outliers_dict": {
            "filter_outliers": true, 
            "iterations": 1, 
            "std_devs": 2
        }, 
        "fit": "linear", 
        "value": 0.17514941184358707
    }, 
    "Ar38": {
        "error": 0.004443272423202201, 
        "filter_outliers_dict": {
            "filter_outliers": true, 
            "iterations": 1, 
            "std_devs": 2
        }, 
        "fit": "linear", 
        "value": 0.12833777759844767
    }, 
    "Ar39": {
        "error": 0.011732048659023692, 
        "filter_outliers_dict": {
            "filter_outliers": true, 
            "iterations": 1, 
            "std_devs": 2
        }, 
        "fit": "Linear", 
        "value": 7.844356162533192
    }, 
    "Ar40": {
        "error": 0.128970133363058, 
        "filter_outliers_dict": {
            "filter_outliers": true, 
            "iterations": 1, 
            "std_devs": 2
        }, 
        "fit": "Linear", 
        "value": 2229.4360208403064
    }, 
    "Ar41": {
        "error": 0.004604783278077845, 
        "filter_outliers_dict": {
            "filter_outliers": true, 
            "iterations": 1, 
            "std_devs": 2
        }, 
        "fit": "Average", 
        "value": 0.2007342426071539
    }
}