{
    "Ar36": {
        "error": 0.0006668959400022714, 
        "filter_outliers_dict": {
            "filter_outliers": true, 
            "iterations": 1, 
            "std_devs": 2
        }, 
        "fit": "Linear", 
        "value": 0.07358364614657524
    }, 
    "Ar37": {
        "error": 0.010717564697358368, 
        "filter_outliers_dict": {
            "filter_outliers": true, 
            "iterations": 1, 
            "std_devs": 2
        }, 
        "fit": "linear", 
        "value": 0.19093593828177735
    }, 
    "Ar38": {
        "error": 0.004114951401007084, 
        "filter_outliers_dict": {
            "filter_outliers": true, 
            "iterations": 1, 
            "std_devs": 2
        }, 
        "fit": "linear", 
        "value": 0.28827027414234574
    }, 
    "Ar39": {
        "error": 0.012752963437945124, 
        "filter_outliers_dict": {
            "filter_outliers": true, 
            "iterations": 1, 
            "std_devs": 2
        }, 
        "fit": "Linear", 
        "value": 21.11710460250937
    }, 
    "Ar40": {
        "error": 0.19899717390457874, 
        "filter_outliers_dict": {
            "filter_outliers": true, 
            "iterations": 1, 
            "std_devs": 2
        }, 
        "fit": "Linear", 
        "value": 4568.152236764013
    }, 
    "Ar41": {
        "error": 0.004245489551005437, 
        "filter_outliers_dict": {
            "filter_outliers": true, 
            "iterations": 1, 
            "std_devs": 2
        }, 
        "fit": "Average", 
        "value": 0.3154368646394563
    }
}