{
    "Ar36": {
        "error": 0.0002629597030943318, 
        "filter_outliers_dict": {
            "filter_outliers": true, 
            "iterations": 1, 
            "std_devs": 2
        }, 
        "fit": "Linear", 
        "value": 0.015679180112888432
    }, 
    "Ar37": {
        "error": 0.010230072698371343, 
        "filter_outliers_dict": {
            "filter_outliers": true, 
            "iterations": 1, 
            "std_devs": 2
        }, 
        "fit": "linear", 
        "value": 0.6071020655797925
    }, 
    "Ar38": {
        "error": 0.004734208741482918, 
        "filter_outliers_dict": {
            "filter_outliers": true, 
            "iterations": 1, 
            "std_devs": 2
        }, 
        "fit": "linear", 
        "value": 0.3877642230220115
    }, 
    "Ar39": {
        "error": 0.015391446176678729, 
        "filter_outliers_dict": {
            "filter_outliers": true, 
            "iterations": 1, 
            "std_devs": 2
        }, 
        "fit": "Linear", 
        "value": 29.290509308477716
    }, 
    "Ar40": {
        "error": 0.023923239441178468, 
        "filter_outliers_dict": {
            "filter_outliers": true, 
            "iterations": 1, 
            "std_devs": 2
        }, 
        "fit": "Linear", 
        "value": 208.13439266272937
    }, 
    "Ar41": {
        "error": 0.0049587361277260355, 
        "filter_outliers_dict": {
            "filter_outliers": true, 
            "iterations": 1, 
            "std_devs": 2
        }, 
        "fit": "Average", 
        "value": 0.08333475147003358
    }
}