{
    "Ar36": {
        "error": 0.00023718757057047016, 
        "filter_outliers_dict": {
            "filter_outliers": true, 
            "iterations": 1, 
            "std_devs": 2
        }, 
        "fit": "Linear", 
        "value": 0.007062592188322871
    }, 
    "Ar37": {
        "error": 0.009622218075187048, 
        "filter_outliers_dict": {
            "filter_outliers": true, 
            "iterations": 1, 
            "std_devs": 2
        }, 
        "fit": "linear", 
        "value": 0.4931390654925338
    }, 
    "Ar38": {
        "error": 0.004518154060629532, 
        "filter_outliers_dict": {
            "filter_outliers": true, 
            "iterations": 1, 
            "std_devs": 2
        }, 
        "fit": "linear", 
        "value": 0.8131350417146255
    }, 
    "Ar39": {
        "error": 0.018652548334732937, 
        "filter_outliers_dict": {
            "filter_outliers": true, 
            "iterations": 1, 
            "std_devs": 2
        }, 
        "fit": "Linear", 
        "value": 61.168631924462865
    }, 
    "Ar40": {
        "error": 0.027479928757525536, 
        "filter_outliers_dict": {
            "filter_outliers": true, 
            "iterations": 1, 
            "std_devs": 2
        }, 
        "fit": "Linear", 
        "value": 323.69551896768417
    }, 
    "Ar41": {
        "error": 0.004784692101172662, 
        "filter_outliers_dict": {
            "filter_outliers": true, 
            "iterations": 1, 
            "std_devs": 2
        }, 
        "fit": "Average", 
        "value": 0.09631471501137509
    }
}