{
    "Ar36": {
        "error": 0.00013858633089558527, 
        "filter_outliers_dict": {
            "filter_outliers": true, 
            "iterations": 1, 
            "std_devs": 2
        }, 
        "fit": "Linear", 
        "value": 0.0030117998611879746
    }, 
    "Ar37": {
        "error": 0.010985780978386515, 
        "filter_outliers_dict": {
            "filter_outliers": true, 
            "iterations": 1, 
            "std_devs": 2
        }, 
        "fit": "linear", 
        "value": 0.1680977662457227
    }, 
    "Ar38": {
        "error": 0.004798571774398724, 
        "filter_outliers_dict": {
            "filter_outliers": true, 
            "iterations": 1, 
            "std_devs": 2
        }, 
        "fit": "linear", 
        "value": 0.003945673624662934
    }, 
    "Ar39": {
        "error": 0.00942866404490983, 
        "filter_outliers_dict": {
            "filter_outliers": true, 
            "iterations": 1, 
            "std_devs": 2
        }, 
        "fit": "Linear", 
        "value": 0.11640379560755686
    }, 
    "Ar40": {
        "error": 0.009048167764482177, 
        "filter_outliers_dict": {
            "filter_outliers": true, 
            "iterations": 1, 
            "std_devs": 2
        }, 
        "fit": "Linear", 
        "value": 0.744139021244297
    }, 
    "Ar41": {
        "error": 0.004117640628709502, 
        "filter_outliers_dict": {
            "filter_outliers": true, 
            "iterations": 1, 
            "std_devs": 2
        }, 
        "fit": "Average", 
        "value": 0.07813921267708718
    }
}