{
    "Ar36": {
        "error": 0.00018510293277415482, 
        "filter_outliers_dict": {
            "filter_outliers": true, 
            "iterations": 1, 
            "std_devs": 2
        }, 
        "fit": "Linear", 
        "value": 0.005347123052426804
    }, 
    "Ar37": {
        "error": 0.010453986295284427, 
        "filter_outliers_dict": {
            "filter_outliers": true, 
            "iterations": 1, 
            "std_devs": 2
        }, 
        "fit": "linear", 
        "value": 0.43260180230807904
    }, 
    "Ar38": {
        "error": 0.004499554690289991, 
        "filter_outliers_dict": {
            "filter_outliers": true, 
            "iterations": 1, 
            "std_devs": 2
        }, 
        "fit": "linear", 
        "value": 0.7348863492939004
    }, 
    "Ar39": {
        "error": 0.01679042907764794, 
        "filter_outliers_dict": {
            "filter_outliers": true, 
            "iterations": 1, 
            "std_devs": 2
        }, 
        "fit": "Linear", 
        "value": 56.92017688906847
    }, 
    "Ar40": {
        "error": 0.02772516405304896, 
        "filter_outliers_dict": {
            "filter_outliers": true, 
            "iterations": 1, 
            "std_devs": 2
        }, 
        "fit": "Linear", 
        "value": 302.1588893478844
    }, 
    "Ar41": {
        "error": 0.005139847393870697, 
        "filter_outliers_dict": {
            "filter_outliers": true, 
            "iterations": 1, 
            "std_devs": 2
        }, 
        "fit": "Average", 
        "value": 0.09333031919965365
    }
}