{
    "Ar36": {
        "error": 0.00020487235522387778, 
        "filter_outliers_dict": {
            "filter_outliers": true, 
            "iterations": 1, 
            "std_devs": 2
        }, 
        "fit": "Linear", 
        "value": 0.0067897890149743265
    }, 
    "Ar37": {
        "error": 0.01088400311616005, 
        "filter_outliers_dict": {
            "filter_outliers": true, 
            "iterations": 1, 
            "std_devs": 2
        }, 
        "fit": "linear", 
        "value": 0.18570308488464493
    }, 
    "Ar38": {
        "error": 0.0037670811094285333, 
        "filter_outliers_dict": {
            "filter_outliers": true, 
            "iterations": 1, 
            "std_devs": 2
        }, 
        "fit": "linear", 
        "value": 0.025335347032197864
    }, 
    "Ar39": {
        "error": 0.011350118880349773, 
        "filter_outliers_dict": {
            "filter_outliers": true, 
            "iterations": 1, 
            "std_devs": 2
        }, 
        "fit": "Linear", 
        "value": 1.4737299434362081
    }, 
    "Ar40": {
        "error": 0.009647282704628194, 
        "filter_outliers_dict": {
            "filter_outliers": true, 
            "iterations": 1, 
            "std_devs": 2
        }, 
        "fit": "Linear", 
        "value": 9.165072048753053
    }, 
    "Ar41": {
        "error": 0.003650925763041109, 
        "filter_outliers_dict": {
            "filter_outliers": true, 
            "iterations": 1, 
            "std_devs": 2
        }, 
        "fit": "Average", 
        "value": 0.09470752817825157
    }
}