{
    "Ar36": {
        "error": 0.00022301590047346163, 
        "filter_outliers_dict": {
            "filter_outliers": true, 
            "iterations": 1, 
            "std_devs": 2
        }, 
        "fit": "Linear", 
        "value": 0.008086109518615039
    }, 
    "Ar37": {
        "error": 0.010764970085826874, 
        "filter_outliers_dict": {
            "filter_outliers": true, 
            "iterations": 1, 
            "std_devs": 2
        }, 
        "fit": "linear", 
        "value": 0.3233766655409703
    }, 
    "Ar38": {
        "error": 0.004700616328588047, 
        "filter_outliers_dict": {
            "filter_outliers": true, 
            "iterations": 1, 
            "std_devs": 2
        }, 
        "fit": "linear", 
        "value": 0.29658646044779036
    }, 
    "Ar39": {
        "error": 0.012222191577709226, 
        "filter_outliers_dict": {
            "filter_outliers": true, 
            "iterations": 1, 
            "std_devs": 2
        }, 
        "fit": "Linear", 
        "value": 22.263732531211026
    }, 
    "Ar40": {
        "error": 0.02413132591383826, 
        "filter_outliers_dict": {
            "filter_outliers": true, 
            "iterations": 1, 
            "std_devs": 2
        }, 
        "fit": "Linear", 
        "value": 250.0261870226414
    }, 
    "Ar41": {
        "error": 0.0048763992070213645, 
        "filter_outliers_dict": {
            "filter_outliers": true, 
            "iterations": 1, 
            "std_devs": 2
        }, 
        "fit": "Average", 
        "value": 0.08368809646449957
    }
}