{
    "Ar36": {
        "error": 0.00029981913667986, 
        "filter_outliers_dict": {
            "filter_outliers": true, 
            "iterations": 1, 
            "std_devs": 2
        }, 
        "fit": "Linear", 
        "value": 0.015598346004938484
    }, 
    "Ar37": {
        "error": 0.01215929942210497, 
        "filter_outliers_dict": {
            "filter_outliers": true, 
            "iterations": 1, 
            "std_devs": 2
        }, 
        "fit": "linear", 
        "value": 0.24417858727604846
    }, 
    "Ar38": {
        "error": 0.003949240507906209, 
        "filter_outliers_dict": {
            "filter_outliers": true, 
            "iterations": 1, 
            "std_devs": 2
        }, 
        "fit": "linear", 
        "value": 0.34955065015186754
    }, 
    "Ar39": {
        "error": 0.01371550712056926, 
        "filter_outliers_dict": {
            "filter_outliers": true, 
            "iterations": 1, 
            "std_devs": 2
        }, 
        "fit": "Linear", 
        "value": 25.147840050766977
    }, 
    "Ar40": {
        "error": 0.027202485638038874, 
        "filter_outliers_dict": {
            "filter_outliers": true, 
            "iterations": 1, 
            "std_devs": 2
        }, 
        "fit": "Linear", 
        "value": 174.92315188718396
    }, 
    "Ar41": {
        "error": 0.004651606616340662, 
        "filter_outliers_dict": {
            "filter_outliers": true, 
            "iterations": 1, 
            "std_devs": 2
        }, 
        "fit": "Average", 
        "value": 0.059307453490696826
    }
}