{
    "Ar36": {
        "error": 0.000350074778478234, 
        "filter_outliers_dict": {
            "filter_outliers": true, 
            "iterations": 1, 
            "std_devs": 2
        }, 
        "fit": "Linear", 
        "value": 0.01868209678316875
    }, 
    "Ar37": {
        "error": 0.010646320848571391, 
        "filter_outliers_dict": {
            "filter_outliers": true, 
            "iterations": 1, 
            "std_devs": 2
        }, 
        "fit": "linear", 
        "value": 0.4534903579652741
    }, 
    "Ar38": {
        "error": 0.004886071952544705, 
        "filter_outliers_dict": {
            "filter_outliers": true, 
            "iterations": 1, 
            "std_devs": 2
        }, 
        "fit": "linear", 
        "value": 0.574128657097049
    }, 
    "Ar39": {
        "error": 0.016449565922205492, 
        "filter_outliers_dict": {
            "filter_outliers": true, 
            "iterations": 1, 
            "std_devs": 2
        }, 
        "fit": "Linear", 
        "value": 42.58694837238669
    }, 
    "Ar40": {
        "error": 0.025530734090171352, 
        "filter_outliers_dict": {
            "filter_outliers": true, 
            "iterations": 1, 
            "std_devs": 2
        }, 
        "fit": "Linear", 
        "value": 279.5019333492142
    }, 
    "Ar41": {
        "error": 0.004875598224234125, 
        "filter_outliers_dict": {
            "filter_outliers": true, 
            "iterations": 1, 
            "std_devs": 2
        }, 
        "fit": "Average", 
        "value": 0.0909288904503982
    }
}