{
    "Ar36": {
        "error": 0.00022416160526053859, 
        "filter_outliers_dict": {
            "filter_outliers": true, 
            "iterations": 1, 
            "std_devs": 2
        }, 
        "fit": "Linear", 
        "value": 0.008760195944387702
    }, 
    "Ar37": {
        "error": 0.010382816492771566, 
        "filter_outliers_dict": {
            "filter_outliers": true, 
            "iterations": 1, 
            "std_devs": 2
        }, 
        "fit": "linear", 
        "value": 0.19204364294430581
    }, 
    "Ar38": {
        "error": 0.004980681076524047, 
        "filter_outliers_dict": {
            "filter_outliers": true, 
            "iterations": 1, 
            "std_devs": 2
        }, 
        "fit": "linear", 
        "value": 0.0576104647007525
    }, 
    "Ar39": {
        "error": 0.012551894432271867, 
        "filter_outliers_dict": {
            "filter_outliers": true, 
            "iterations": 1, 
            "std_devs": 2
        }, 
        "fit": "Linear", 
        "value": 3.3322508378215576
    }, 
    "Ar40": {
        "error": 0.011276911166047643, 
        "filter_outliers_dict": {
            "filter_outliers": true, 
            "iterations": 1, 
            "std_devs": 2
        }, 
        "fit": "Linear", 
        "value": 19.469557140983667
    }, 
    "Ar41": {
        "error": 0.0052086701303706824, 
        "filter_outliers_dict": {
            "filter_outliers": true, 
            "iterations": 1, 
            "std_devs": 2
        }, 
        "fit": "Average", 
        "value": 0.0797296185043269
    }
}