{
    "Ar36": {
        "error": 0.0005699238651125175, 
        "filter_outliers_dict": {
            "filter_outliers": true, 
            "iterations": 1, 
            "std_devs": 2
        }, 
        "fit": "Linear", 
        "value": 0.055118567860390155
    }, 
    "Ar37": {
        "error": 0.008786804657779335, 
        "filter_outliers_dict": {
            "filter_outliers": true, 
            "iterations": 1, 
            "std_devs": 2
        }, 
        "fit": "linear", 
        "value": 0.2697454140175364
    }, 
    "Ar38": {
        "error": 0.004454045762717184, 
        "filter_outliers_dict": {
            "filter_outliers": true, 
            "iterations": 1, 
            "std_devs": 2
        }, 
        "fit": "linear", 
        "value": 0.258043886946025
    }, 
    "Ar39": {
        "error": 0.010743229355315269, 
        "filter_outliers_dict": {
            "filter_outliers": true, 
            "iterations": 1, 
            "std_devs": 2
        }, 
        "fit": "Linear", 
        "value": 18.506462386950616
    }, 
    "Ar40": {
        "error": 0.022621962692528853, 
        "filter_outliers_dict": {
            "filter_outliers": true, 
            "iterations": 1, 
            "std_devs": 2
        }, 
        "fit": "Linear", 
        "value": 113.47184668736483
    }, 
    "Ar41": {
        "error": 0.004566746691448718, 
        "filter_outliers_dict": {
            "filter_outliers": true, 
            "iterations": 1, 
            "std_devs": 2
        }, 
        "fit": "Average", 
        "value": 0.09682316616545979
    }
}