{
    "Ar36": {
        "error": 0.0002256449765588127, 
        "filter_outliers_dict": {
            "filter_outliers": true, 
            "iterations": 1, 
            "std_devs": 2
        }, 
        "fit": "Linear", 
        "value": 0.010020855846673572
    }, 
    "Ar37": {
        "error": 0.010438849237001025, 
        "filter_outliers_dict": {
            "filter_outliers": true, 
            "iterations": 1, 
            "std_devs": 2
        }, 
        "fit": "linear", 
        "value": 0.17077652057217413
    }, 
    "Ar38": {
        "error": 0.0042569288819645805, 
        "filter_outliers_dict": {
            "filter_outliers": true, 
            "iterations": 1, 
            "std_devs": 2
        }, 
        "fit": "linear", 
        "value": 0.11534993476503438
    }, 
    "Ar39": {
        "error": 0.013674470176536417, 
        "filter_outliers_dict": {
            "filter_outliers": true, 
            "iterations": 1, 
            "std_devs": 2
        }, 
        "fit": "Linear", 
        "value": 8.433288034762981
    }, 
    "Ar40": {
        "error": 0.051519060531124476, 
        "filter_outliers_dict": {
            "filter_outliers": true, 
            "iterations": 1, 
            "std_devs": 2
        }, 
        "fit": "Linear", 
        "value": 684.2617268136622
    }, 
    "Ar41": {
        "error": 0.004964047959761592, 
        "filter_outliers_dict": {
            "filter_outliers": true, 
            "iterations": 1, 
            "std_devs": 2
        }, 
        "fit": "Average", 
        "value": 0.1016247703446677
    }
}