{
    "Ar36": {
        "error": 0.00032282545523377114, 
        "filter_outliers_dict": {
            "filter_outliers": true, 
            "iterations": 1, 
            "std_devs": 2
        }, 
        "fit": "Linear", 
        "value": 0.025328616501722835
    }, 
    "Ar37": {
        "error": 0.00974785512183091, 
        "filter_outliers_dict": {
            "filter_outliers": true, 
            "iterations": 1, 
            "std_devs": 2
        }, 
        "fit": "linear", 
        "value": 0.19246768770565886
    }, 
    "Ar38": {
        "error": 0.004064091905201148, 
        "filter_outliers_dict": {
            "filter_outliers": true, 
            "iterations": 1, 
            "std_devs": 2
        }, 
        "fit": "linear", 
        "value": 0.2729448161025901
    }, 
    "Ar39": {
        "error": 0.01335879957020758, 
        "filter_outliers_dict": {
            "filter_outliers": true, 
            "iterations": 1, 
            "std_devs": 2
        }, 
        "fit": "Linear", 
        "value": 20.342452934259722
    }, 
    "Ar40": {
        "error": 0.08239831848215644, 
        "filter_outliers_dict": {
            "filter_outliers": true, 
            "iterations": 1, 
            "std_devs": 2
        }, 
        "fit": "Linear", 
        "value": 1301.0152145885636
    }, 
    "Ar41": {
        "error": 0.004461085349689428, 
        "filter_outliers_dict": {
            "filter_outliers": true, 
            "iterations": 1, 
            "std_devs": 2
        }, 
        "fit": "Average", 
        "value": 0.13121055491548497
    }
}