{
    "Ar36": {
        "error": 0.00021953240512591392, 
        "filter_outliers_dict": {
            "filter_outliers": true, 
            "iterations": 1, 
            "std_devs": 2
        }, 
        "fit": "Linear", 
        "value": 0.006555566280597192
    }, 
    "Ar37": {
        "error": 0.010205582880404797, 
        "filter_outliers_dict": {
            "filter_outliers": true, 
            "iterations": 1, 
            "std_devs": 2
        }, 
        "fit": "linear", 
        "value": 0.4126586565544865
    }, 
    "Ar38": {
        "error": 0.003581842551591558, 
        "filter_outliers_dict": {
            "filter_outliers": true, 
            "iterations": 1, 
            "std_devs": 2
        }, 
        "fit": "linear", 
        "value": 0.34055191645470373
    }, 
    "Ar39": {
        "error": 0.015456537892297027, 
        "filter_outliers_dict": {
            "filter_outliers": true, 
            "iterations": 1, 
            "std_devs": 2
        }, 
        "fit": "Linear", 
        "value": 25.638572043970253
    }, 
    "Ar40": {
        "error": 0.022245748376837175, 
        "filter_outliers_dict": {
            "filter_outliers": true, 
            "iterations": 1, 
            "std_devs": 2
        }, 
        "fit": "Linear", 
        "value": 134.34408717161875
    }, 
    "Ar41": {
        "error": 0.004839096079063141, 
        "filter_outliers_dict": {
            "filter_outliers": true, 
            "iterations": 1, 
            "std_devs": 2
        }, 
        "fit": "Average", 
        "value": 0.09694934479302172
    }
}