{
    "Ar36": {
        "error": 0.00018370690875537545, 
        "filter_outliers_dict": {
            "filter_outliers": true, 
            "iterations": 1, 
            "std_devs": 2
        }, 
        "fit": "Linear", 
        "value": 0.006427409344573022
    }, 
    "Ar37": {
        "error": 0.010305572065195445, 
        "filter_outliers_dict": {
            "filter_outliers": true, 
            "iterations": 1, 
            "std_devs": 2
        }, 
        "fit": "linear", 
        "value": 0.16999786576093862
    }, 
    "Ar38": {
        "error": 0.004290177476890353, 
        "filter_outliers_dict": {
            "filter_outliers": true, 
            "iterations": 1, 
            "std_devs": 2
        }, 
        "fit": "linear", 
        "value": 0.016287313148132677
    }, 
    "Ar39": {
        "error": 0.009893595192570919, 
        "filter_outliers_dict": {
            "filter_outliers": true, 
            "iterations": 1, 
            "std_devs": 2
        }, 
        "fit": "Linear", 
        "value": 0.09180837622515184
    }, 
    "Ar40": {
        "error": 0.01018637946318049, 
        "filter_outliers_dict": {
            "filter_outliers": true, 
            "iterations": 1, 
            "std_devs": 2
        }, 
        "fit": "Linear", 
        "value": 2.7882063373385177
    }, 
    "Ar41": {
        "error": 0.004482078550042675, 
        "filter_outliers_dict": {
            "filter_outliers": true, 
            "iterations": 1, 
            "std_devs": 2
        }, 
        "fit": "Average", 
        "value": 0.08686997785322424
    }
}