{
    "Ar36": {
        "error": 0.0001718753340234914, 
        "filter_outliers_dict": {
            "filter_outliers": true, 
            "iterations": 1, 
            "std_devs": 2
        }, 
        "fit": "Linear", 
        "value": 0.005130431950086329
    }, 
    "Ar37": {
        "error": 0.009358489026222326, 
        "filter_outliers_dict": {
            "filter_outliers": true, 
            "iterations": 1, 
            "std_devs": 2
        }, 
        "fit": "linear", 
        "value": 0.22523141855328266
    }, 
    "Ar38": {
        "error": 0.004209384711236506, 
        "filter_outliers_dict": {
            "filter_outliers": true, 
            "iterations": 1, 
            "std_devs": 2
        }, 
        "fit": "linear", 
        "value": 0.12140578937449673
    }, 
    "Ar39": {
        "error": 0.011737759531489528, 
        "filter_outliers_dict": {
            "filter_outliers": true, 
            "iterations": 1, 
            "std_devs": 2
        }, 
        "fit": "Linear", 
        "value": 8.64343817598769
    }, 
    "Ar40": {
        "error": 0.013836265001081406, 
        "filter_outliers_dict": {
            "filter_outliers": true, 
            "iterations": 1, 
            "std_devs": 2
        }, 
        "fit": "Linear", 
        "value": 50.725073579382624
    }, 
    "Ar41": {
        "error": 0.004793151791436497, 
        "filter_outliers_dict": {
            "filter_outliers": true, 
            "iterations": 1, 
            "std_devs": 2
        }, 
        "fit": "Average", 
        "value": 0.08581392053418967
    }
}