{
    "Ar36": {
        "error": 0.0002404586237829036, 
        "filter_outliers_dict": {
            "filter_outliers": true, 
            "iterations": 1, 
            "std_devs": 2
        }, 
        "fit": "Linear", 
        "value": 0.009549161225305117
    }, 
    "Ar37": {
        "error": 0.010141781862466082, 
        "filter_outliers_dict": {
            "filter_outliers": true, 
            "iterations": 1, 
            "std_devs": 2
        }, 
        "fit": "linear", 
        "value": 0.33356892648691794
    }, 
    "Ar38": {
        "error": 0.004362884857687881, 
        "filter_outliers_dict": {
            "filter_outliers": true, 
            "iterations": 1, 
            "std_devs": 2
        }, 
        "fit": "linear", 
        "value": 0.37304123414967527
    }, 
    "Ar39": {
        "error": 0.015550161983953106, 
        "filter_outliers_dict": {
            "filter_outliers": true, 
            "iterations": 1, 
            "std_devs": 2
        }, 
        "fit": "Linear", 
        "value": 27.773775579059134
    }, 
    "Ar40": {
        "error": 0.023520724199694525, 
        "filter_outliers_dict": {
            "filter_outliers": true, 
            "iterations": 1, 
            "std_devs": 2
        }, 
        "fit": "Linear", 
        "value": 137.5728670552089
    }, 
    "Ar41": {
        "error": 0.005224892573500927, 
        "filter_outliers_dict": {
            "filter_outliers": true, 
            "iterations": 1, 
            "std_devs": 2
        }, 
        "fit": "Average", 
        "value": 0.08496663480915449
    }
}