{
    "Ar36": {
        "error": 0.00016293798972493625, 
        "filter_outliers_dict": {
            "filter_outliers": true, 
            "iterations": 1, 
            "std_devs": 2
        }, 
        "fit": "Linear", 
        "value": 0.0038789293779417635
    }, 
    "Ar37": {
        "error": 0.008686614828518546, 
        "filter_outliers_dict": {
            "filter_outliers": true, 
            "iterations": 1, 
            "std_devs": 2
        }, 
        "fit": "linear", 
        "value": 0.24958770823715748
    }, 
    "Ar38": {
        "error": 0.0046381456504558105, 
        "filter_outliers_dict": {
            "filter_outliers": true, 
            "iterations": 1, 
            "std_devs": 2
        }, 
        "fit": "linear", 
        "value": 0.15754628268713622
    }, 
    "Ar39": {
        "error": 0.011461371780964598, 
        "filter_outliers_dict": {
            "filter_outliers": true, 
            "iterations": 1, 
            "std_devs": 2
        }, 
        "fit": "Linear", 
        "value": 10.704077252458458
    }, 
    "Ar40": {
        "error": 0.015295162894000139, 
        "filter_outliers_dict": {
            "filter_outliers": true, 
            "iterations": 1, 
            "std_devs": 2
        }, 
        "fit": "Linear", 
        "value": 57.16158971399944
    }, 
    "Ar41": {
        "error": 0.0051778450835355235, 
        "filter_outliers_dict": {
            "filter_outliers": true, 
            "iterations": 1, 
            "std_devs": 2
        }, 
        "fit": "Average", 
        "value": 0.08212329689159432
    }
}