{
    "Ar36": {
        "error": 0.00026640922271819334, 
        "filter_outliers_dict": {
            "filter_outliers": true, 
            "iterations": 1, 
            "std_devs": 2
        }, 
        "fit": "Linear", 
        "value": 0.010255905367480337
    }, 
    "Ar37": {
        "error": 0.009203102752205265, 
        "filter_outliers_dict": {
            "filter_outliers": true, 
            "iterations": 1, 
            "std_devs": 2
        }, 
        "fit": "linear", 
        "value": 0.1836915169218631
    }, 
    "Ar38": {
        "error": 0.003434018163414647, 
        "filter_outliers_dict": {
            "filter_outliers": true, 
            "iterations": 1, 
            "std_devs": 2
        }, 
        "fit": "linear", 
        "value": 0.008125233151192263
    }, 
    "Ar39": {
        "error": 0.010811926787893944, 
        "filter_outliers_dict": {
            "filter_outliers": true, 
            "iterations": 1, 
            "std_devs": 2
        }, 
        "fit": "Linear", 
        "value": 0.1105664299115988
    }, 
    "Ar40": {
        "error": 0.008851134703366504, 
        "filter_outliers_dict": {
            "filter_outliers": true, 
            "iterations": 1, 
            "std_devs": 2
        }, 
        "fit": "Linear", 
        "value": 3.0206875312647252
    }, 
    "Ar41": {
        "error": 0.005128585550211401, 
        "filter_outliers_dict": {
            "filter_outliers": true, 
            "iterations": 1, 
            "std_devs": 2
        }, 
        "fit": "Average", 
        "value": 0.07288585795077432
    }
}