{
    "Ar36": {
        "error": 0.00023942283216667144, 
        "filter_outliers_dict": {
            "filter_outliers": true, 
            "iterations": 1, 
            "std_devs": 2
        }, 
        "fit": "Linear", 
        "value": 0.008708592665767114
    }, 
    "Ar37": {
        "error": 0.010610274872632048, 
        "filter_outliers_dict": {
            "filter_outliers": true, 
            "iterations": 1, 
            "std_devs": 2
        }, 
        "fit": "linear", 
        "value": 0.18788014313998463
    }, 
    "Ar38": {
        "error": 0.004058540868034898, 
        "filter_outliers_dict": {
            "filter_outliers": true, 
            "iterations": 1, 
            "std_devs": 2
        }, 
        "fit": "linear", 
        "value": 0.037426799102644806
    }, 
    "Ar39": {
        "error": 0.009335622226130378, 
        "filter_outliers_dict": {
            "filter_outliers": true, 
            "iterations": 1, 
            "std_devs": 2
        }, 
        "fit": "Linear", 
        "value": 2.6359337470850077
    }, 
    "Ar40": {
        "error": 0.011952692697311865, 
        "filter_outliers_dict": {
            "filter_outliers": true, 
            "iterations": 1, 
            "std_devs": 2
        }, 
        "fit": "Linear", 
        "value": 16.226320641640235
    }, 
    "Ar41": {
        "error": 0.00506654516990915, 
        "filter_outliers_dict": {
            "filter_outliers": true, 
            "iterations": 1, 
            "std_devs": 2
        }, 
        "fit": "Average", 
        "value": 0.0776636910981214
    }
}