{
    "Ar36": {
        "error": 0.00016521809934742733, 
        "filter_outliers_dict": {
            "filter_outliers": true, 
            "iterations": 1, 
            "std_devs": 2
        }, 
        "fit": "Linear", 
        "value": 0.00599695286646824
    }, 
    "Ar37": {
        "error": 0.008917302718659679, 
        "filter_outliers_dict": {
            "filter_outliers": true, 
            "iterations": 1, 
            "std_devs": 2
        }, 
        "fit": "linear", 
        "value": 0.26596774231491643
    }, 
    "Ar38": {
        "error": 0.004428630469362661, 
        "filter_outliers_dict": {
            "filter_outliers": true, 
            "iterations": 1, 
            "std_devs": 2
        }, 
        "fit": "linear", 
        "value": 0.18442476788263062
    }, 
    "Ar39": {
        "error": 0.012545741629545672, 
        "filter_outliers_dict": {
            "filter_outliers": true, 
            "iterations": 1, 
            "std_devs": 2
        }, 
        "fit": "Linear", 
        "value": 13.647580040016338
    }, 
    "Ar40": {
        "error": 0.016268385328844483, 
        "filter_outliers_dict": {
            "filter_outliers": true, 
            "iterations": 1, 
            "std_devs": 2
        }, 
        "fit": "Linear", 
        "value": 83.72558769023243
    }, 
    "Ar41": {
        "error": 0.004607316661091154, 
        "filter_outliers_dict": {
            "filter_outliers": true, 
            "iterations": 1, 
            "std_devs": 2
        }, 
        "fit": "Average", 
        "value": 0.060358412159355807
    }
}