{
    "Ar36": {
        "error": 0.0002625266649354651, 
        "filter_outliers_dict": {
            "filter_outliers": true, 
            "iterations": 1, 
            "std_devs": 2
        }, 
        "fit": "Linear", 
        "value": 0.010031598441784199
    }, 
    "Ar37": {
        "error": 0.00974955523699377, 
        "filter_outliers_dict": {
            "filter_outliers": true, 
            "iterations": 1, 
            "std_devs": 2
        }, 
        "fit": "linear", 
        "value": 0.22235490902410412
    }, 
    "Ar38": {
        "error": 0.0039056016293614352, 
        "filter_outliers_dict": {
            "filter_outliers": true, 
            "iterations": 1, 
            "std_devs": 2
        }, 
        "fit": "linear", 
        "value": 0.0672020064897924
    }, 
    "Ar39": {
        "error": 0.011185577331137647, 
        "filter_outliers_dict": {
            "filter_outliers": true, 
            "iterations": 1, 
            "std_devs": 2
        }, 
        "fit": "Linear", 
        "value": 5.280116124039202
    }, 
    "Ar40": {
        "error": 0.012946648328793784, 
        "filter_outliers_dict": {
            "filter_outliers": true, 
            "iterations": 1, 
            "std_devs": 2
        }, 
        "fit": "Linear", 
        "value": 28.90219109428134
    }, 
    "Ar41": {
        "error": 0.004626071349052698, 
        "filter_outliers_dict": {
            "filter_outliers": true, 
            "iterations": 1, 
            "std_devs": 2
        }, 
        "fit": "Average", 
        "value": 0.0757557577693979
    }
}