{
    "Ar36": {
        "error": 0.00022988983714737607, 
        "filter_outliers_dict": {
            "filter_outliers": true, 
            "iterations": 1, 
            "std_devs": 2
        }, 
        "fit": "Linear", 
        "value": 0.008492038148394327
    }, 
    "Ar37": {
        "error": 0.009929105300465603, 
        "filter_outliers_dict": {
            "filter_outliers": true, 
            "iterations": 1, 
            "std_devs": 2
        }, 
        "fit": "linear", 
        "value": 0.1715346917216325
    }, 
    "Ar38": {
        "error": 0.004460486129970684, 
        "filter_outliers_dict": {
            "filter_outliers": true, 
            "iterations": 1, 
            "std_devs": 2
        }, 
        "fit": "linear", 
        "value": 0.07087412305740202
    }, 
    "Ar39": {
        "error": 0.012375689066143078, 
        "filter_outliers_dict": {
            "filter_outliers": true, 
            "iterations": 1, 
            "std_devs": 2
        }, 
        "fit": "Linear", 
        "value": 4.946837178036958
    }, 
    "Ar40": {
        "error": 0.11059350017379303, 
        "filter_outliers_dict": {
            "filter_outliers": true, 
            "iterations": 1, 
            "std_devs": 2
        }, 
        "fit": "Linear", 
        "value": 1392.5502862199503
    }, 
    "Ar41": {
        "error": 0.0042390013703349225, 
        "filter_outliers_dict": {
            "filter_outliers": true, 
            "iterations": 1, 
            "std_devs": 2
        }, 
        "fit": "Average", 
        "value": 0.14757251411438668
    }
}