{
    "Ar36": {
        "error": 0.0003679226075482442, 
        "filter_outliers_dict": {
            "filter_outliers": true, 
            "iterations": 1, 
            "std_devs": 2
        }, 
        "fit": "Linear", 
        "value": 0.01174358152849202
    }, 
    "Ar37": {
        "error": 0.01657411197416562, 
        "filter_outliers_dict": {
            "filter_outliers": true, 
            "iterations": 1, 
            "std_devs": 2
        }, 
        "fit": "linear", 
        "value": 0.14230333988099653
    }, 
    "Ar38": {
        "error": 0.006570208325544167, 
        "filter_outliers_dict": {
            "filter_outliers": true, 
            "iterations": 1, 
            "std_devs": 2
        }, 
        "fit": "linear", 
        "value": -4.799012258197629e-05
    }, 
    "Ar39": {
        "error": 0.01566616955376854, 
        "filter_outliers_dict": {
            "filter_outliers": true, 
            "iterations": 1, 
            "std_devs": 2
        }, 
        "fit": "Linear", 
        "value": 0.15444061747292576
    }, 
    "Ar40": {
        "error": 0.024659679810055613, 
        "filter_outliers_dict": {
            "filter_outliers": true, 
            "iterations": 1, 
            "std_devs": 2
        }, 
        "fit": "Linear", 
        "value": 89.85831540031556
    }, 
    "Ar41": {
        "error": 0.005748981026266077, 
        "filter_outliers_dict": {
            "filter_outliers": true, 
            "iterations": 1, 
            "std_devs": 2
        }, 
        "fit": "Average", 
        "value": 0.09476904421006108
    }
}