{
    "Ar36": {
        "error": 0.0009462394851368241, 
        "filter_outliers_dict": {
            "filter_outliers": true, 
            "iterations": 1, 
            "std_devs": 2
        }, 
        "fit": "Linear", 
        "value": 0.0438944127948122
    }, 
    "Ar37": {
        "error": 0.01830689751284368, 
        "filter_outliers_dict": {
            "filter_outliers": true, 
            "iterations": 1, 
            "std_devs": 2
        }, 
        "fit": "linear", 
        "value": 0.19528389236786195
    }, 
    "Ar38": {
        "error": 0.008241491674175302, 
        "filter_outliers_dict": {
            "filter_outliers": true, 
            "iterations": 1, 
            "std_devs": 2
        }, 
        "fit": "linear", 
        "value": 0.034378013502643696
    }, 
    "Ar39": {
        "error": 0.01700115099081609, 
        "filter_outliers_dict": {
            "filter_outliers": true, 
            "iterations": 1, 
            "std_devs": 2
        }, 
        "fit": "Linear", 
        "value": 0.1567630573064745
    }, 
    "Ar40": {
        "error": 0.06242783746790997, 
        "filter_outliers_dict": {
            "filter_outliers": true, 
            "iterations": 1, 
            "std_devs": 2
        }, 
        "fit": "Linear", 
        "value": 452.69144212447225
    }, 
    "Ar41": {
        "error": 0.006444052266000973, 
        "filter_outliers_dict": {
            "filter_outliers": true, 
            "iterations": 1, 
            "std_devs": 2
        }, 
        "fit": "Average", 
        "value": 0.08882434240909948
    }
}