{
    "Ar36": {
        "error": 0.000289496564333838, 
        "filter_outliers_dict": {
            "filter_outliers": true, 
            "iterations": 1, 
            "std_devs": 2
        }, 
        "fit": "Linear", 
        "value": 0.014398129934209615
    }, 
    "Ar37": {
        "error": 0.009826421180138014, 
        "filter_outliers_dict": {
            "filter_outliers": true, 
            "iterations": 1, 
            "std_devs": 2
        }, 
        "fit": "linear", 
        "value": 0.45521484410451096
    }, 
    "Ar38": {
        "error": 0.004745327752837131, 
        "filter_outliers_dict": {
            "filter_outliers": true, 
            "iterations": 1, 
            "std_devs": 2
        }, 
        "fit": "linear", 
        "value": 0.32958404257723617
    }, 
    "Ar39": {
        "error": 0.013963252021402908, 
        "filter_outliers_dict": {
            "filter_outliers": true, 
            "iterations": 1, 
            "std_devs": 2
        }, 
        "fit": "Linear", 
        "value": 24.35852863976996
    }, 
    "Ar40": {
        "error": 0.01890179606376954, 
        "filter_outliers_dict": {
            "filter_outliers": true, 
            "iterations": 1, 
            "std_devs": 2
        }, 
        "fit": "Linear", 
        "value": 130.4957130841342
    }, 
    "Ar41": {
        "error": 0.005214814147149153, 
        "filter_outliers_dict": {
            "filter_outliers": true, 
            "iterations": 1, 
            "std_devs": 2
        }, 
        "fit": "Average", 
        "value": 0.07365157855325147
    }
}