{
    "Ar36": {
        "error": 0.00025128498975386475, 
        "filter_outliers_dict": {
            "filter_outliers": true, 
            "iterations": 1, 
            "std_devs": 2
        }, 
        "fit": "Linear", 
        "value": 0.01128526938519944
    }, 
    "Ar37": {
        "error": 0.010417064833481652, 
        "filter_outliers_dict": {
            "filter_outliers": true, 
            "iterations": 1, 
            "std_devs": 2
        }, 
        "fit": "linear", 
        "value": 0.3681871086109461
    }, 
    "Ar38": {
        "error": 0.004146263290065933, 
        "filter_outliers_dict": {
            "filter_outliers": true, 
            "iterations": 1, 
            "std_devs": 2
        }, 
        "fit": "linear", 
        "value": 0.34907450844142046
    }, 
    "Ar39": {
        "error": 0.014343609569722658, 
        "filter_outliers_dict": {
            "filter_outliers": true, 
            "iterations": 1, 
            "std_devs": 2
        }, 
        "fit": "Linear", 
        "value": 26.264119945543687
    }, 
    "Ar40": {
        "error": 0.020937778118050414, 
        "filter_outliers_dict": {
            "filter_outliers": true, 
            "iterations": 1, 
            "std_devs": 2
        }, 
        "fit": "Linear", 
        "value": 161.74222054939239
    }, 
    "Ar41": {
        "error": 0.004226636796949729, 
        "filter_outliers_dict": {
            "filter_outliers": true, 
            "iterations": 1, 
            "std_devs": 2
        }, 
        "fit": "Average", 
        "value": 0.0875274834073459
    }
}