{
    "Ar36": {
        "error": 0.0002862596912205802, 
        "filter_outliers_dict": {
            "filter_outliers": true, 
            "iterations": 1, 
            "std_devs": 2
        }, 
        "fit": "Linear", 
        "value": 0.01254150510994697
    }, 
    "Ar37": {
        "error": 0.009318915784776316, 
        "filter_outliers_dict": {
            "filter_outliers": true, 
            "iterations": 1, 
            "std_devs": 2
        }, 
        "fit": "linear", 
        "value": 0.19899373110725702
    }, 
    "Ar38": {
        "error": 0.00431817884981598, 
        "filter_outliers_dict": {
            "filter_outliers": true, 
            "iterations": 1, 
            "std_devs": 2
        }, 
        "fit": "linear", 
        "value": 0.04215414279705056
    }, 
    "Ar39": {
        "error": 0.010308035976974148, 
        "filter_outliers_dict": {
            "filter_outliers": true, 
            "iterations": 1, 
            "std_devs": 2
        }, 
        "fit": "Linear", 
        "value": 3.0633306522014943
    }, 
    "Ar40": {
        "error": 0.009782023904054605, 
        "filter_outliers_dict": {
            "filter_outliers": true, 
            "iterations": 1, 
            "std_devs": 2
        }, 
        "fit": "Linear", 
        "value": 19.32435965041589
    }, 
    "Ar41": {
        "error": 0.005062577565620636, 
        "filter_outliers_dict": {
            "filter_outliers": true, 
            "iterations": 1, 
            "std_devs": 2
        }, 
        "fit": "Average", 
        "value": 0.08303453060676347
    }
}