{
    "Ar36": {
        "error": 0.00016229434231225054, 
        "filter_outliers_dict": {
            "filter_outliers": true, 
            "iterations": 1, 
            "std_devs": 2
        }, 
        "fit": "Linear", 
        "value": 0.0035401037371496982
    }, 
    "Ar37": {
        "error": 0.01138443001258835, 
        "filter_outliers_dict": {
            "filter_outliers": true, 
            "iterations": 1, 
            "std_devs": 2
        }, 
        "fit": "linear", 
        "value": 0.18914244316810863
    }, 
    "Ar38": {
        "error": 0.004720003729826246, 
        "filter_outliers_dict": {
            "filter_outliers": true, 
            "iterations": 1, 
            "std_devs": 2
        }, 
        "fit": "linear", 
        "value": 0.03843432173659707
    }, 
    "Ar39": {
        "error": 0.01078951857180136, 
        "filter_outliers_dict": {
            "filter_outliers": true, 
            "iterations": 1, 
            "std_devs": 2
        }, 
        "fit": "Linear", 
        "value": 1.7789721417107263
    }, 
    "Ar40": {
        "error": 0.009952581378595329, 
        "filter_outliers_dict": {
            "filter_outliers": true, 
            "iterations": 1, 
            "std_devs": 2
        }, 
        "fit": "Linear", 
        "value": 9.716366777361095
    }, 
    "Ar41": {
        "error": 0.005188465590376497, 
        "filter_outliers_dict": {
            "filter_outliers": true, 
            "iterations": 1, 
            "std_devs": 2
        }, 
        "fit": "Average", 
        "value": 0.07416765227296031
    }
}