{
    "Ar36": {
        "error": 0.00032729216717906136, 
        "filter_outliers_dict": {
            "filter_outliers": true, 
            "iterations": 1, 
            "std_devs": 2
        }, 
        "fit": "Linear", 
        "value": 0.01974020460107817
    }, 
    "Ar37": {
        "error": 0.010556960687149695, 
        "filter_outliers_dict": {
            "filter_outliers": true, 
            "iterations": 1, 
            "std_devs": 2
        }, 
        "fit": "linear", 
        "value": 0.5553275018523921
    }, 
    "Ar38": {
        "error": 0.004719844292084477, 
        "filter_outliers_dict": {
            "filter_outliers": true, 
            "iterations": 1, 
            "std_devs": 2
        }, 
        "fit": "linear", 
        "value": 0.8952037935548701
    }, 
    "Ar39": {
        "error": 0.018793746521704877, 
        "filter_outliers_dict": {
            "filter_outliers": true, 
            "iterations": 1, 
            "std_devs": 2
        }, 
        "fit": "Linear", 
        "value": 67.1034930040783
    }, 
    "Ar40": {
        "error": 0.03544768320419622, 
        "filter_outliers_dict": {
            "filter_outliers": true, 
            "iterations": 1, 
            "std_devs": 2
        }, 
        "fit": "Linear", 
        "value": 359.297121275234
    }, 
    "Ar41": {
        "error": 0.004629217915395608, 
        "filter_outliers_dict": {
            "filter_outliers": true, 
            "iterations": 1, 
            "std_devs": 2
        }, 
        "fit": "Average", 
        "value": 0.1002227655148496
    }
}