{
    "Ar36": {
        "error": 0.00034658474222840985, 
        "filter_outliers_dict": {
            "filter_outliers": true, 
            "iterations": 1, 
            "std_devs": 2
        }, 
        "fit": "Linear", 
        "value": 0.025618899256173208
    }, 
    "Ar37": {
        "error": 0.009316050095370454, 
        "filter_outliers_dict": {
            "filter_outliers": true, 
            "iterations": 1, 
            "std_devs": 2
        }, 
        "fit": "linear", 
        "value": 1.544356546252721
    }, 
    "Ar38": {
        "error": 0.004349965242116992, 
        "filter_outliers_dict": {
            "filter_outliers": true, 
            "iterations": 1, 
            "std_devs": 2
        }, 
        "fit": "linear", 
        "value": 0.8127695881678899
    }, 
    "Ar39": {
        "error": 0.017679246075105563, 
        "filter_outliers_dict": {
            "filter_outliers": true, 
            "iterations": 1, 
            "std_devs": 2
        }, 
        "fit": "Linear", 
        "value": 60.17451721548208
    }, 
    "Ar40": {
        "error": 0.01873091174740802, 
        "filter_outliers_dict": {
            "filter_outliers": true, 
            "iterations": 1, 
            "std_devs": 2
        }, 
        "fit": "Linear", 
        "value": 109.68616963896346
    }, 
    "Ar41": {
        "error": 0.004635822273593649, 
        "filter_outliers_dict": {
            "filter_outliers": true, 
            "iterations": 1, 
            "std_devs": 2
        }, 
        "fit": "Average", 
        "value": 0.08749575888599444
    }
}