{
    "Ar36": {
        "error": 0.0002570977510706322, 
        "filter_outliers_dict": {
            "filter_outliers": true, 
            "iterations": 1, 
            "std_devs": 2
        }, 
        "fit": "Linear", 
        "value": 0.011618185666322153
    }, 
    "Ar37": {
        "error": 0.010267420808725827, 
        "filter_outliers_dict": {
            "filter_outliers": true, 
            "iterations": 1, 
            "std_devs": 2
        }, 
        "fit": "linear", 
        "value": 0.19404749338119529
    }, 
    "Ar38": {
        "error": 0.004906471725438942, 
        "filter_outliers_dict": {
            "filter_outliers": true, 
            "iterations": 1, 
            "std_devs": 2
        }, 
        "fit": "linear", 
        "value": 0.06594357161261538
    }, 
    "Ar39": {
        "error": 0.011341788246354, 
        "filter_outliers_dict": {
            "filter_outliers": true, 
            "iterations": 1, 
            "std_devs": 2
        }, 
        "fit": "Linear", 
        "value": 4.511894100188349
    }, 
    "Ar40": {
        "error": 0.06751890306694598, 
        "filter_outliers_dict": {
            "filter_outliers": true, 
            "iterations": 1, 
            "std_devs": 2
        }, 
        "fit": "Linear", 
        "value": 914.115950261461
    }, 
    "Ar41": {
        "error": 0.004145159727656771, 
        "filter_outliers_dict": {
            "filter_outliers": true, 
            "iterations": 1, 
            "std_devs": 2
        }, 
        "fit": "Average", 
        "value": 0.11658128864238401
    }
}