{
    "Ar36": {
        "error": 0.0001453016619207052, 
        "filter_outliers_dict": {
            "filter_outliers": true, 
            "iterations": 1, 
            "std_devs": 2
        }, 
        "fit": "Linear", 
        "value": 0.0025348084008347802
    }, 
    "Ar37": {
        "error": 0.012113344651577837, 
        "filter_outliers_dict": {
            "filter_outliers": true, 
            "iterations": 1, 
            "std_devs": 2
        }, 
        "fit": "linear", 
        "value": 0.5006088236152744
    }, 
    "Ar38": {
        "error": 0.005037958630653383, 
        "filter_outliers_dict": {
            "filter_outliers": true, 
            "iterations": 1, 
            "std_devs": 2
        }, 
        "fit": "linear", 
        "value": 0.41173191516601204
    }, 
    "Ar39": {
        "error": 0.013269589278583174, 
        "filter_outliers_dict": {
            "filter_outliers": true, 
            "iterations": 1, 
            "std_devs": 2
        }, 
        "fit": "Linear", 
        "value": 31.574422522555516
    }, 
    "Ar40": {
        "error": 0.02414317892910429, 
        "filter_outliers_dict": {
            "filter_outliers": true, 
            "iterations": 1, 
            "std_devs": 2
        }, 
        "fit": "Linear", 
        "value": 165.24767693782516
    }, 
    "Ar41": {
        "error": 0.004334487175858437, 
        "filter_outliers_dict": {
            "filter_outliers": true, 
            "iterations": 1, 
            "std_devs": 2
        }, 
        "fit": "Average", 
        "value": 0.0745127376739481
    }
}