{
    "Ar36": {
        "error": 0.0007386798468210377, 
        "filter_outliers_dict": {
            "filter_outliers": true, 
            "iterations": 1, 
            "std_devs": 2
        }, 
        "fit": "Linear", 
        "value": 0.028317998735845513
    }, 
    "Ar37": {
        "error": 0.017940410435354076, 
        "filter_outliers_dict": {
            "filter_outliers": true, 
            "iterations": 1, 
            "std_devs": 2
        }, 
        "fit": "linear", 
        "value": 0.2193153497022266
    }, 
    "Ar38": {
        "error": 0.006663188063785426, 
        "filter_outliers_dict": {
            "filter_outliers": true, 
            "iterations": 1, 
            "std_devs": 2
        }, 
        "fit": "linear", 
        "value": 0.6904604100366949
    }, 
    "Ar39": {
        "error": 0.02749114697382089, 
        "filter_outliers_dict": {
            "filter_outliers": true, 
            "iterations": 1, 
            "std_devs": 2
        }, 
        "fit": "Linear", 
        "value": 49.28881124702285
    }, 
    "Ar40": {
        "error": 0.17348454399482036, 
        "filter_outliers_dict": {
            "filter_outliers": true, 
            "iterations": 1, 
            "std_devs": 2
        }, 
        "fit": "Linear", 
        "value": 1896.4977355464732
    }, 
    "Ar41": {
        "error": 0.006837620467160336, 
        "filter_outliers_dict": {
            "filter_outliers": true, 
            "iterations": 1, 
            "std_devs": 2
        }, 
        "fit": "Average", 
        "value": 0.17636001341158516
    }
}