{
    "Ar36": {
        "error": 0.00016468812363753, 
        "filter_outliers_dict": {
            "filter_outliers": true, 
            "iterations": 1, 
            "std_devs": 2
        }, 
        "fit": "Linear", 
        "value": 0.0028170508563017194
    }, 
    "Ar37": {
        "error": 0.010608256613128532, 
        "filter_outliers_dict": {
            "filter_outliers": true, 
            "iterations": 1, 
            "std_devs": 2
        }, 
        "fit": "linear", 
        "value": 0.5449682462515684
    }, 
    "Ar38": {
        "error": 0.004564678820920035, 
        "filter_outliers_dict": {
            "filter_outliers": true, 
            "iterations": 1, 
            "std_devs": 2
        }, 
        "fit": "linear", 
        "value": 0.4873536432957143
    }, 
    "Ar39": {
        "error": 0.016791439900180147, 
        "filter_outliers_dict": {
            "filter_outliers": true, 
            "iterations": 1, 
            "std_devs": 2
        }, 
        "fit": "Linear", 
        "value": 36.791304527788256
    }, 
    "Ar40": {
        "error": 0.028550995862589794, 
        "filter_outliers_dict": {
            "filter_outliers": true, 
            "iterations": 1, 
            "std_devs": 2
        }, 
        "fit": "Linear", 
        "value": 192.21954915502965
    }, 
    "Ar41": {
        "error": 0.0035815142973715155, 
        "filter_outliers_dict": {
            "filter_outliers": true, 
            "iterations": 1, 
            "std_devs": 2
        }, 
        "fit": "Average", 
        "value": 0.09352407528737289
    }
}