{
    "Ar36": {
        "error": 0.00016390513182140863, 
        "filter_outliers_dict": {
            "filter_outliers": true, 
            "iterations": 1, 
            "std_devs": 2
        }, 
        "fit": "Linear", 
        "value": 0.003476114247800791
    }, 
    "Ar37": {
        "error": 0.010512108725554943, 
        "filter_outliers_dict": {
            "filter_outliers": true, 
            "iterations": 1, 
            "std_devs": 2
        }, 
        "fit": "linear", 
        "value": 0.26600620904621547
    }, 
    "Ar38": {
        "error": 0.004569592715895448, 
        "filter_outliers_dict": {
            "filter_outliers": true, 
            "iterations": 1, 
            "std_devs": 2
        }, 
        "fit": "linear", 
        "value": 0.2124477006495602
    }, 
    "Ar39": {
        "error": 0.010898502190045373, 
        "filter_outliers_dict": {
            "filter_outliers": true, 
            "iterations": 1, 
            "std_devs": 2
        }, 
        "fit": "Linear", 
        "value": 15.553969621459263
    }, 
    "Ar40": {
        "error": 0.018696976806832494, 
        "filter_outliers_dict": {
            "filter_outliers": true, 
            "iterations": 1, 
            "std_devs": 2
        }, 
        "fit": "Linear", 
        "value": 100.64422387040091
    }, 
    "Ar41": {
        "error": 0.00483307473061043, 
        "filter_outliers_dict": {
            "filter_outliers": true, 
            "iterations": 1, 
            "std_devs": 2
        }, 
        "fit": "Average", 
        "value": 0.08407004585710617
    }
}