{
    "Ar36": {
        "error": 0.00028796791940035194, 
        "filter_outliers_dict": {
            "filter_outliers": true, 
            "iterations": 1, 
            "std_devs": 2
        }, 
        "fit": "Linear", 
        "value": 0.011780870512979312
    }, 
    "Ar37": {
        "error": 0.00877687145370471, 
        "filter_outliers_dict": {
            "filter_outliers": true, 
            "iterations": 1, 
            "std_devs": 2
        }, 
        "fit": "linear", 
        "value": 0.28434448287652153
    }, 
    "Ar38": {
        "error": 0.0048644328494222245, 
        "filter_outliers_dict": {
            "filter_outliers": true, 
            "iterations": 1, 
            "std_devs": 2
        }, 
        "fit": "linear", 
        "value": 0.2846760850561623
    }, 
    "Ar39": {
        "error": 0.013856166241159215, 
        "filter_outliers_dict": {
            "filter_outliers": true, 
            "iterations": 1, 
            "std_devs": 2
        }, 
        "fit": "Linear", 
        "value": 20.88992913442934
    }, 
    "Ar40": {
        "error": 0.016417683581384172, 
        "filter_outliers_dict": {
            "filter_outliers": true, 
            "iterations": 1, 
            "std_devs": 2
        }, 
        "fit": "Linear", 
        "value": 109.2468868677069
    }, 
    "Ar41": {
        "error": 0.005118513770207211, 
        "filter_outliers_dict": {
            "filter_outliers": true, 
            "iterations": 1, 
            "std_devs": 2
        }, 
        "fit": "Average", 
        "value": 0.08728245064336969
    }
}