{
    "Ar36": {
        "error": 0.00012997163581386759, 
        "filter_outliers_dict": {
            "filter_outliers": true, 
            "iterations": 1, 
            "std_devs": 2
        }, 
        "fit": "Linear", 
        "value": 0.0024647720757017535
    }, 
    "Ar37": {
        "error": 0.010394492295058528, 
        "filter_outliers_dict": {
            "filter_outliers": true, 
            "iterations": 1, 
            "std_devs": 2
        }, 
        "fit": "linear", 
        "value": 0.38749565490886323
    }, 
    "Ar38": {
        "error": 0.0041247396970934816, 
        "filter_outliers_dict": {
            "filter_outliers": true, 
            "iterations": 1, 
            "std_devs": 2
        }, 
        "fit": "linear", 
        "value": 0.26510156442984
    }, 
    "Ar39": {
        "error": 0.014692352999704063, 
        "filter_outliers_dict": {
            "filter_outliers": true, 
            "iterations": 1, 
            "std_devs": 2
        }, 
        "fit": "Linear", 
        "value": 20.81015360541631
    }, 
    "Ar40": {
        "error": 0.021844398663606164, 
        "filter_outliers_dict": {
            "filter_outliers": true, 
            "iterations": 1, 
            "std_devs": 2
        }, 
        "fit": "Linear", 
        "value": 108.72849983629075
    }, 
    "Ar41": {
        "error": 0.003796921294066061, 
        "filter_outliers_dict": {
            "filter_outliers": true, 
            "iterations": 1, 
            "std_devs": 2
        }, 
        "fit": "Average", 
        "value": 0.06746712260769006
    }
}