{
    "Ar36": {
        "error": 0.00038351778368905413, 
        "filter_outliers_dict": {
            "filter_outliers": true, 
            "iterations": 1, 
            "std_devs": 2
        }, 
        "fit": "Linear", 
        "value": 0.024875648365652155
    }, 
    "Ar37": {
        "error": 0.009562836648823667, 
        "filter_outliers_dict": {
            "filter_outliers": true, 
            "iterations": 1, 
            "std_devs": 2
        }, 
        "fit": "linear", 
        "value": 0.39672572045111504
    }, 
    "Ar38": {
        "error": 0.004586575747840331, 
        "filter_outliers_dict": {
            "filter_outliers": true, 
            "iterations": 1, 
            "std_devs": 2
        }, 
        "fit": "linear", 
        "value": 0.2842492802322319
    }, 
    "Ar39": {
        "error": 0.011924995277290127, 
        "filter_outliers_dict": {
            "filter_outliers": true, 
            "iterations": 1, 
            "std_devs": 2
        }, 
        "fit": "Linear", 
        "value": 20.607586036974546
    }, 
    "Ar40": {
        "error": 0.021256174904209373, 
        "filter_outliers_dict": {
            "filter_outliers": true, 
            "iterations": 1, 
            "std_devs": 2
        }, 
        "fit": "Linear", 
        "value": 113.30123834905741
    }, 
    "Ar41": {
        "error": 0.004661257095157345, 
        "filter_outliers_dict": {
            "filter_outliers": true, 
            "iterations": 1, 
            "std_devs": 2
        }, 
        "fit": "Average", 
        "value": 0.0702968309501527
    }
}