{
    "Ar36": {
        "error": 0.00044719020576030146, 
        "filter_outliers_dict": {
            "filter_outliers": true, 
            "iterations": 1, 
            "std_devs": 2
        }, 
        "fit": "Linear", 
        "value": 0.04350259526599445
    }, 
    "Ar37": {
        "error": 0.009262229962882932, 
        "filter_outliers_dict": {
            "filter_outliers": true, 
            "iterations": 1, 
            "std_devs": 2
        }, 
        "fit": "linear", 
        "value": 0.5357025696998321
    }, 
    "Ar38": {
        "error": 0.004801414839214234, 
        "filter_outliers_dict": {
            "filter_outliers": true, 
            "iterations": 1, 
            "std_devs": 2
        }, 
        "fit": "linear", 
        "value": 1.1418059799670384
    }, 
    "Ar39": {
        "error": 0.018139253339783903, 
        "filter_outliers_dict": {
            "filter_outliers": true, 
            "iterations": 1, 
            "std_devs": 2
        }, 
        "fit": "Linear", 
        "value": 84.31578049687323
    }, 
    "Ar40": {
        "error": 0.04559388631321265, 
        "filter_outliers_dict": {
            "filter_outliers": true, 
            "iterations": 1, 
            "std_devs": 2
        }, 
        "fit": "Linear", 
        "value": 496.72729048403573
    }, 
    "Ar41": {
        "error": 0.00463743968531199, 
        "filter_outliers_dict": {
            "filter_outliers": true, 
            "iterations": 1, 
            "std_devs": 2
        }, 
        "fit": "Average", 
        "value": 0.10500822225584353
    }
}