{
    "Ar36": {
        "error": 0.00046043042216080144, 
        "filter_outliers_dict": {
            "filter_outliers": true, 
            "iterations": 1, 
            "std_devs": 2
        }, 
        "fit": "Linear", 
        "value": 0.043376939085789185
    }, 
    "Ar37": {
        "error": 0.010641104131421397, 
        "filter_outliers_dict": {
            "filter_outliers": true, 
            "iterations": 1, 
            "std_devs": 2
        }, 
        "fit": "linear", 
        "value": 0.17216180392133118
    }, 
    "Ar38": {
        "error": 0.004913149085547004, 
        "filter_outliers_dict": {
            "filter_outliers": true, 
            "iterations": 1, 
            "std_devs": 2
        }, 
        "fit": "linear", 
        "value": 0.14769797000915125
    }, 
    "Ar39": {
        "error": 0.011903760127604916, 
        "filter_outliers_dict": {
            "filter_outliers": true, 
            "iterations": 1, 
            "std_devs": 2
        }, 
        "fit": "Linear", 
        "value": 9.46433435107479
    }, 
    "Ar40": {
        "error": 0.14637961719456336, 
        "filter_outliers_dict": {
            "filter_outliers": true, 
            "iterations": 1, 
            "std_devs": 2
        }, 
        "fit": "Linear", 
        "value": 2490.9167429389245
    }, 
    "Ar41": {
        "error": 0.0046860387322033925, 
        "filter_outliers_dict": {
            "filter_outliers": true, 
            "iterations": 1, 
            "std_devs": 2
        }, 
        "fit": "Average", 
        "value": 0.19040410842816974
    }
}