{
    "Ar36": {
        "error": 0.000885894068665621, 
        "filter_outliers_dict": {
            "filter_outliers": true, 
            "iterations": 1, 
            "std_devs": 2
        }, 
        "fit": "Linear", 
        "value": 0.13423639166531343
    }, 
    "Ar37": {
        "error": 0.009531850833474362, 
        "filter_outliers_dict": {
            "filter_outliers": true, 
            "iterations": 1, 
            "std_devs": 2
        }, 
        "fit": "linear", 
        "value": 0.3161940325793832
    }, 
    "Ar38": {
        "error": 0.0049241948701674735, 
        "filter_outliers_dict": {
            "filter_outliers": true, 
            "iterations": 1, 
            "std_devs": 2
        }, 
        "fit": "linear", 
        "value": 0.269422199225017
    }, 
    "Ar39": {
        "error": 0.012714633780485762, 
        "filter_outliers_dict": {
            "filter_outliers": true, 
            "iterations": 1, 
            "std_devs": 2
        }, 
        "fit": "Linear", 
        "value": 15.827106837620343
    }, 
    "Ar40": {
        "error": 0.02093468858719826, 
        "filter_outliers_dict": {
            "filter_outliers": true, 
            "iterations": 1, 
            "std_devs": 2
        }, 
        "fit": "Linear", 
        "value": 126.36675875912032
    }, 
    "Ar41": {
        "error": 0.004864451030590831, 
        "filter_outliers_dict": {
            "filter_outliers": true, 
            "iterations": 1, 
            "std_devs": 2
        }, 
        "fit": "Average", 
        "value": 0.08468329468900473
    }
}