{
    "Ar36": {
        "error": 0.0002719324713260973, 
        "filter_outliers_dict": {
            "filter_outliers": true, 
            "iterations": 1, 
            "std_devs": 2
        }, 
        "fit": "Linear", 
        "value": 0.008180788780637339
    }, 
    "Ar37": {
        "error": 0.00999545056209301, 
        "filter_outliers_dict": {
            "filter_outliers": true, 
            "iterations": 1, 
            "std_devs": 2
        }, 
        "fit": "linear", 
        "value": 0.21693495696720116
    }, 
    "Ar38": {
        "error": 0.00448819355012797, 
        "filter_outliers_dict": {
            "filter_outliers": true, 
            "iterations": 1, 
            "std_devs": 2
        }, 
        "fit": "linear", 
        "value": 0.03630853066777185
    }, 
    "Ar39": {
        "error": 0.011104748316320306, 
        "filter_outliers_dict": {
            "filter_outliers": true, 
            "iterations": 1, 
            "std_devs": 2
        }, 
        "fit": "Linear", 
        "value": 1.7178155789897782
    }, 
    "Ar40": {
        "error": 0.01056813850303231, 
        "filter_outliers_dict": {
            "filter_outliers": true, 
            "iterations": 1, 
            "std_devs": 2
        }, 
        "fit": "Linear", 
        "value": 13.507283441027019
    }, 
    "Ar41": {
        "error": 0.004791494065209777, 
        "filter_outliers_dict": {
            "filter_outliers": true, 
            "iterations": 1, 
            "std_devs": 2
        }, 
        "fit": "Average", 
        "value": 0.0870031618422018
    }
}