{
    "Ar36": {
        "error": 0.0002735601683667219, 
        "filter_outliers_dict": {
            "filter_outliers": true, 
            "iterations": 1, 
            "std_devs": 2
        }, 
        "fit": "Linear", 
        "value": 0.011376009575456775
    }, 
    "Ar37": {
        "error": 0.009469409622791893, 
        "filter_outliers_dict": {
            "filter_outliers": true, 
            "iterations": 1, 
            "std_devs": 2
        }, 
        "fit": "linear", 
        "value": 0.21247339634653667
    }, 
    "Ar38": {
        "error": 0.004240343868281091, 
        "filter_outliers_dict": {
            "filter_outliers": true, 
            "iterations": 1, 
            "std_devs": 2
        }, 
        "fit": "linear", 
        "value": 0.2776338431964274
    }, 
    "Ar39": {
        "error": 0.012780439190559165, 
        "filter_outliers_dict": {
            "filter_outliers": true, 
            "iterations": 1, 
            "std_devs": 2
        }, 
        "fit": "Linear", 
        "value": 19.996154664178622
    }, 
    "Ar40": {
        "error": 0.044948969784063, 
        "filter_outliers_dict": {
            "filter_outliers": true, 
            "iterations": 1, 
            "std_devs": 2
        }, 
        "fit": "Linear", 
        "value": 626.008868531903
    }, 
    "Ar41": {
        "error": 0.004885573684679915, 
        "filter_outliers_dict": {
            "filter_outliers": true, 
            "iterations": 1, 
            "std_devs": 2
        }, 
        "fit": "Average", 
        "value": 0.09564908006573952
    }
}