{
    "Ar36": {
        "error": 0.00022908446547906892, 
        "filter_outliers_dict": {
            "filter_outliers": true, 
            "iterations": 1, 
            "std_devs": 2
        }, 
        "fit": "Linear", 
        "value": 0.008851170770673282
    }, 
    "Ar37": {
        "error": 0.009001968849299465, 
        "filter_outliers_dict": {
            "filter_outliers": true, 
            "iterations": 1, 
            "std_devs": 2
        }, 
        "fit": "linear", 
        "value": 0.631088859604014
    }, 
    "Ar38": {
        "error": 0.00427373131288179, 
        "filter_outliers_dict": {
            "filter_outliers": true, 
            "iterations": 1, 
            "std_devs": 2
        }, 
        "fit": "linear", 
        "value": 0.48962712329209257
    }, 
    "Ar39": {
        "error": 0.015536776469760026, 
        "filter_outliers_dict": {
            "filter_outliers": true, 
            "iterations": 1, 
            "std_devs": 2
        }, 
        "fit": "Linear", 
        "value": 36.11777456931344
    }, 
    "Ar40": {
        "error": 0.015361860986728105, 
        "filter_outliers_dict": {
            "filter_outliers": true, 
            "iterations": 1, 
            "std_devs": 2
        }, 
        "fit": "Linear", 
        "value": 63.19832019894062
    }, 
    "Ar41": {
        "error": 0.004421807822337302, 
        "filter_outliers_dict": {
            "filter_outliers": true, 
            "iterations": 1, 
            "std_devs": 2
        }, 
        "fit": "Average", 
        "value": 0.08302080100125143
    }
}