{
    "Ar36": {
        "error": 0.00043683902232844645, 
        "filter_outliers_dict": {
            "filter_outliers": true, 
            "iterations": 1, 
            "std_devs": 2
        }, 
        "fit": "Linear", 
        "value": 0.0338716401304804
    }, 
    "Ar37": {
        "error": 0.009251159832490743, 
        "filter_outliers_dict": {
            "filter_outliers": true, 
            "iterations": 1, 
            "std_devs": 2
        }, 
        "fit": "linear", 
        "value": 0.6622952669608425
    }, 
    "Ar38": {
        "error": 0.004024909384956622, 
        "filter_outliers_dict": {
            "filter_outliers": true, 
            "iterations": 1, 
            "std_devs": 2
        }, 
        "fit": "linear", 
        "value": 0.7724742422392918
    }, 
    "Ar39": {
        "error": 0.015296277370591117, 
        "filter_outliers_dict": {
            "filter_outliers": true, 
            "iterations": 1, 
            "std_devs": 2
        }, 
        "fit": "Linear", 
        "value": 56.612819830254026
    }, 
    "Ar40": {
        "error": 0.0297570352063586, 
        "filter_outliers_dict": {
            "filter_outliers": true, 
            "iterations": 1, 
            "std_devs": 2
        }, 
        "fit": "Linear", 
        "value": 326.35789841250926
    }, 
    "Ar41": {
        "error": 0.0045562489202971325, 
        "filter_outliers_dict": {
            "filter_outliers": true, 
            "iterations": 1, 
            "std_devs": 2
        }, 
        "fit": "Average", 
        "value": 0.10012076031957365
    }
}