{
    "Ar36": {
        "error": 0.00025618419398012917, 
        "filter_outliers_dict": {
            "filter_outliers": true, 
            "iterations": 1, 
            "std_devs": 2
        }, 
        "fit": "Linear", 
        "value": 0.010582514003314737
    }, 
    "Ar37": {
        "error": 0.009693330767643078, 
        "filter_outliers_dict": {
            "filter_outliers": true, 
            "iterations": 1, 
            "std_devs": 2
        }, 
        "fit": "linear", 
        "value": 0.20975177135841774
    }, 
    "Ar38": {
        "error": 0.004605350667534673, 
        "filter_outliers_dict": {
            "filter_outliers": true, 
            "iterations": 1, 
            "std_devs": 2
        }, 
        "fit": "linear", 
        "value": 0.15840877957870436
    }, 
    "Ar39": {
        "error": 0.011190846880423296, 
        "filter_outliers_dict": {
            "filter_outliers": true, 
            "iterations": 1, 
            "std_devs": 2
        }, 
        "fit": "Linear", 
        "value": 10.904125964945067
    }, 
    "Ar40": {
        "error": 0.029555601657075634, 
        "filter_outliers_dict": {
            "filter_outliers": true, 
            "iterations": 1, 
            "std_devs": 2
        }, 
        "fit": "Linear", 
        "value": 197.52683679981473
    }, 
    "Ar41": {
        "error": 0.003966662724473918, 
        "filter_outliers_dict": {
            "filter_outliers": true, 
            "iterations": 1, 
            "std_devs": 2
        }, 
        "fit": "Average", 
        "value": 0.08430770382165727
    }
}