{
    "Ar36": {
        "error": 0.0002492429079787808, 
        "filter_outliers_dict": {
            "filter_outliers": true, 
            "iterations": 1, 
            "std_devs": 2
        }, 
        "fit": "Linear", 
        "value": 0.007686736744747241
    }, 
    "Ar37": {
        "error": 0.010695326312129202, 
        "filter_outliers_dict": {
            "filter_outliers": true, 
            "iterations": 1, 
            "std_devs": 2
        }, 
        "fit": "linear", 
        "value": 0.30046069659102076
    }, 
    "Ar38": {
        "error": 0.004193004194887982, 
        "filter_outliers_dict": {
            "filter_outliers": true, 
            "iterations": 1, 
            "std_devs": 2
        }, 
        "fit": "linear", 
        "value": 0.25420260750090873
    }, 
    "Ar39": {
        "error": 0.011647461557201371, 
        "filter_outliers_dict": {
            "filter_outliers": true, 
            "iterations": 1, 
            "std_devs": 2
        }, 
        "fit": "Linear", 
        "value": 17.34835612426721
    }, 
    "Ar40": {
        "error": 0.01936255659567981, 
        "filter_outliers_dict": {
            "filter_outliers": true, 
            "iterations": 1, 
            "std_devs": 2
        }, 
        "fit": "Linear", 
        "value": 106.7090599985624
    }, 
    "Ar41": {
        "error": 0.004865952503656227, 
        "filter_outliers_dict": {
            "filter_outliers": true, 
            "iterations": 1, 
            "std_devs": 2
        }, 
        "fit": "Average", 
        "value": 0.08708646996829429
    }
}