{
    "Ar36": {
        "error": 0.000950008563493681, 
        "filter_outliers_dict": {
            "filter_outliers": true, 
            "iterations": 1, 
            "std_devs": 2
        }, 
        "fit": "Linear", 
        "value": 0.187666506281954
    }, 
    "Ar37": {
        "error": 0.009970653160296541, 
        "filter_outliers_dict": {
            "filter_outliers": true, 
            "iterations": 1, 
            "std_devs": 2
        }, 
        "fit": "linear", 
        "value": 0.189981862573151
    }, 
    "Ar38": {
        "error": 0.00467746130498414, 
        "filter_outliers_dict": {
            "filter_outliers": true, 
            "iterations": 1, 
            "std_devs": 2
        }, 
        "fit": "linear", 
        "value": 0.562515335617264
    }, 
    "Ar39": {
        "error": 0.012689851039194632, 
        "filter_outliers_dict": {
            "filter_outliers": true, 
            "iterations": 1, 
            "std_devs": 2
        }, 
        "fit": "Linear", 
        "value": 39.537344100567985
    }, 
    "Ar40": {
        "error": 0.15792499484982264, 
        "filter_outliers_dict": {
            "filter_outliers": true, 
            "iterations": 1, 
            "std_devs": 2
        }, 
        "fit": "Linear", 
        "value": 2521.744077212578
    }, 
    "Ar41": {
        "error": 0.0039721211651430185, 
        "filter_outliers_dict": {
            "filter_outliers": true, 
            "iterations": 1, 
            "std_devs": 2
        }, 
        "fit": "Average", 
        "value": 0.19671673033878656
    }
}