{
    "Ar36": {
        "error": 0.00020152652571550292, 
        "filter_outliers_dict": {
            "filter_outliers": true, 
            "iterations": 1, 
            "std_devs": 2
        }, 
        "fit": "Linear", 
        "value": 0.0054860480399434725
    }, 
    "Ar37": {
        "error": 0.009405263847808707, 
        "filter_outliers_dict": {
            "filter_outliers": true, 
            "iterations": 1, 
            "std_devs": 2
        }, 
        "fit": "linear", 
        "value": 0.17375898352112817
    }, 
    "Ar38": {
        "error": 0.004492285422788038, 
        "filter_outliers_dict": {
            "filter_outliers": true, 
            "iterations": 1, 
            "std_devs": 2
        }, 
        "fit": "linear", 
        "value": 0.008880921475517008
    }, 
    "Ar39": {
        "error": 0.009643081339451354, 
        "filter_outliers_dict": {
            "filter_outliers": true, 
            "iterations": 1, 
            "std_devs": 2
        }, 
        "fit": "Linear", 
        "value": 0.11087066859205474
    }, 
    "Ar40": {
        "error": 0.008722137966110956, 
        "filter_outliers_dict": {
            "filter_outliers": true, 
            "iterations": 1, 
            "std_devs": 2
        }, 
        "fit": "Linear", 
        "value": 3.5541654084047103
    }, 
    "Ar41": {
        "error": 0.0044563083922098, 
        "filter_outliers_dict": {
            "filter_outliers": true, 
            "iterations": 1, 
            "std_devs": 2
        }, 
        "fit": "Average", 
        "value": 0.05982505321403574
    }
}