{
    "Ar36": {
        "error": 0.0005372005536213749, 
        "filter_outliers_dict": {
            "filter_outliers": true, 
            "iterations": 1, 
            "std_devs": 2
        }, 
        "fit": "Linear", 
        "value": 0.04602995749950785
    }, 
    "Ar37": {
        "error": 0.010072352750649603, 
        "filter_outliers_dict": {
            "filter_outliers": true, 
            "iterations": 1, 
            "std_devs": 2
        }, 
        "fit": "linear", 
        "value": 0.17437469763442753
    }, 
    "Ar38": {
        "error": 0.003906309826645285, 
        "filter_outliers_dict": {
            "filter_outliers": true, 
            "iterations": 1, 
            "std_devs": 2
        }, 
        "fit": "linear", 
        "value": 0.04582258648691032
    }, 
    "Ar39": {
        "error": 0.010164657023612151, 
        "filter_outliers_dict": {
            "filter_outliers": true, 
            "iterations": 1, 
            "std_devs": 2
        }, 
        "fit": "Linear", 
        "value": 3.0765153652080066
    }, 
    "Ar40": {
        "error": 0.022530356893270445, 
        "filter_outliers_dict": {
            "filter_outliers": true, 
            "iterations": 1, 
            "std_devs": 2
        }, 
        "fit": "Linear", 
        "value": 189.69100396700696
    }, 
    "Ar41": {
        "error": 0.0048509028650811905, 
        "filter_outliers_dict": {
            "filter_outliers": true, 
            "iterations": 1, 
            "std_devs": 2
        }, 
        "fit": "Average", 
        "value": 0.0838265558021872
    }
}