{
    "Ar36": {
        "error": 0.00015100832211003168, 
        "filter_outliers_dict": {
            "filter_outliers": true, 
            "iterations": 1, 
            "std_devs": 2
        }, 
        "fit": "Linear", 
        "value": 0.0038526723813679066
    }, 
    "Ar37": {
        "error": 0.010529580386755374, 
        "filter_outliers_dict": {
            "filter_outliers": true, 
            "iterations": 1, 
            "std_devs": 2
        }, 
        "fit": "linear", 
        "value": 0.32394339851793513
    }, 
    "Ar38": {
        "error": 0.004505269063644884, 
        "filter_outliers_dict": {
            "filter_outliers": true, 
            "iterations": 1, 
            "std_devs": 2
        }, 
        "fit": "linear", 
        "value": 0.09336118681815853
    }, 
    "Ar39": {
        "error": 0.012610488274084992, 
        "filter_outliers_dict": {
            "filter_outliers": true, 
            "iterations": 1, 
            "std_devs": 2
        }, 
        "fit": "Linear", 
        "value": 6.6515634736187685
    }, 
    "Ar40": {
        "error": 0.012280025037522601, 
        "filter_outliers_dict": {
            "filter_outliers": true, 
            "iterations": 1, 
            "std_devs": 2
        }, 
        "fit": "Linear", 
        "value": 20.758254907098703
    }, 
    "Ar41": {
        "error": 0.004588712611191111, 
        "filter_outliers_dict": {
            "filter_outliers": true, 
            "iterations": 1, 
            "std_devs": 2
        }, 
        "fit": "Average", 
        "value": 0.07855436727309503
    }
}