{
    "Ar36": {
        "error": 0.00017838709208609394, 
        "filter_outliers_dict": {
            "filter_outliers": true, 
            "iterations": 1, 
            "std_devs": 2
        }, 
        "fit": "Linear", 
        "value": 0.004240630689823951
    }, 
    "Ar37": {
        "error": 0.00877478440063187, 
        "filter_outliers_dict": {
            "filter_outliers": true, 
            "iterations": 1, 
            "std_devs": 2
        }, 
        "fit": "linear", 
        "value": 0.2560215723439856
    }, 
    "Ar38": {
        "error": 0.004320276839665566, 
        "filter_outliers_dict": {
            "filter_outliers": true, 
            "iterations": 1, 
            "std_devs": 2
        }, 
        "fit": "linear", 
        "value": 0.1718901372388495
    }, 
    "Ar39": {
        "error": 0.011880495367048107, 
        "filter_outliers_dict": {
            "filter_outliers": true, 
            "iterations": 1, 
            "std_devs": 2
        }, 
        "fit": "Linear", 
        "value": 12.000413988410497
    }, 
    "Ar40": {
        "error": 0.018150449770579218, 
        "filter_outliers_dict": {
            "filter_outliers": true, 
            "iterations": 1, 
            "std_devs": 2
        }, 
        "fit": "Linear", 
        "value": 110.32804824005875
    }, 
    "Ar41": {
        "error": 0.005153308957865264, 
        "filter_outliers_dict": {
            "filter_outliers": true, 
            "iterations": 1, 
            "std_devs": 2
        }, 
        "fit": "Average", 
        "value": 0.09088124775415773
    }
}