{
    "Ar36": {
        "error": 0.0002795482897770517, 
        "filter_outliers_dict": {
            "filter_outliers": true, 
            "iterations": 1, 
            "std_devs": 2
        }, 
        "fit": "Linear", 
        "value": 0.010542408461766305
    }, 
    "Ar37": {
        "error": 0.0112356171098224, 
        "filter_outliers_dict": {
            "filter_outliers": true, 
            "iterations": 1, 
            "std_devs": 2
        }, 
        "fit": "linear", 
        "value": 0.27737570783970517
    }, 
    "Ar38": {
        "error": 0.004175121875364894, 
        "filter_outliers_dict": {
            "filter_outliers": true, 
            "iterations": 1, 
            "std_devs": 2
        }, 
        "fit": "linear", 
        "value": 0.34664447987671587
    }, 
    "Ar39": {
        "error": 0.01565036508629372, 
        "filter_outliers_dict": {
            "filter_outliers": true, 
            "iterations": 1, 
            "std_devs": 2
        }, 
        "fit": "Linear", 
        "value": 26.193964247066255
    }, 
    "Ar40": {
        "error": 0.024941944810636177, 
        "filter_outliers_dict": {
            "filter_outliers": true, 
            "iterations": 1, 
            "std_devs": 2
        }, 
        "fit": "Linear", 
        "value": 172.48750595453058
    }, 
    "Ar41": {
        "error": 0.005256856548520575, 
        "filter_outliers_dict": {
            "filter_outliers": true, 
            "iterations": 1, 
            "std_devs": 2
        }, 
        "fit": "Average", 
        "value": 0.08583434094618853
    }
}