{
    "Ar36": {
        "error": 0.0003097639205116735, 
        "filter_outliers_dict": {
            "filter_outliers": true, 
            "iterations": 1, 
            "std_devs": 2
        }, 
        "fit": "Linear", 
        "value": 0.014042214908973871
    }, 
    "Ar37": {
        "error": 0.009504978800365702, 
        "filter_outliers_dict": {
            "filter_outliers": true, 
            "iterations": 1, 
            "std_devs": 2
        }, 
        "fit": "linear", 
        "value": 0.18787593186378973
    }, 
    "Ar38": {
        "error": 0.004901536355630777, 
        "filter_outliers_dict": {
            "filter_outliers": true, 
            "iterations": 1, 
            "std_devs": 2
        }, 
        "fit": "linear", 
        "value": 0.5506815355879432
    }, 
    "Ar39": {
        "error": 0.015228756400886502, 
        "filter_outliers_dict": {
            "filter_outliers": true, 
            "iterations": 1, 
            "std_devs": 2
        }, 
        "fit": "Linear", 
        "value": 41.65240444553837
    }, 
    "Ar40": {
        "error": 0.012577168517830216, 
        "filter_outliers_dict": {
            "filter_outliers": true, 
            "iterations": 1, 
            "std_devs": 2
        }, 
        "fit": "Linear", 
        "value": 5112.515341120128
    }, 
    "Ar41": {
        "error": 0.0057175019755916455, 
        "filter_outliers_dict": {
            "filter_outliers": true, 
            "iterations": 1, 
            "std_devs": 2
        }, 
        "fit": "Average", 
        "value": 0.5770652393162713
    }
}