{
    "Ar36": {
        "error": 0.0001920670778047451, 
        "filter_outliers_dict": {
            "filter_outliers": true, 
            "iterations": 1, 
            "std_devs": 2
        }, 
        "fit": "Linear", 
        "value": 0.005818210878023944
    }, 
    "Ar37": {
        "error": 0.010495175553652215, 
        "filter_outliers_dict": {
            "filter_outliers": true, 
            "iterations": 1, 
            "std_devs": 2
        }, 
        "fit": "linear", 
        "value": 0.3286860979762973
    }, 
    "Ar38": {
        "error": 0.00453916926791369, 
        "filter_outliers_dict": {
            "filter_outliers": true, 
            "iterations": 1, 
            "std_devs": 2
        }, 
        "fit": "linear", 
        "value": 0.3091944871355814
    }, 
    "Ar39": {
        "error": 0.014124203190274985, 
        "filter_outliers_dict": {
            "filter_outliers": true, 
            "iterations": 1, 
            "std_devs": 2
        }, 
        "fit": "Linear", 
        "value": 22.657372614434507
    }, 
    "Ar40": {
        "error": 0.03268369790625876, 
        "filter_outliers_dict": {
            "filter_outliers": true, 
            "iterations": 1, 
            "std_devs": 2
        }, 
        "fit": "Linear", 
        "value": 432.19962552132085
    }, 
    "Ar41": {
        "error": 0.004823870307301353, 
        "filter_outliers_dict": {
            "filter_outliers": true, 
            "iterations": 1, 
            "std_devs": 2
        }, 
        "fit": "Average", 
        "value": 0.12653417748869886
    }
}