{
    "Ar36": {
        "error": 0.00025665821577014643, 
        "filter_outliers_dict": {
            "filter_outliers": true, 
            "iterations": 1, 
            "std_devs": 2
        }, 
        "fit": "Linear", 
        "value": 0.010288540373732004
    }, 
    "Ar37": {
        "error": 0.010370764864473615, 
        "filter_outliers_dict": {
            "filter_outliers": true, 
            "iterations": 1, 
            "std_devs": 2
        }, 
        "fit": "linear", 
        "value": 0.22995524715022392
    }, 
    "Ar38": {
        "error": 0.0041106000225701505, 
        "filter_outliers_dict": {
            "filter_outliers": true, 
            "iterations": 1, 
            "std_devs": 2
        }, 
        "fit": "linear", 
        "value": 0.059036170711017674
    }, 
    "Ar39": {
        "error": 0.011389528259655257, 
        "filter_outliers_dict": {
            "filter_outliers": true, 
            "iterations": 1, 
            "std_devs": 2
        }, 
        "fit": "Linear", 
        "value": 3.48837110603323
    }, 
    "Ar40": {
        "error": 0.010972283898558073, 
        "filter_outliers_dict": {
            "filter_outliers": true, 
            "iterations": 1, 
            "std_devs": 2
        }, 
        "fit": "Linear", 
        "value": 32.36095183875313
    }, 
    "Ar41": {
        "error": 0.004203067513140385, 
        "filter_outliers_dict": {
            "filter_outliers": true, 
            "iterations": 1, 
            "std_devs": 2
        }, 
        "fit": "Average", 
        "value": 0.0736701186177965
    }
}