{
    "Ar36": {
        "error": 0.00019964994651869213, 
        "filter_outliers_dict": {
            "filter_outliers": true, 
            "iterations": 1, 
            "std_devs": 2
        }, 
        "fit": "Linear", 
        "value": 0.00596873328981085
    }, 
    "Ar37": {
        "error": 0.012164324118463372, 
        "filter_outliers_dict": {
            "filter_outliers": true, 
            "iterations": 1, 
            "std_devs": 2
        }, 
        "fit": "linear", 
        "value": 0.24504056134712154
    }, 
    "Ar38": {
        "error": 0.004279259588340123, 
        "filter_outliers_dict": {
            "filter_outliers": true, 
            "iterations": 1, 
            "std_devs": 2
        }, 
        "fit": "linear", 
        "value": 0.3041955024819247
    }, 
    "Ar39": {
        "error": 0.013805099503359682, 
        "filter_outliers_dict": {
            "filter_outliers": true, 
            "iterations": 1, 
            "std_devs": 2
        }, 
        "fit": "Linear", 
        "value": 21.7666865388882
    }, 
    "Ar40": {
        "error": 0.022444512017604917, 
        "filter_outliers_dict": {
            "filter_outliers": true, 
            "iterations": 1, 
            "std_devs": 2
        }, 
        "fit": "Linear", 
        "value": 178.98876183848768
    }, 
    "Ar41": {
        "error": 0.0048434262273969715, 
        "filter_outliers_dict": {
            "filter_outliers": true, 
            "iterations": 1, 
            "std_devs": 2
        }, 
        "fit": "Average", 
        "value": 0.0948421494115575
    }
}