{
    "Ar36": {
        "error": 0.00020700292814270147, 
        "filter_outliers_dict": {
            "filter_outliers": true, 
            "iterations": 1, 
            "std_devs": 2
        }, 
        "fit": "Linear", 
        "value": 0.007183009884420371
    }, 
    "Ar37": {
        "error": 0.010723962539545813, 
        "filter_outliers_dict": {
            "filter_outliers": true, 
            "iterations": 1, 
            "std_devs": 2
        }, 
        "fit": "linear", 
        "value": 0.3557932192438503
    }, 
    "Ar38": {
        "error": 0.004107420926944784, 
        "filter_outliers_dict": {
            "filter_outliers": true, 
            "iterations": 1, 
            "std_devs": 2
        }, 
        "fit": "linear", 
        "value": 0.5407110910540166
    }, 
    "Ar39": {
        "error": 0.01426696013652368, 
        "filter_outliers_dict": {
            "filter_outliers": true, 
            "iterations": 1, 
            "std_devs": 2
        }, 
        "fit": "Linear", 
        "value": 38.39693160883682
    }, 
    "Ar40": {
        "error": 0.056311170573869106, 
        "filter_outliers_dict": {
            "filter_outliers": true, 
            "iterations": 1, 
            "std_devs": 2
        }, 
        "fit": "Linear", 
        "value": 693.2489868371185
    }, 
    "Ar41": {
        "error": 0.004719193445545304, 
        "filter_outliers_dict": {
            "filter_outliers": true, 
            "iterations": 1, 
            "std_devs": 2
        }, 
        "fit": "Average", 
        "value": 0.09879788425421744
    }
}