{
    "Ar36": {
        "error": 0.00018916932273866022, 
        "filter_outliers_dict": {
            "filter_outliers": true, 
            "iterations": 1, 
            "std_devs": 2
        }, 
        "fit": "Linear", 
        "value": 0.005443703400729604
    }, 
    "Ar37": {
        "error": 0.01053730186829765, 
        "filter_outliers_dict": {
            "filter_outliers": true, 
            "iterations": 1, 
            "std_devs": 2
        }, 
        "fit": "linear", 
        "value": 0.2528891592867326
    }, 
    "Ar38": {
        "error": 0.0050684986797984695, 
        "filter_outliers_dict": {
            "filter_outliers": true, 
            "iterations": 1, 
            "std_devs": 2
        }, 
        "fit": "linear", 
        "value": 0.35965538142357706
    }, 
    "Ar39": {
        "error": 0.013526938029680382, 
        "filter_outliers_dict": {
            "filter_outliers": true, 
            "iterations": 1, 
            "std_devs": 2
        }, 
        "fit": "Linear", 
        "value": 26.813007382783404
    }, 
    "Ar40": {
        "error": 0.03941440982853447, 
        "filter_outliers_dict": {
            "filter_outliers": true, 
            "iterations": 1, 
            "std_devs": 2
        }, 
        "fit": "Linear", 
        "value": 374.79542665057994
    }, 
    "Ar41": {
        "error": 0.00462699900527489, 
        "filter_outliers_dict": {
            "filter_outliers": true, 
            "iterations": 1, 
            "std_devs": 2
        }, 
        "fit": "Average", 
        "value": 0.09767371445241277
    }
}