{
    "Ar36": {
        "error": 0.00024863550782856444, 
        "filter_outliers_dict": {
            "filter_outliers": true, 
            "iterations": 1, 
            "std_devs": 2
        }, 
        "fit": "Linear", 
        "value": 0.011799633789513608
    }, 
    "Ar37": {
        "error": 0.010102665864491258, 
        "filter_outliers_dict": {
            "filter_outliers": true, 
            "iterations": 1, 
            "std_devs": 2
        }, 
        "fit": "linear", 
        "value": 0.19559221501056143
    }, 
    "Ar38": {
        "error": 0.004069959269513054, 
        "filter_outliers_dict": {
            "filter_outliers": true, 
            "iterations": 1, 
            "std_devs": 2
        }, 
        "fit": "linear", 
        "value": 0.05613930329051143
    }, 
    "Ar39": {
        "error": 0.01138443843033565, 
        "filter_outliers_dict": {
            "filter_outliers": true, 
            "iterations": 1, 
            "std_devs": 2
        }, 
        "fit": "Linear", 
        "value": 2.621867307956001
    }, 
    "Ar40": {
        "error": 0.011659309544245764, 
        "filter_outliers_dict": {
            "filter_outliers": true, 
            "iterations": 1, 
            "std_devs": 2
        }, 
        "fit": "Linear", 
        "value": 16.70644587144307
    }, 
    "Ar41": {
        "error": 0.004318874770950319, 
        "filter_outliers_dict": {
            "filter_outliers": true, 
            "iterations": 1, 
            "std_devs": 2
        }, 
        "fit": "Average", 
        "value": 0.07641569019264952
    }
}