{
    "Ar36": {
        "error": 0.00014763725616469893, 
        "filter_outliers_dict": {
            "filter_outliers": true, 
            "iterations": 1, 
            "std_devs": 2
        }, 
        "fit": "Linear", 
        "value": 0.0045183361418716945
    }, 
    "Ar37": {
        "error": 0.010980961009231217, 
        "filter_outliers_dict": {
            "filter_outliers": true, 
            "iterations": 1, 
            "std_devs": 2
        }, 
        "fit": "linear", 
        "value": 0.2614234175990088
    }, 
    "Ar38": {
        "error": 0.00483302438709856, 
        "filter_outliers_dict": {
            "filter_outliers": true, 
            "iterations": 1, 
            "std_devs": 2
        }, 
        "fit": "linear", 
        "value": 0.18835208383646518
    }, 
    "Ar39": {
        "error": 0.012843803582474334, 
        "filter_outliers_dict": {
            "filter_outliers": true, 
            "iterations": 1, 
            "std_devs": 2
        }, 
        "fit": "Linear", 
        "value": 14.720735018360783
    }, 
    "Ar40": {
        "error": 0.04509328814225013, 
        "filter_outliers_dict": {
            "filter_outliers": true, 
            "iterations": 1, 
            "std_devs": 2
        }, 
        "fit": "Linear", 
        "value": 481.9910343909654
    }, 
    "Ar41": {
        "error": 0.004268195055264665, 
        "filter_outliers_dict": {
            "filter_outliers": true, 
            "iterations": 1, 
            "std_devs": 2
        }, 
        "fit": "Average", 
        "value": 0.10108396667109044
    }
}