{
    "Ar36": {
        "error": 0.00018970111307441685, 
        "filter_outliers_dict": {
            "filter_outliers": true, 
            "iterations": 1, 
            "std_devs": 2
        }, 
        "fit": "Linear", 
        "value": 0.006475977810410617
    }, 
    "Ar37": {
        "error": 0.01046514283018212, 
        "filter_outliers_dict": {
            "filter_outliers": true, 
            "iterations": 1, 
            "std_devs": 2
        }, 
        "fit": "linear", 
        "value": 0.9229494780002078
    }, 
    "Ar38": {
        "error": 0.004941371535252952, 
        "filter_outliers_dict": {
            "filter_outliers": true, 
            "iterations": 1, 
            "std_devs": 2
        }, 
        "fit": "linear", 
        "value": 0.7516721476473338
    }, 
    "Ar39": {
        "error": 0.0151999566584033, 
        "filter_outliers_dict": {
            "filter_outliers": true, 
            "iterations": 1, 
            "std_devs": 2
        }, 
        "fit": "Linear", 
        "value": 55.27811847551325
    }, 
    "Ar40": {
        "error": 0.025147681176890056, 
        "filter_outliers_dict": {
            "filter_outliers": true, 
            "iterations": 1, 
            "std_devs": 2
        }, 
        "fit": "Linear", 
        "value": 193.19358970182876
    }, 
    "Ar41": {
        "error": 0.004378944358340754, 
        "filter_outliers_dict": {
            "filter_outliers": true, 
            "iterations": 1, 
            "std_devs": 2
        }, 
        "fit": "Average", 
        "value": 0.07104923527617006
    }
}