{
    "Ar36": {
        "error": 0.0004913574639901984, 
        "filter_outliers_dict": {
            "filter_outliers": true, 
            "iterations": 1, 
            "std_devs": 2
        }, 
        "fit": "Linear", 
        "value": 0.04335150800997134
    }, 
    "Ar37": {
        "error": 0.009596054105993748, 
        "filter_outliers_dict": {
            "filter_outliers": true, 
            "iterations": 1, 
            "std_devs": 2
        }, 
        "fit": "linear", 
        "value": 0.22608409363411502
    }, 
    "Ar38": {
        "error": 0.004107075991818474, 
        "filter_outliers_dict": {
            "filter_outliers": true, 
            "iterations": 1, 
            "std_devs": 2
        }, 
        "fit": "linear", 
        "value": 0.08037542972005415
    }, 
    "Ar39": {
        "error": 0.012214769306977215, 
        "filter_outliers_dict": {
            "filter_outliers": true, 
            "iterations": 1, 
            "std_devs": 2
        }, 
        "fit": "Linear", 
        "value": 4.7823652352015
    }, 
    "Ar40": {
        "error": 0.03995109561253522, 
        "filter_outliers_dict": {
            "filter_outliers": true, 
            "iterations": 1, 
            "std_devs": 2
        }, 
        "fit": "Linear", 
        "value": 430.8007877919502
    }, 
    "Ar41": {
        "error": 0.00454089517885113, 
        "filter_outliers_dict": {
            "filter_outliers": true, 
            "iterations": 1, 
            "std_devs": 2
        }, 
        "fit": "Average", 
        "value": 0.08767662176610845
    }
}