{
    "Ar36": {
        "error": 0.00022399540066035865, 
        "filter_outliers_dict": {
            "filter_outliers": true, 
            "iterations": 1, 
            "std_devs": 2
        }, 
        "fit": "Linear", 
        "value": 0.007661225756044258
    }, 
    "Ar37": {
        "error": 0.00903480334888763, 
        "filter_outliers_dict": {
            "filter_outliers": true, 
            "iterations": 1, 
            "std_devs": 2
        }, 
        "fit": "linear", 
        "value": 0.4129216909150135
    }, 
    "Ar38": {
        "error": 0.004485535850203496, 
        "filter_outliers_dict": {
            "filter_outliers": true, 
            "iterations": 1, 
            "std_devs": 2
        }, 
        "fit": "linear", 
        "value": 0.807875639335849
    }, 
    "Ar39": {
        "error": 0.016641818491897584, 
        "filter_outliers_dict": {
            "filter_outliers": true, 
            "iterations": 1, 
            "std_devs": 2
        }, 
        "fit": "Linear", 
        "value": 60.453761655144454
    }, 
    "Ar40": {
        "error": 0.06676862696563036, 
        "filter_outliers_dict": {
            "filter_outliers": true, 
            "iterations": 1, 
            "std_devs": 2
        }, 
        "fit": "Linear", 
        "value": 930.8856070021345
    }, 
    "Ar41": {
        "error": 0.00453621365863265, 
        "filter_outliers_dict": {
            "filter_outliers": true, 
            "iterations": 1, 
            "std_devs": 2
        }, 
        "fit": "Average", 
        "value": 0.10431935832018605
    }
}