{
    "Ar36": {
        "error": 0.0002258327906512176, 
        "filter_outliers_dict": {
            "filter_outliers": true, 
            "iterations": 1, 
            "std_devs": 2
        }, 
        "fit": "Linear", 
        "value": 0.006687366322517038
    }, 
    "Ar37": {
        "error": 0.010759530371512664, 
        "filter_outliers_dict": {
            "filter_outliers": true, 
            "iterations": 1, 
            "std_devs": 2
        }, 
        "fit": "linear", 
        "value": 0.39914236265972025
    }, 
    "Ar38": {
        "error": 0.004749411078070884, 
        "filter_outliers_dict": {
            "filter_outliers": true, 
            "iterations": 1, 
            "std_devs": 2
        }, 
        "fit": "linear", 
        "value": 0.7088788024702313
    }, 
    "Ar39": {
        "error": 0.01712100691124769, 
        "filter_outliers_dict": {
            "filter_outliers": true, 
            "iterations": 1, 
            "std_devs": 2
        }, 
        "fit": "Linear", 
        "value": 51.99626582378492
    }, 
    "Ar40": {
        "error": 0.03278809711097738, 
        "filter_outliers_dict": {
            "filter_outliers": true, 
            "iterations": 1, 
            "std_devs": 2
        }, 
        "fit": "Linear", 
        "value": 334.23304391208336
    }, 
    "Ar41": {
        "error": 0.00477542438037521, 
        "filter_outliers_dict": {
            "filter_outliers": true, 
            "iterations": 1, 
            "std_devs": 2
        }, 
        "fit": "Average", 
        "value": 0.09445952263389108
    }
}