{
    "Ar36": {
        "error": 0.00023556076506661453, 
        "filter_outliers_dict": {
            "filter_outliers": true, 
            "iterations": 1, 
            "std_devs": 2
        }, 
        "fit": "Linear", 
        "value": 0.010736145889465924
    }, 
    "Ar37": {
        "error": 0.008425278790587288, 
        "filter_outliers_dict": {
            "filter_outliers": true, 
            "iterations": 1, 
            "std_devs": 2
        }, 
        "fit": "linear", 
        "value": 0.562835345834666
    }, 
    "Ar38": {
        "error": 0.004287822930227586, 
        "filter_outliers_dict": {
            "filter_outliers": true, 
            "iterations": 1, 
            "std_devs": 2
        }, 
        "fit": "linear", 
        "value": 0.505936918039487
    }, 
    "Ar39": {
        "error": 0.01566361856915887, 
        "filter_outliers_dict": {
            "filter_outliers": true, 
            "iterations": 1, 
            "std_devs": 2
        }, 
        "fit": "Linear", 
        "value": 37.871490300179175
    }, 
    "Ar40": {
        "error": 0.023474995847173143, 
        "filter_outliers_dict": {
            "filter_outliers": true, 
            "iterations": 1, 
            "std_devs": 2
        }, 
        "fit": "Linear", 
        "value": 176.06205922827274
    }, 
    "Ar41": {
        "error": 0.004558114941229449, 
        "filter_outliers_dict": {
            "filter_outliers": true, 
            "iterations": 1, 
            "std_devs": 2
        }, 
        "fit": "Average", 
        "value": 0.08077472571537853
    }
}