{
    "Ar36": {
        "error": 0.00022419076918210208, 
        "filter_outliers_dict": {
            "filter_outliers": true, 
            "iterations": 1, 
            "std_devs": 2
        }, 
        "fit": "Linear", 
        "value": 0.008333530263352769
    }, 
    "Ar37": {
        "error": 0.009981430756095271, 
        "filter_outliers_dict": {
            "filter_outliers": true, 
            "iterations": 1, 
            "std_devs": 2
        }, 
        "fit": "linear", 
        "value": 0.1939916763161158
    }, 
    "Ar38": {
        "error": 0.0038406062781852317, 
        "filter_outliers_dict": {
            "filter_outliers": true, 
            "iterations": 1, 
            "std_devs": 2
        }, 
        "fit": "linear", 
        "value": 0.0635551813478549
    }, 
    "Ar39": {
        "error": 0.010678867187631825, 
        "filter_outliers_dict": {
            "filter_outliers": true, 
            "iterations": 1, 
            "std_devs": 2
        }, 
        "fit": "Linear", 
        "value": 4.166957282280348
    }, 
    "Ar40": {
        "error": 0.012123891316273413, 
        "filter_outliers_dict": {
            "filter_outliers": true, 
            "iterations": 1, 
            "std_devs": 2
        }, 
        "fit": "Linear", 
        "value": 25.21670315689181
    }, 
    "Ar41": {
        "error": 0.004645737187356373, 
        "filter_outliers_dict": {
            "filter_outliers": true, 
            "iterations": 1, 
            "std_devs": 2
        }, 
        "fit": "Average", 
        "value": 0.07874143019216534
    }
}