{
    "Ar36": {
        "error": 0.00046231370996781046, 
        "filter_outliers_dict": {
            "filter_outliers": true, 
            "iterations": 1, 
            "std_devs": 2
        }, 
        "fit": "Linear", 
        "value": 0.03830923661855277
    }, 
    "Ar37": {
        "error": 0.011998385431042462, 
        "filter_outliers_dict": {
            "filter_outliers": true, 
            "iterations": 1, 
            "std_devs": 2
        }, 
        "fit": "linear", 
        "value": 0.42395064716440567
    }, 
    "Ar38": {
        "error": 0.004464658772369228, 
        "filter_outliers_dict": {
            "filter_outliers": true, 
            "iterations": 1, 
            "std_devs": 2
        }, 
        "fit": "linear", 
        "value": 0.5746708064309168
    }, 
    "Ar39": {
        "error": 0.017127259416827502, 
        "filter_outliers_dict": {
            "filter_outliers": true, 
            "iterations": 1, 
            "std_devs": 2
        }, 
        "fit": "Linear", 
        "value": 42.79122093106428
    }, 
    "Ar40": {
        "error": 0.02615007767810751, 
        "filter_outliers_dict": {
            "filter_outliers": true, 
            "iterations": 1, 
            "std_devs": 2
        }, 
        "fit": "Linear", 
        "value": 236.1050831154997
    }, 
    "Ar41": {
        "error": 0.005443697439234017, 
        "filter_outliers_dict": {
            "filter_outliers": true, 
            "iterations": 1, 
            "std_devs": 2
        }, 
        "fit": "Average", 
        "value": 0.0948622788687835
    }
}