{
    "Ar36": {
        "error": 0.0002099929889064703, 
        "filter_outliers_dict": {
            "filter_outliers": true, 
            "iterations": 1, 
            "std_devs": 2
        }, 
        "fit": "Linear", 
        "value": 0.006049388970092562
    }, 
    "Ar37": {
        "error": 0.010468698966515644, 
        "filter_outliers_dict": {
            "filter_outliers": true, 
            "iterations": 1, 
            "std_devs": 2
        }, 
        "fit": "linear", 
        "value": 0.17689759695653878
    }, 
    "Ar38": {
        "error": 0.004610202224020546, 
        "filter_outliers_dict": {
            "filter_outliers": true, 
            "iterations": 1, 
            "std_devs": 2
        }, 
        "fit": "linear", 
        "value": 0.03172746361332228
    }, 
    "Ar39": {
        "error": 0.010482522979510266, 
        "filter_outliers_dict": {
            "filter_outliers": true, 
            "iterations": 1, 
            "std_devs": 2
        }, 
        "fit": "Linear", 
        "value": 1.2073152783592604
    }, 
    "Ar40": {
        "error": 0.009974332201039528, 
        "filter_outliers_dict": {
            "filter_outliers": true, 
            "iterations": 1, 
            "std_devs": 2
        }, 
        "fit": "Linear", 
        "value": 8.541936551431972
    }, 
    "Ar41": {
        "error": 0.004791849012809539, 
        "filter_outliers_dict": {
            "filter_outliers": true, 
            "iterations": 1, 
            "std_devs": 2
        }, 
        "fit": "Average", 
        "value": 0.09035865928917632
    }
}