{
    "Ar36": {
        "error": 0.000234626099120194, 
        "filter_outliers_dict": {
            "filter_outliers": true, 
            "iterations": 1, 
            "std_devs": 2
        }, 
        "fit": "Linear", 
        "value": 0.007271333259190335
    }, 
    "Ar37": {
        "error": 0.009471489317836231, 
        "filter_outliers_dict": {
            "filter_outliers": true, 
            "iterations": 1, 
            "std_devs": 2
        }, 
        "fit": "linear", 
        "value": 0.2770283903188339
    }, 
    "Ar38": {
        "error": 0.004089367153576478, 
        "filter_outliers_dict": {
            "filter_outliers": true, 
            "iterations": 1, 
            "std_devs": 2
        }, 
        "fit": "linear", 
        "value": 0.30649115307572183
    }, 
    "Ar39": {
        "error": 0.014185123471381539, 
        "filter_outliers_dict": {
            "filter_outliers": true, 
            "iterations": 1, 
            "std_devs": 2
        }, 
        "fit": "Linear", 
        "value": 22.82323090398699
    }, 
    "Ar40": {
        "error": 0.019957656131218405, 
        "filter_outliers_dict": {
            "filter_outliers": true, 
            "iterations": 1, 
            "std_devs": 2
        }, 
        "fit": "Linear", 
        "value": 123.72360811793311
    }, 
    "Ar41": {
        "error": 0.004657071561152105, 
        "filter_outliers_dict": {
            "filter_outliers": true, 
            "iterations": 1, 
            "std_devs": 2
        }, 
        "fit": "Average", 
        "value": 0.0740937673288582
    }
}