{
    "Ar36": {
        "error": 0.0004411249814137821, 
        "filter_outliers_dict": {
            "filter_outliers": true, 
            "iterations": 1, 
            "std_devs": 2
        }, 
        "fit": "Linear", 
        "value": 0.03165754393949202
    }, 
    "Ar37": {
        "error": 0.01118761720215704, 
        "filter_outliers_dict": {
            "filter_outliers": true, 
            "iterations": 1, 
            "std_devs": 2
        }, 
        "fit": "linear", 
        "value": 0.21047350502296097
    }, 
    "Ar38": {
        "error": 0.0038866793504440658, 
        "filter_outliers_dict": {
            "filter_outliers": true, 
            "iterations": 1, 
            "std_devs": 2
        }, 
        "fit": "linear", 
        "value": 0.4994345600259107
    }, 
    "Ar39": {
        "error": 0.0131174992944717, 
        "filter_outliers_dict": {
            "filter_outliers": true, 
            "iterations": 1, 
            "std_devs": 2
        }, 
        "fit": "Linear", 
        "value": 34.59159331645729
    }, 
    "Ar40": {
        "error": 0.19151681865837947, 
        "filter_outliers_dict": {
            "filter_outliers": true, 
            "iterations": 1, 
            "std_devs": 2
        }, 
        "fit": "Linear", 
        "value": 3868.469615734425
    }, 
    "Ar41": {
        "error": 0.004483119725175363, 
        "filter_outliers_dict": {
            "filter_outliers": true, 
            "iterations": 1, 
            "std_devs": 2
        }, 
        "fit": "Average", 
        "value": 0.2329044513443962
    }
}