{
    "Ar36": {
        "error": 0.00019295919485770704, 
        "filter_outliers_dict": {
            "filter_outliers": true, 
            "iterations": 1, 
            "std_devs": 2
        }, 
        "fit": "Linear", 
        "value": 0.006203850852364673
    }, 
    "Ar37": {
        "error": 0.01049257341016717, 
        "filter_outliers_dict": {
            "filter_outliers": true, 
            "iterations": 1, 
            "std_devs": 2
        }, 
        "fit": "linear", 
        "value": 0.35984006474706787
    }, 
    "Ar38": {
        "error": 0.004147980598749435, 
        "filter_outliers_dict": {
            "filter_outliers": true, 
            "iterations": 1, 
            "std_devs": 2
        }, 
        "fit": "linear", 
        "value": 0.1623800317040141
    }, 
    "Ar39": {
        "error": 0.01047233189880313, 
        "filter_outliers_dict": {
            "filter_outliers": true, 
            "iterations": 1, 
            "std_devs": 2
        }, 
        "fit": "Linear", 
        "value": 11.70700612037311
    }, 
    "Ar40": {
        "error": 0.015020539894407355, 
        "filter_outliers_dict": {
            "filter_outliers": true, 
            "iterations": 1, 
            "std_devs": 2
        }, 
        "fit": "Linear", 
        "value": 62.850531190080844
    }, 
    "Ar41": {
        "error": 0.004676604103488676, 
        "filter_outliers_dict": {
            "filter_outliers": true, 
            "iterations": 1, 
            "std_devs": 2
        }, 
        "fit": "Average", 
        "value": 0.07586720399709457
    }
}