{
    "Ar36": {
        "error": 0.00021374970989382927, 
        "filter_outliers_dict": {
            "filter_outliers": true, 
            "iterations": 1, 
            "std_devs": 2
        }, 
        "fit": "Linear", 
        "value": 0.007309767310558676
    }, 
    "Ar37": {
        "error": 0.01144150123968739, 
        "filter_outliers_dict": {
            "filter_outliers": true, 
            "iterations": 1, 
            "std_devs": 2
        }, 
        "fit": "linear", 
        "value": 0.17107502175461053
    }, 
    "Ar38": {
        "error": 0.004618859518051218, 
        "filter_outliers_dict": {
            "filter_outliers": true, 
            "iterations": 1, 
            "std_devs": 2
        }, 
        "fit": "linear", 
        "value": 0.12733855167217414
    }, 
    "Ar39": {
        "error": 0.011899139700903994, 
        "filter_outliers_dict": {
            "filter_outliers": true, 
            "iterations": 1, 
            "std_devs": 2
        }, 
        "fit": "Linear", 
        "value": 8.554807857170008
    }, 
    "Ar40": {
        "error": 0.11043495674121703, 
        "filter_outliers_dict": {
            "filter_outliers": true, 
            "iterations": 1, 
            "std_devs": 2
        }, 
        "fit": "Linear", 
        "value": 2379.783457574217
    }, 
    "Ar41": {
        "error": 0.004342746669505241, 
        "filter_outliers_dict": {
            "filter_outliers": true, 
            "iterations": 1, 
            "std_devs": 2
        }, 
        "fit": "Average", 
        "value": 0.1680077773221525
    }
}