{
    "Ar36": {
        "error": 0.00013255310718898289, 
        "filter_outliers_dict": {
            "filter_outliers": true, 
            "iterations": 1, 
            "std_devs": 2
        }, 
        "fit": "Linear", 
        "value": 0.0029678424617829787
    }, 
    "Ar37": {
        "error": 0.010685669579519587, 
        "filter_outliers_dict": {
            "filter_outliers": true, 
            "iterations": 1, 
            "std_devs": 2
        }, 
        "fit": "linear", 
        "value": 0.18426459925363112
    }, 
    "Ar38": {
        "error": 0.00430578546767319, 
        "filter_outliers_dict": {
            "filter_outliers": true, 
            "iterations": 1, 
            "std_devs": 2
        }, 
        "fit": "linear", 
        "value": 0.008206897912161865
    }, 
    "Ar39": {
        "error": 0.011422862631745622, 
        "filter_outliers_dict": {
            "filter_outliers": true, 
            "iterations": 1, 
            "std_devs": 2
        }, 
        "fit": "Linear", 
        "value": 0.09520642649570893
    }, 
    "Ar40": {
        "error": 0.008486057861314882, 
        "filter_outliers_dict": {
            "filter_outliers": true, 
            "iterations": 1, 
            "std_devs": 2
        }, 
        "fit": "Linear", 
        "value": 1.3418198822373886
    }, 
    "Ar41": {
        "error": 0.0048952992987905935, 
        "filter_outliers_dict": {
            "filter_outliers": true, 
            "iterations": 1, 
            "std_devs": 2
        }, 
        "fit": "Average", 
        "value": 0.07692882612398504
    }
}