{
    "Ar36": {
        "error": 0.00014096628717836338, 
        "filter_outliers_dict": {
            "filter_outliers": true, 
            "iterations": 1, 
            "std_devs": 2
        }, 
        "fit": "Linear", 
        "value": 0.0035070917721343143
    }, 
    "Ar37": {
        "error": 0.010557226995840613, 
        "filter_outliers_dict": {
            "filter_outliers": true, 
            "iterations": 1, 
            "std_devs": 2
        }, 
        "fit": "linear", 
        "value": 0.21276112778018033
    }, 
    "Ar38": {
        "error": 0.004217080628058359, 
        "filter_outliers_dict": {
            "filter_outliers": true, 
            "iterations": 1, 
            "std_devs": 2
        }, 
        "fit": "linear", 
        "value": 0.10788072476963326
    }, 
    "Ar39": {
        "error": 0.013393271852451587, 
        "filter_outliers_dict": {
            "filter_outliers": true, 
            "iterations": 1, 
            "std_devs": 2
        }, 
        "fit": "Linear", 
        "value": 7.698514215115941
    }, 
    "Ar40": {
        "error": 0.018741899873377026, 
        "filter_outliers_dict": {
            "filter_outliers": true, 
            "iterations": 1, 
            "std_devs": 2
        }, 
        "fit": "Linear", 
        "value": 144.68861790533649
    }, 
    "Ar41": {
        "error": 0.004509524830598147, 
        "filter_outliers_dict": {
            "filter_outliers": true, 
            "iterations": 1, 
            "std_devs": 2
        }, 
        "fit": "Average", 
        "value": 0.09293984413632361
    }
}