{
    "Ar36": {
        "error": 0.0002993871042419099, 
        "filter_outliers_dict": {
            "filter_outliers": true, 
            "iterations": 1, 
            "std_devs": 2
        }, 
        "fit": "Linear", 
        "value": 0.015806836212226227
    }, 
    "Ar37": {
        "error": 0.0098922325070517, 
        "filter_outliers_dict": {
            "filter_outliers": true, 
            "iterations": 1, 
            "std_devs": 2
        }, 
        "fit": "linear", 
        "value": 0.6055653280287796
    }, 
    "Ar38": {
        "error": 0.0038394469468474306, 
        "filter_outliers_dict": {
            "filter_outliers": true, 
            "iterations": 1, 
            "std_devs": 2
        }, 
        "fit": "linear", 
        "value": 0.3451123034652857
    }, 
    "Ar39": {
        "error": 0.013626448894759115, 
        "filter_outliers_dict": {
            "filter_outliers": true, 
            "iterations": 1, 
            "std_devs": 2
        }, 
        "fit": "Linear", 
        "value": 25.134981844531758
    }, 
    "Ar40": {
        "error": 0.024602800360682135, 
        "filter_outliers_dict": {
            "filter_outliers": true, 
            "iterations": 1, 
            "std_devs": 2
        }, 
        "fit": "Linear", 
        "value": 160.67727951678907
    }, 
    "Ar41": {
        "error": 0.004375243936800524, 
        "filter_outliers_dict": {
            "filter_outliers": true, 
            "iterations": 1, 
            "std_devs": 2
        }, 
        "fit": "Average", 
        "value": 0.07429681041337875
    }
}