{
    "Ar36": {
        "error": 0.00016407644322785896, 
        "filter_outliers_dict": {
            "filter_outliers": true, 
            "iterations": 1, 
            "std_devs": 2
        }, 
        "fit": "Linear", 
        "value": 0.004509814436285143
    }, 
    "Ar37": {
        "error": 0.010095755654278596, 
        "filter_outliers_dict": {
            "filter_outliers": true, 
            "iterations": 1, 
            "std_devs": 2
        }, 
        "fit": "linear", 
        "value": 0.17045003980988724
    }, 
    "Ar38": {
        "error": 0.004489449261961917, 
        "filter_outliers_dict": {
            "filter_outliers": true, 
            "iterations": 1, 
            "std_devs": 2
        }, 
        "fit": "linear", 
        "value": 0.029913358686731215
    }, 
    "Ar39": {
        "error": 0.013165349340559889, 
        "filter_outliers_dict": {
            "filter_outliers": true, 
            "iterations": 1, 
            "std_devs": 2
        }, 
        "fit": "Linear", 
        "value": 0.8175045755862203
    }, 
    "Ar40": {
        "error": 0.009221209062299025, 
        "filter_outliers_dict": {
            "filter_outliers": true, 
            "iterations": 1, 
            "std_devs": 2
        }, 
        "fit": "Linear", 
        "value": 7.5589303940895025
    }, 
    "Ar41": {
        "error": 0.005219714010845663, 
        "filter_outliers_dict": {
            "filter_outliers": true, 
            "iterations": 1, 
            "std_devs": 2
        }, 
        "fit": "Average", 
        "value": 0.07480472687629754
    }
}