{
    "Ar36": {
        "error": 0.00030218899863425445, 
        "filter_outliers_dict": {
            "filter_outliers": true, 
            "iterations": 1, 
            "std_devs": 2
        }, 
        "fit": "Linear", 
        "value": 0.01315177928366792
    }, 
    "Ar37": {
        "error": 0.009826296792643453, 
        "filter_outliers_dict": {
            "filter_outliers": true, 
            "iterations": 1, 
            "std_devs": 2
        }, 
        "fit": "linear", 
        "value": 0.16116992669421734
    }, 
    "Ar38": {
        "error": 0.0037425296582094744, 
        "filter_outliers_dict": {
            "filter_outliers": true, 
            "iterations": 1, 
            "std_devs": 2
        }, 
        "fit": "linear", 
        "value": 0.1390363197076298
    }, 
    "Ar39": {
        "error": 0.011119409781908063, 
        "filter_outliers_dict": {
            "filter_outliers": true, 
            "iterations": 1, 
            "std_devs": 2
        }, 
        "fit": "Linear", 
        "value": 9.436743883829594
    }, 
    "Ar40": {
        "error": 0.05196325507963175, 
        "filter_outliers_dict": {
            "filter_outliers": true, 
            "iterations": 1, 
            "std_devs": 2
        }, 
        "fit": "Linear", 
        "value": 534.4342584116341
    }, 
    "Ar41": {
        "error": 0.0047341810526294196, 
        "filter_outliers_dict": {
            "filter_outliers": true, 
            "iterations": 1, 
            "std_devs": 2
        }, 
        "fit": "Average", 
        "value": 0.10015279307688842
    }
}