{
    "Ar36": {
        "error": 0.0003579446005762257, 
        "filter_outliers_dict": {
            "filter_outliers": true, 
            "iterations": 1, 
            "std_devs": 2
        }, 
        "fit": "Linear", 
        "value": 0.028567947830023414
    }, 
    "Ar37": {
        "error": 0.01002488014207379, 
        "filter_outliers_dict": {
            "filter_outliers": true, 
            "iterations": 1, 
            "std_devs": 2
        }, 
        "fit": "linear", 
        "value": 0.8385179176439883
    }, 
    "Ar38": {
        "error": 0.005193653754833577, 
        "filter_outliers_dict": {
            "filter_outliers": true, 
            "iterations": 1, 
            "std_devs": 2
        }, 
        "fit": "linear", 
        "value": 0.7600147724681013
    }, 
    "Ar39": {
        "error": 0.016459004154928764, 
        "filter_outliers_dict": {
            "filter_outliers": true, 
            "iterations": 1, 
            "std_devs": 2
        }, 
        "fit": "Linear", 
        "value": 53.9005584592116
    }, 
    "Ar40": {
        "error": 0.03269948111699786, 
        "filter_outliers_dict": {
            "filter_outliers": true, 
            "iterations": 1, 
            "std_devs": 2
        }, 
        "fit": "Linear", 
        "value": 303.11202485699056
    }, 
    "Ar41": {
        "error": 0.005444880178419672, 
        "filter_outliers_dict": {
            "filter_outliers": true, 
            "iterations": 1, 
            "std_devs": 2
        }, 
        "fit": "Average", 
        "value": 0.09730262856693193
    }
}