{
    "Ar36": {
        "error": 0.00017549561162993158, 
        "filter_outliers_dict": {
            "filter_outliers": true, 
            "iterations": 1, 
            "std_devs": 2
        }, 
        "fit": "Linear", 
        "value": 0.004177546481846546
    }, 
    "Ar37": {
        "error": 0.011381490335399386, 
        "filter_outliers_dict": {
            "filter_outliers": true, 
            "iterations": 1, 
            "std_devs": 2
        }, 
        "fit": "linear", 
        "value": 0.33642677157978407
    }, 
    "Ar38": {
        "error": 0.0051771684093038116, 
        "filter_outliers_dict": {
            "filter_outliers": true, 
            "iterations": 1, 
            "std_devs": 2
        }, 
        "fit": "linear", 
        "value": 0.155379221362251
    }, 
    "Ar39": {
        "error": 0.01185094561096739, 
        "filter_outliers_dict": {
            "filter_outliers": true, 
            "iterations": 1, 
            "std_devs": 2
        }, 
        "fit": "Linear", 
        "value": 10.888501790929737
    }, 
    "Ar40": {
        "error": 0.01589654920739888, 
        "filter_outliers_dict": {
            "filter_outliers": true, 
            "iterations": 1, 
            "std_devs": 2
        }, 
        "fit": "Linear", 
        "value": 56.65711180832288
    }, 
    "Ar41": {
        "error": 0.004404967807760559, 
        "filter_outliers_dict": {
            "filter_outliers": true, 
            "iterations": 1, 
            "std_devs": 2
        }, 
        "fit": "Average", 
        "value": 0.08152394664657868
    }
}