{
    "Ar36": {
        "error": 0.00023936998596224714, 
        "filter_outliers_dict": {
            "filter_outliers": true, 
            "iterations": 1, 
            "std_devs": 2
        }, 
        "fit": "Linear", 
        "value": 0.008424717334621816
    }, 
    "Ar37": {
        "error": 0.010505292169328575, 
        "filter_outliers_dict": {
            "filter_outliers": true, 
            "iterations": 1, 
            "std_devs": 2
        }, 
        "fit": "linear", 
        "value": 0.17604240695679146
    }, 
    "Ar38": {
        "error": 0.003721054776603136, 
        "filter_outliers_dict": {
            "filter_outliers": true, 
            "iterations": 1, 
            "std_devs": 2
        }, 
        "fit": "linear", 
        "value": 0.016804061553168888
    }, 
    "Ar39": {
        "error": 0.01128463881699735, 
        "filter_outliers_dict": {
            "filter_outliers": true, 
            "iterations": 1, 
            "std_devs": 2
        }, 
        "fit": "Linear", 
        "value": 0.1895053034247097
    }, 
    "Ar40": {
        "error": 0.0113779218631091, 
        "filter_outliers_dict": {
            "filter_outliers": true, 
            "iterations": 1, 
            "std_devs": 2
        }, 
        "fit": "Linear", 
        "value": 9.21403225653479
    }, 
    "Ar41": {
        "error": 0.004100938807644574, 
        "filter_outliers_dict": {
            "filter_outliers": true, 
            "iterations": 1, 
            "std_devs": 2
        }, 
        "fit": "Average", 
        "value": 0.08247381721828553
    }
}