{
    "Ar36": {
        "error": 0.00024161713609987376, 
        "filter_outliers_dict": {
            "filter_outliers": true, 
            "iterations": 1, 
            "std_devs": 2
        }, 
        "fit": "Linear", 
        "value": 0.010581514623405949
    }, 
    "Ar37": {
        "error": 0.010777222560955466, 
        "filter_outliers_dict": {
            "filter_outliers": true, 
            "iterations": 1, 
            "std_devs": 2
        }, 
        "fit": "linear", 
        "value": 0.5239966447706413
    }, 
    "Ar38": {
        "error": 0.00437392823002963, 
        "filter_outliers_dict": {
            "filter_outliers": true, 
            "iterations": 1, 
            "std_devs": 2
        }, 
        "fit": "linear", 
        "value": 0.47752367660141753
    }, 
    "Ar39": {
        "error": 0.016291537523703926, 
        "filter_outliers_dict": {
            "filter_outliers": true, 
            "iterations": 1, 
            "std_devs": 2
        }, 
        "fit": "Linear", 
        "value": 34.09401952750306
    }, 
    "Ar40": {
        "error": 0.02256168518422631, 
        "filter_outliers_dict": {
            "filter_outliers": true, 
            "iterations": 1, 
            "std_devs": 2
        }, 
        "fit": "Linear", 
        "value": 179.1489330742473
    }, 
    "Ar41": {
        "error": 0.004174701135375092, 
        "filter_outliers_dict": {
            "filter_outliers": true, 
            "iterations": 1, 
            "std_devs": 2
        }, 
        "fit": "Average", 
        "value": 0.08902469095430743
    }
}