{
    "Ar36": {
        "error": 0.0007250430726682352, 
        "filter_outliers_dict": {
            "filter_outliers": true, 
            "iterations": 1, 
            "std_devs": 2
        }, 
        "fit": "Parabolic", 
        "value": 0.1823698161827071
    }, 
    "Ar37": {
        "error": 0.004642383533056119, 
        "filter_outliers_dict": {
            "filter_outliers": true, 
            "iterations": 1, 
            "std_devs": 2
        }, 
        "fit": "linear", 
        "value": 0.15308587476985458
    }, 
    "Ar38": {
        "error": 0.002259636668625146, 
        "filter_outliers_dict": {
            "filter_outliers": true, 
            "iterations": 1, 
            "std_devs": 2
        }, 
        "fit": "linear", 
        "value": 0.026831356531629942
    }, 
    "Ar39": {
        "error": 0.00900824980943978, 
        "filter_outliers_dict": {
            "filter_outliers": true, 
            "iterations": 1, 
            "std_devs": 2
        }, 
        "fit": "Parabolic", 
        "value": 0.07024346965450025
    }, 
    "Ar40": {
        "error": 0.012009536314630975, 
        "filter_outliers_dict": {
            "filter_outliers": true, 
            "iterations": 1, 
            "std_devs": 2
        }, 
        "fit": "Parabolic", 
        "value": 53.71457445821423
    }, 
    "Ar41": {
        "error": 0.0051070618702104, 
        "filter_outliers_dict": {
            "filter_outliers": true, 
            "iterations": 1, 
            "std_devs": 2
        }, 
        "fit": "linear", 
        "value": 0.08513275177750132
    }
}