{
    "Ar36": {
        "error": 0.000713639425835531, 
        "filter_outliers_dict": {
            "filter_outliers": true, 
            "iterations": 1, 
            "std_devs": 2
        }, 
        "fit": "Parabolic", 
        "value": 0.183113929095138
    }, 
    "Ar37": {
        "error": 0.005001917310281479, 
        "filter_outliers_dict": {
            "filter_outliers": true, 
            "iterations": 1, 
            "std_devs": 2
        }, 
        "fit": "linear", 
        "value": 0.165172260012073
    }, 
    "Ar38": {
        "error": 0.002098711818563168, 
        "filter_outliers_dict": {
            "filter_outliers": true, 
            "iterations": 1, 
            "std_devs": 2
        }, 
        "fit": "linear", 
        "value": 0.024096886856060516
    }, 
    "Ar39": {
        "error": 0.0083823334130518, 
        "filter_outliers_dict": {
            "filter_outliers": true, 
            "iterations": 1, 
            "std_devs": 2
        }, 
        "fit": "Parabolic", 
        "value": 0.06737754469286657
    }, 
    "Ar40": {
        "error": 0.012273386862335622, 
        "filter_outliers_dict": {
            "filter_outliers": true, 
            "iterations": 1, 
            "std_devs": 2
        }, 
        "fit": "Parabolic", 
        "value": 53.86917862905757
    }, 
    "Ar41": {
        "error": 0.004712142149163256, 
        "filter_outliers_dict": {
            "filter_outliers": true, 
            "iterations": 1, 
            "std_devs": 2
        }, 
        "fit": "linear", 
        "value": 0.0763587148976619
    }
}