{
    "Ar36": {
        "error": 0.0007747526536652267, 
        "filter_outliers_dict": {
            "filter_outliers": true, 
            "iterations": 1, 
            "std_devs": 2
        }, 
        "fit": "Parabolic", 
        "value": 0.18410591189202902
    }, 
    "Ar37": {
        "error": 0.0046248191189434285, 
        "filter_outliers_dict": {
            "filter_outliers": true, 
            "iterations": 1, 
            "std_devs": 2
        }, 
        "fit": "linear", 
        "value": 0.15825693514084804
    }, 
    "Ar38": {
        "error": 0.002009742449057051, 
        "filter_outliers_dict": {
            "filter_outliers": true, 
            "iterations": 1, 
            "std_devs": 2
        }, 
        "fit": "linear", 
        "value": 0.02957684859295584
    }, 
    "Ar39": {
        "error": 0.008104506945000246, 
        "filter_outliers_dict": {
            "filter_outliers": true, 
            "iterations": 1, 
            "std_devs": 2
        }, 
        "fit": "Parabolic", 
        "value": 0.07613183858382523
    }, 
    "Ar40": {
        "error": 0.011028039495017568, 
        "filter_outliers_dict": {
            "filter_outliers": true, 
            "iterations": 1, 
            "std_devs": 2
        }, 
        "fit": "Parabolic", 
        "value": 53.76988609696291
    }, 
    "Ar41": {
        "error": 0.0047852149828568665, 
        "filter_outliers_dict": {
            "filter_outliers": true, 
            "iterations": 1, 
            "std_devs": 2
        }, 
        "fit": "linear", 
        "value": 0.08275035266434726
    }
}