{
    "Ar36": {
        "error": 0.0003963564990110207, 
        "filter_outliers_dict": {
            "filter_outliers": true, 
            "iterations": 1, 
            "std_devs": 2
        }, 
        "fit": "Linear", 
        "value": 0.03050406600277212
    }, 
    "Ar37": {
        "error": 0.010425127109302724, 
        "filter_outliers_dict": {
            "filter_outliers": true, 
            "iterations": 1, 
            "std_devs": 2
        }, 
        "fit": "linear", 
        "value": 0.15911931195260293
    }, 
    "Ar38": {
        "error": 0.004042986373908617, 
        "filter_outliers_dict": {
            "filter_outliers": true, 
            "iterations": 1, 
            "std_devs": 2
        }, 
        "fit": "linear", 
        "value": 1.0574535257175184
    }, 
    "Ar39": {
        "error": 0.018855860975462893, 
        "filter_outliers_dict": {
            "filter_outliers": true, 
            "iterations": 1, 
            "std_devs": 2
        }, 
        "fit": "Linear", 
        "value": 78.85364893924532
    }, 
    "Ar40": {
        "error": 0.08967199195007532, 
        "filter_outliers_dict": {
            "filter_outliers": true, 
            "iterations": 1, 
            "std_devs": 2
        }, 
        "fit": "Linear", 
        "value": 974.6489031354411
    }, 
    "Ar41": {
        "error": 0.004587686259825196, 
        "filter_outliers_dict": {
            "filter_outliers": true, 
            "iterations": 1, 
            "std_devs": 2
        }, 
        "fit": "Average", 
        "value": 0.12619633837263744
    }
}