{
    "Ar36": {
        "error": 0.00033979768769906455, 
        "filter_outliers_dict": {
            "filter_outliers": true, 
            "iterations": 1, 
            "std_devs": 2
        }, 
        "fit": "Linear", 
        "value": 0.02980629814369456
    }, 
    "Ar37": {
        "error": 0.010393989593755011, 
        "filter_outliers_dict": {
            "filter_outliers": true, 
            "iterations": 1, 
            "std_devs": 2
        }, 
        "fit": "linear", 
        "value": 0.17254472179691255
    }, 
    "Ar38": {
        "error": 0.0043747918638908515, 
        "filter_outliers_dict": {
            "filter_outliers": true, 
            "iterations": 1, 
            "std_devs": 2
        }, 
        "fit": "linear", 
        "value": 1.0692866074908742
    }, 
    "Ar39": {
        "error": 0.01614272294103669, 
        "filter_outliers_dict": {
            "filter_outliers": true, 
            "iterations": 1, 
            "std_devs": 2
        }, 
        "fit": "Linear", 
        "value": 78.75187818684145
    }, 
    "Ar40": {
        "error": 0.06894191940885676, 
        "filter_outliers_dict": {
            "filter_outliers": true, 
            "iterations": 1, 
            "std_devs": 2
        }, 
        "fit": "Linear", 
        "value": 973.3904816031667
    }, 
    "Ar41": {
        "error": 0.004735028517267963, 
        "filter_outliers_dict": {
            "filter_outliers": true, 
            "iterations": 1, 
            "std_devs": 2
        }, 
        "fit": "Average", 
        "value": 0.14367888762360306
    }
}