{
    "Ar36": {
        "error": 0.00043986266428851337, 
        "filter_outliers_dict": {
            "filter_outliers": true, 
            "iterations": 1, 
            "std_devs": 2
        }, 
        "fit": "Linear", 
        "value": 0.0287103313821936
    }, 
    "Ar37": {
        "error": 0.009558332140350376, 
        "filter_outliers_dict": {
            "filter_outliers": true, 
            "iterations": 1, 
            "std_devs": 2
        }, 
        "fit": "linear", 
        "value": 0.1450439722434944
    }, 
    "Ar38": {
        "error": 0.004079660431309964, 
        "filter_outliers_dict": {
            "filter_outliers": true, 
            "iterations": 1, 
            "std_devs": 2
        }, 
        "fit": "linear", 
        "value": 1.0662805094945116
    }, 
    "Ar39": {
        "error": 0.018611147960552563, 
        "filter_outliers_dict": {
            "filter_outliers": true, 
            "iterations": 1, 
            "std_devs": 2
        }, 
        "fit": "Linear", 
        "value": 77.98154755619649
    }, 
    "Ar40": {
        "error": 0.07032301534108706, 
        "filter_outliers_dict": {
            "filter_outliers": true, 
            "iterations": 1, 
            "std_devs": 2
        }, 
        "fit": "Linear", 
        "value": 962.2803704909304
    }, 
    "Ar41": {
        "error": 0.00451180765207318, 
        "filter_outliers_dict": {
            "filter_outliers": true, 
            "iterations": 1, 
            "std_devs": 2
        }, 
        "fit": "Average", 
        "value": 0.13112350388522315
    }
}