{
    "Ar36": {
        "error": 0.00040777499837265973, 
        "filter_outliers_dict": {
            "filter_outliers": true, 
            "iterations": 1, 
            "std_devs": 2
        }, 
        "fit": "Linear", 
        "value": 0.029692059340692342
    }, 
    "Ar37": {
        "error": 0.009839959459964215, 
        "filter_outliers_dict": {
            "filter_outliers": true, 
            "iterations": 1, 
            "std_devs": 2
        }, 
        "fit": "linear", 
        "value": 0.14295232958733683
    }, 
    "Ar38": {
        "error": 0.004745528236413001, 
        "filter_outliers_dict": {
            "filter_outliers": true, 
            "iterations": 1, 
            "std_devs": 2
        }, 
        "fit": "linear", 
        "value": 1.0648790368972594
    }, 
    "Ar39": {
        "error": 0.018774553719291372, 
        "filter_outliers_dict": {
            "filter_outliers": true, 
            "iterations": 1, 
            "std_devs": 2
        }, 
        "fit": "Linear", 
        "value": 78.80535854324555
    }, 
    "Ar40": {
        "error": 0.08264451420475893, 
        "filter_outliers_dict": {
            "filter_outliers": true, 
            "iterations": 1, 
            "std_devs": 2
        }, 
        "fit": "Linear", 
        "value": 974.3460169477632
    }, 
    "Ar41": {
        "error": 0.004800552236510829, 
        "filter_outliers_dict": {
            "filter_outliers": true, 
            "iterations": 1, 
            "std_devs": 2
        }, 
        "fit": "Average", 
        "value": 0.1281627025243762
    }
}