{
    "Ar36": {
        "error": 0.0004510720009480195, 
        "filter_outliers_dict": {
            "filter_outliers": true, 
            "iterations": 1, 
            "std_devs": 2
        }, 
        "fit": "Linear", 
        "value": 0.029863763095467108
    }, 
    "Ar37": {
        "error": 0.011310144822835337, 
        "filter_outliers_dict": {
            "filter_outliers": true, 
            "iterations": 1, 
            "std_devs": 2
        }, 
        "fit": "linear", 
        "value": 0.13969095434883852
    }, 
    "Ar38": {
        "error": 0.004329997873838645, 
        "filter_outliers_dict": {
            "filter_outliers": true, 
            "iterations": 1, 
            "std_devs": 2
        }, 
        "fit": "linear", 
        "value": 1.0747466990936647
    }, 
    "Ar39": {
        "error": 0.018117861059230845, 
        "filter_outliers_dict": {
            "filter_outliers": true, 
            "iterations": 1, 
            "std_devs": 2
        }, 
        "fit": "Linear", 
        "value": 79.45137387646685
    }, 
    "Ar40": {
        "error": 0.12424445726343022, 
        "filter_outliers_dict": {
            "filter_outliers": true, 
            "iterations": 1, 
            "std_devs": 2
        }, 
        "fit": "Linear", 
        "value": 981.9939682541909
    }, 
    "Ar41": {
        "error": 0.004934810031186519, 
        "filter_outliers_dict": {
            "filter_outliers": true, 
            "iterations": 1, 
            "std_devs": 2
        }, 
        "fit": "Average", 
        "value": 0.13019150469710764
    }
}