{
    "Ar36": {
        "error": 0.00041492380873342917, 
        "filter_outliers_dict": {
            "filter_outliers": true, 
            "iterations": 1, 
            "std_devs": 2
        }, 
        "fit": "Linear", 
        "value": 0.030245415325768743
    }, 
    "Ar37": {
        "error": 0.009575770231600618, 
        "filter_outliers_dict": {
            "filter_outliers": true, 
            "iterations": 1, 
            "std_devs": 2
        }, 
        "fit": "linear", 
        "value": 0.17100849087951664
    }, 
    "Ar38": {
        "error": 0.004459510493875582, 
        "filter_outliers_dict": {
            "filter_outliers": true, 
            "iterations": 1, 
            "std_devs": 2
        }, 
        "fit": "linear", 
        "value": 1.0566065059904555
    }, 
    "Ar39": {
        "error": 0.017379260311989414, 
        "filter_outliers_dict": {
            "filter_outliers": true, 
            "iterations": 1, 
            "std_devs": 2
        }, 
        "fit": "Linear", 
        "value": 78.16769328433165
    }, 
    "Ar40": {
        "error": 0.07070108813151955, 
        "filter_outliers_dict": {
            "filter_outliers": true, 
            "iterations": 1, 
            "std_devs": 2
        }, 
        "fit": "Linear", 
        "value": 963.7134375181353
    }, 
    "Ar41": {
        "error": 0.004566682778300187, 
        "filter_outliers_dict": {
            "filter_outliers": true, 
            "iterations": 1, 
            "std_devs": 2
        }, 
        "fit": "Average", 
        "value": 0.1331072455258502
    }
}