{
    "Ar36": {
        "error": 0.0004045993243333076, 
        "filter_outliers_dict": {
            "filter_outliers": true, 
            "iterations": 1, 
            "std_devs": 2
        }, 
        "fit": "Linear", 
        "value": 0.030696170929287427
    }, 
    "Ar37": {
        "error": 0.010645781483690116, 
        "filter_outliers_dict": {
            "filter_outliers": true, 
            "iterations": 1, 
            "std_devs": 2
        }, 
        "fit": "linear", 
        "value": 0.1476761226416318
    }, 
    "Ar38": {
        "error": 0.0047297789606594014, 
        "filter_outliers_dict": {
            "filter_outliers": true, 
            "iterations": 1, 
            "std_devs": 2
        }, 
        "fit": "linear", 
        "value": 1.047101521446641
    }, 
    "Ar39": {
        "error": 0.017800478331909297, 
        "filter_outliers_dict": {
            "filter_outliers": true, 
            "iterations": 1, 
            "std_devs": 2
        }, 
        "fit": "Linear", 
        "value": 79.04575924252357
    }, 
    "Ar40": {
        "error": 0.09233668528190167, 
        "filter_outliers_dict": {
            "filter_outliers": true, 
            "iterations": 1, 
            "std_devs": 2
        }, 
        "fit": "Linear", 
        "value": 977.1411677771068
    }, 
    "Ar41": {
        "error": 0.005007217786739151, 
        "filter_outliers_dict": {
            "filter_outliers": true, 
            "iterations": 1, 
            "std_devs": 2
        }, 
        "fit": "Average", 
        "value": 0.13090188714456305
    }
}