{
    "Ar36": {
        "error": 0.0004149932223102555, 
        "filter_outliers_dict": {
            "filter_outliers": true, 
            "iterations": 1, 
            "std_devs": 2
        }, 
        "fit": "Linear", 
        "value": 0.029509718238248467
    }, 
    "Ar37": {
        "error": 0.010221386448982014, 
        "filter_outliers_dict": {
            "filter_outliers": true, 
            "iterations": 1, 
            "std_devs": 2
        }, 
        "fit": "linear", 
        "value": 0.14678701649407358
    }, 
    "Ar38": {
        "error": 0.004284914675048207, 
        "filter_outliers_dict": {
            "filter_outliers": true, 
            "iterations": 1, 
            "std_devs": 2
        }, 
        "fit": "linear", 
        "value": 1.0497706198581378
    }, 
    "Ar39": {
        "error": 0.014264516009246645, 
        "filter_outliers_dict": {
            "filter_outliers": true, 
            "iterations": 1, 
            "std_devs": 2
        }, 
        "fit": "Linear", 
        "value": 78.44298037183114
    }, 
    "Ar40": {
        "error": 0.053170042476817767, 
        "filter_outliers_dict": {
            "filter_outliers": true, 
            "iterations": 1, 
            "std_devs": 2
        }, 
        "fit": "Linear", 
        "value": 968.9931240169387
    }, 
    "Ar41": {
        "error": 0.00422771114687236, 
        "filter_outliers_dict": {
            "filter_outliers": true, 
            "iterations": 1, 
            "std_devs": 2
        }, 
        "fit": "Average", 
        "value": 0.1208841885940079
    }
}