{
    "Ar36": {
        "error": 0.00036650653455043533, 
        "filter_outliers_dict": {
            "filter_outliers": true, 
            "iterations": 1, 
            "std_devs": 2
        }, 
        "fit": "Linear", 
        "value": 0.02967023990462162
    }, 
    "Ar37": {
        "error": 0.00948761485363786, 
        "filter_outliers_dict": {
            "filter_outliers": true, 
            "iterations": 1, 
            "std_devs": 2
        }, 
        "fit": "linear", 
        "value": 0.16378461201797911
    }, 
    "Ar38": {
        "error": 0.003926828543036549, 
        "filter_outliers_dict": {
            "filter_outliers": true, 
            "iterations": 1, 
            "std_devs": 2
        }, 
        "fit": "linear", 
        "value": 1.0720847536247458
    }, 
    "Ar39": {
        "error": 0.019394264518544094, 
        "filter_outliers_dict": {
            "filter_outliers": true, 
            "iterations": 1, 
            "std_devs": 2
        }, 
        "fit": "Linear", 
        "value": 77.93434912853392
    }, 
    "Ar40": {
        "error": 0.06288525796491767, 
        "filter_outliers_dict": {
            "filter_outliers": true, 
            "iterations": 1, 
            "std_devs": 2
        }, 
        "fit": "Linear", 
        "value": 961.51909123447
    }, 
    "Ar41": {
        "error": 0.004580510847348916, 
        "filter_outliers_dict": {
            "filter_outliers": true, 
            "iterations": 1, 
            "std_devs": 2
        }, 
        "fit": "Average", 
        "value": 0.12789226686631075
    }
}