{
    "Ar36": {
        "error": 0.0004169978914149024, 
        "filter_outliers_dict": {
            "filter_outliers": true, 
            "iterations": 1, 
            "std_devs": 2
        }, 
        "fit": "Linear", 
        "value": 0.0298225391462299
    }, 
    "Ar37": {
        "error": 0.00903352325611348, 
        "filter_outliers_dict": {
            "filter_outliers": true, 
            "iterations": 1, 
            "std_devs": 2
        }, 
        "fit": "linear", 
        "value": 0.16786486956383917
    }, 
    "Ar38": {
        "error": 0.004261586526181429, 
        "filter_outliers_dict": {
            "filter_outliers": true, 
            "iterations": 1, 
            "std_devs": 2
        }, 
        "fit": "linear", 
        "value": 1.0498638900741515
    }, 
    "Ar39": {
        "error": 0.01938983545471164, 
        "filter_outliers_dict": {
            "filter_outliers": true, 
            "iterations": 1, 
            "std_devs": 2
        }, 
        "fit": "Linear", 
        "value": 77.98920313759946
    }, 
    "Ar40": {
        "error": 0.07018310093883293, 
        "filter_outliers_dict": {
            "filter_outliers": true, 
            "iterations": 1, 
            "std_devs": 2
        }, 
        "fit": "Linear", 
        "value": 962.2279752220186
    }, 
    "Ar41": {
        "error": 0.005069851170558852, 
        "filter_outliers_dict": {
            "filter_outliers": true, 
            "iterations": 1, 
            "std_devs": 2
        }, 
        "fit": "Average", 
        "value": 0.12287136999860161
    }
}