{
    "Ar36": {
        "error": 0.00040781913553073504, 
        "filter_outliers_dict": {
            "filter_outliers": true, 
            "iterations": 1, 
            "std_devs": 2
        }, 
        "fit": "Linear", 
        "value": 0.029910942086288132
    }, 
    "Ar37": {
        "error": 0.009879296530349647, 
        "filter_outliers_dict": {
            "filter_outliers": true, 
            "iterations": 1, 
            "std_devs": 2
        }, 
        "fit": "linear", 
        "value": 0.1537181460323062
    }, 
    "Ar38": {
        "error": 0.004242075036560202, 
        "filter_outliers_dict": {
            "filter_outliers": true, 
            "iterations": 1, 
            "std_devs": 2
        }, 
        "fit": "linear", 
        "value": 1.0498042039505944
    }, 
    "Ar39": {
        "error": 0.018324331976743453, 
        "filter_outliers_dict": {
            "filter_outliers": true, 
            "iterations": 1, 
            "std_devs": 2
        }, 
        "fit": "Linear", 
        "value": 78.4521556985672
    }, 
    "Ar40": {
        "error": 0.07075155201731842, 
        "filter_outliers_dict": {
            "filter_outliers": true, 
            "iterations": 1, 
            "std_devs": 2
        }, 
        "fit": "Linear", 
        "value": 970.1069204480935
    }, 
    "Ar41": {
        "error": 0.0046543205396268415, 
        "filter_outliers_dict": {
            "filter_outliers": true, 
            "iterations": 1, 
            "std_devs": 2
        }, 
        "fit": "Average", 
        "value": 0.12521097606645576
    }
}