{
    "Ar36": {
        "error": 0.00035891924533084225, 
        "filter_outliers_dict": {
            "filter_outliers": true, 
            "iterations": 1, 
            "std_devs": 2
        }, 
        "fit": "Linear", 
        "value": 0.030015995530591248
    }, 
    "Ar37": {
        "error": 0.010472929213609275, 
        "filter_outliers_dict": {
            "filter_outliers": true, 
            "iterations": 1, 
            "std_devs": 2
        }, 
        "fit": "linear", 
        "value": 0.13815853601493142
    }, 
    "Ar38": {
        "error": 0.00437180134079809, 
        "filter_outliers_dict": {
            "filter_outliers": true, 
            "iterations": 1, 
            "std_devs": 2
        }, 
        "fit": "linear", 
        "value": 1.050987537593676
    }, 
    "Ar39": {
        "error": 0.020184622994563688, 
        "filter_outliers_dict": {
            "filter_outliers": true, 
            "iterations": 1, 
            "std_devs": 2
        }, 
        "fit": "Linear", 
        "value": 78.42229521297514
    }, 
    "Ar40": {
        "error": 0.07544776056400654, 
        "filter_outliers_dict": {
            "filter_outliers": true, 
            "iterations": 1, 
            "std_devs": 2
        }, 
        "fit": "Linear", 
        "value": 968.6620826181043
    }, 
    "Ar41": {
        "error": 0.004555283305504454, 
        "filter_outliers_dict": {
            "filter_outliers": true, 
            "iterations": 1, 
            "std_devs": 2
        }, 
        "fit": "Average", 
        "value": 0.11961986640309995
    }
}