{
    "AX": {
        "error": 0.007018668317272545, 
        "filter_outliers_dict": {
            "filter_outliers": true, 
            "iterations": 1, 
            "std_devs": 2
        }, 
        "fit": "average", 
        "value": 0.04868550566014328
    }, 
    "CDD": {
        "error": 1.3159220914681046e-05, 
        "filter_outliers_dict": {
            "filter_outliers": true, 
            "iterations": 1, 
            "std_devs": 10
        }, 
        "fit": "average", 
        "value": 7.040338406878854e-05
    }, 
    "H1": {
        "error": 0.005522600855914881, 
        "filter_outliers_dict": {
            "filter_outliers": true, 
            "iterations": 1, 
            "std_devs": 2
        }, 
        "fit": "average", 
        "value": -0.02671602925397328
    }, 
    "H2": {
        "error": 0.006860376338123681, 
        "filter_outliers_dict": {
            "filter_outliers": true, 
            "iterations": 1, 
            "std_devs": 2
        }, 
        "fit": "average", 
        "value": 0.08314868479326526
    }, 
    "L1": {
        "error": 0.002200152022690438, 
        "filter_outliers_dict": {
            "filter_outliers": true, 
            "iterations": 1, 
            "std_devs": 2
        }, 
        "fit": "average", 
        "value": 8.785546310940212e-05
    }, 
    "L2": {
        "error": 0.006112802889659024, 
        "filter_outliers_dict": {
            "filter_outliers": true, 
            "iterations": 1, 
            "std_devs": 2
        }, 
        "fit": "average", 
        "value": 0.12781572502736097
    }
}