{
    "AX": {
        "error": 0.006106714697017529, 
        "filter_outliers_dict": {
            "filter_outliers": true, 
            "iterations": 1, 
            "std_devs": 2
        }, 
        "fit": "average", 
        "value": 0.06876990030939804
    }, 
    "CDD": {
        "error": 1.2640036300453077e-05, 
        "filter_outliers_dict": {
            "filter_outliers": true, 
            "iterations": 1, 
            "std_devs": 10
        }, 
        "fit": "average", 
        "value": 6.788897745722157e-05
    }, 
    "H1": {
        "error": 0.004542017400677356, 
        "filter_outliers_dict": {
            "filter_outliers": true, 
            "iterations": 1, 
            "std_devs": 2
        }, 
        "fit": "average", 
        "value": -0.02237843121582295
    }, 
    "H2": {
        "error": 0.00532985477921901, 
        "filter_outliers_dict": {
            "filter_outliers": true, 
            "iterations": 1, 
            "std_devs": 2
        }, 
        "fit": "average", 
        "value": 0.08175430569088514
    }, 
    "L1": {
        "error": 0.0020189952321981825, 
        "filter_outliers_dict": {
            "filter_outliers": true, 
            "iterations": 1, 
            "std_devs": 2
        }, 
        "fit": "average", 
        "value": -0.0010229803944685264
    }, 
    "L2": {
        "error": 0.006992697898128282, 
        "filter_outliers_dict": {
            "filter_outliers": true, 
            "iterations": 1, 
            "std_devs": 2
        }, 
        "fit": "average", 
        "value": 0.12820602795036132
    }
}