{
    "AX": {
        "error": 0.006666234911735262, 
        "filter_outliers_dict": {
            "filter_outliers": true, 
            "iterations": 1, 
            "std_devs": 2
        }, 
        "fit": "average", 
        "value": 0.06894943454360489
    }, 
    "CDD": {
        "error": 7.578650727130679e-06, 
        "filter_outliers_dict": {
            "filter_outliers": true, 
            "iterations": 1, 
            "std_devs": 10
        }, 
        "fit": "average", 
        "value": 2.0115252556826367e-05
    }, 
    "H1": {
        "error": 0.003932607839681198, 
        "filter_outliers_dict": {
            "filter_outliers": true, 
            "iterations": 1, 
            "std_devs": 2
        }, 
        "fit": "average", 
        "value": -0.030497714135011223
    }, 
    "H2": {
        "error": 0.005962392487080069, 
        "filter_outliers_dict": {
            "filter_outliers": true, 
            "iterations": 1, 
            "std_devs": 2
        }, 
        "fit": "average", 
        "value": 0.08010697738954155
    }, 
    "L1": {
        "error": 0.0032357701553471603, 
        "filter_outliers_dict": {
            "filter_outliers": true, 
            "iterations": 1, 
            "std_devs": 2
        }, 
        "fit": "average", 
        "value": 0.0047809426199322234
    }, 
    "L2": {
        "error": 0.006753520556246808, 
        "filter_outliers_dict": {
            "filter_outliers": true, 
            "iterations": 1, 
            "std_devs": 2
        }, 
        "fit": "average", 
        "value": 0.13347406784708782
    }
}