{
    "AX": {
        "error": 0.005205903262423282, 
        "filter_outliers_dict": {
            "filter_outliers": true, 
            "iterations": 1, 
            "std_devs": 2
        }, 
        "fit": "average", 
        "value": 0.05213995812158017
    }, 
    "CDD": {
        "error": 7.856348454701378e-06, 
        "filter_outliers_dict": {
            "filter_outliers": true, 
            "iterations": 1, 
            "std_devs": 10
        }, 
        "fit": "average", 
        "value": 3.01728787633018e-05
    }, 
    "H1": {
        "error": 0.004749021424282088, 
        "filter_outliers_dict": {
            "filter_outliers": true, 
            "iterations": 1, 
            "std_devs": 2
        }, 
        "fit": "average", 
        "value": -0.03513092933295029
    }, 
    "H2": {
        "error": 0.006959056204434303, 
        "filter_outliers_dict": {
            "filter_outliers": true, 
            "iterations": 1, 
            "std_devs": 2
        }, 
        "fit": "average", 
        "value": 0.08425011779372595
    }, 
    "L1": {
        "error": 0.0030460341158086743, 
        "filter_outliers_dict": {
            "filter_outliers": true, 
            "iterations": 1, 
            "std_devs": 2
        }, 
        "fit": "average", 
        "value": -0.0038579491956976016
    }, 
    "L2": {
        "error": 0.004642074552597427, 
        "filter_outliers_dict": {
            "filter_outliers": true, 
            "iterations": 1, 
            "std_devs": 2
        }, 
        "fit": "average", 
        "value": 0.1289043391498106
    }
}