{
    "AX": {
        "error": 0.006800861044921209, 
        "filter_outliers_dict": {
            "filter_outliers": true, 
            "iterations": 1, 
            "std_devs": 2
        }, 
        "fit": "average", 
        "value": 0.06307348709585223
    }, 
    "CDD": {
        "error": 1.1320747078104054e-05, 
        "filter_outliers_dict": {
            "filter_outliers": true, 
            "iterations": 1, 
            "std_devs": 10
        }, 
        "fit": "average", 
        "value": 5.531694454326213e-05
    }, 
    "H1": {
        "error": 0.004583766991720268, 
        "filter_outliers_dict": {
            "filter_outliers": true, 
            "iterations": 1, 
            "std_devs": 2
        }, 
        "fit": "average", 
        "value": -0.04227476477012641
    }, 
    "H2": {
        "error": 0.005825762075598399, 
        "filter_outliers_dict": {
            "filter_outliers": true, 
            "iterations": 1, 
            "std_devs": 2
        }, 
        "fit": "average", 
        "value": 0.07239330172238924
    }, 
    "L1": {
        "error": 0.0023502417084402664, 
        "filter_outliers_dict": {
            "filter_outliers": true, 
            "iterations": 1, 
            "std_devs": 2
        }, 
        "fit": "average", 
        "value": -0.01844864736614289
    }, 
    "L2": {
        "error": 0.00692845047659455, 
        "filter_outliers_dict": {
            "filter_outliers": true, 
            "iterations": 1, 
            "std_devs": 2
        }, 
        "fit": "average", 
        "value": 0.12177300540343564
    }
}