{
    "AX": {
        "error": 0.0058721870694498765, 
        "filter_outliers_dict": {
            "filter_outliers": true, 
            "iterations": 1, 
            "std_devs": 2
        }, 
        "fit": "average", 
        "value": 0.05352356725260752
    }, 
    "CDD": {
        "error": 1.1875104579498011e-05, 
        "filter_outliers_dict": {
            "filter_outliers": true, 
            "iterations": 1, 
            "std_devs": 10
        }, 
        "fit": "average", 
        "value": 5.5316944591220635e-05
    }, 
    "H1": {
        "error": 0.00540052817200169, 
        "filter_outliers_dict": {
            "filter_outliers": true, 
            "iterations": 1, 
            "std_devs": 2
        }, 
        "fit": "average", 
        "value": -0.03557889996571382
    }, 
    "H2": {
        "error": 0.008055583885381117, 
        "filter_outliers_dict": {
            "filter_outliers": true, 
            "iterations": 1, 
            "std_devs": 2
        }, 
        "fit": "average", 
        "value": 0.06779843202470488
    }, 
    "L1": {
        "error": 0.0025498318699951673, 
        "filter_outliers_dict": {
            "filter_outliers": true, 
            "iterations": 1, 
            "std_devs": 2
        }, 
        "fit": "average", 
        "value": -0.017036691419885966
    }, 
    "L2": {
        "error": 0.006845593113933553, 
        "filter_outliers_dict": {
            "filter_outliers": true, 
            "iterations": 1, 
            "std_devs": 2
        }, 
        "fit": "average", 
        "value": 0.14414832577680214
    }
}