{
    "AX": {
        "error": 0.006803868740428144, 
        "filter_outliers_dict": {
            "filter_outliers": true, 
            "iterations": 1, 
            "std_devs": 2
        }, 
        "fit": "average", 
        "value": 0.04676379168314096
    }, 
    "CDD": {
        "error": 9.396651123244978e-06, 
        "filter_outliers_dict": {
            "filter_outliers": true, 
            "iterations": 1, 
            "std_devs": 10
        }, 
        "fit": "average", 
        "value": 4.023050506569424e-05
    }, 
    "H1": {
        "error": 0.004237648562661098, 
        "filter_outliers_dict": {
            "filter_outliers": true, 
            "iterations": 1, 
            "std_devs": 2
        }, 
        "fit": "average", 
        "value": -0.03452485781273534
    }, 
    "H2": {
        "error": 0.006333665303663499, 
        "filter_outliers_dict": {
            "filter_outliers": true, 
            "iterations": 1, 
            "std_devs": 2
        }, 
        "fit": "average", 
        "value": 0.05319199626741397
    }, 
    "L1": {
        "error": 0.002714267886847818, 
        "filter_outliers_dict": {
            "filter_outliers": true, 
            "iterations": 1, 
            "std_devs": 2
        }, 
        "fit": "average", 
        "value": -0.018898728954842195
    }, 
    "L2": {
        "error": 0.005183984053998852, 
        "filter_outliers_dict": {
            "filter_outliers": true, 
            "iterations": 1, 
            "std_devs": 2
        }, 
        "fit": "average", 
        "value": 0.1353313929778415
    }
}