{
    "AX": {
        "error": 0.007548121226214131, 
        "filter_outliers_dict": {
            "filter_outliers": true, 
            "iterations": 1, 
            "std_devs": 2
        }, 
        "fit": "average", 
        "value": 0.03751820698139025
    }, 
    "CDD": {
        "error": 1.1240002310498146e-05, 
        "filter_outliers_dict": {
            "filter_outliers": true, 
            "iterations": 1, 
            "std_devs": 10
        }, 
        "fit": "average", 
        "value": 5.280253797965365e-05
    }, 
    "H1": {
        "error": 0.005504466274956514, 
        "filter_outliers_dict": {
            "filter_outliers": true, 
            "iterations": 1, 
            "std_devs": 2
        }, 
        "fit": "average", 
        "value": -0.034493293771656205
    }, 
    "H2": {
        "error": 0.007041619004709938, 
        "filter_outliers_dict": {
            "filter_outliers": true, 
            "iterations": 1, 
            "std_devs": 2
        }, 
        "fit": "average", 
        "value": 0.07966892742318775
    }, 
    "L1": {
        "error": 0.0029353987577576397, 
        "filter_outliers_dict": {
            "filter_outliers": true, 
            "iterations": 1, 
            "std_devs": 2
        }, 
        "fit": "average", 
        "value": -0.01283415219419575
    }, 
    "L2": {
        "error": 0.0053176248958144035, 
        "filter_outliers_dict": {
            "filter_outliers": true, 
            "iterations": 1, 
            "std_devs": 2
        }, 
        "fit": "average", 
        "value": 0.13082392390168918
    }
}