{
    "AX": {
        "error": 0.008105493336103341, 
        "filter_outliers_dict": {
            "filter_outliers": true, 
            "iterations": 1, 
            "std_devs": 2
        }, 
        "fit": "average", 
        "value": 0.036233114525250916
    }, 
    "CDD": {
        "error": 9.688611684662587e-06, 
        "filter_outliers_dict": {
            "filter_outliers": true, 
            "iterations": 1, 
            "std_devs": 10
        }, 
        "fit": "average", 
        "value": 4.52593181929112e-05
    }, 
    "H1": {
        "error": 0.005143178184728043, 
        "filter_outliers_dict": {
            "filter_outliers": true, 
            "iterations": 1, 
            "std_devs": 2
        }, 
        "fit": "average", 
        "value": -0.04310255751851499
    }, 
    "H2": {
        "error": 0.006836080856965651, 
        "filter_outliers_dict": {
            "filter_outliers": true, 
            "iterations": 1, 
            "std_devs": 2
        }, 
        "fit": "average", 
        "value": 0.0570259994199455
    }, 
    "L1": {
        "error": 0.0035552219108128343, 
        "filter_outliers_dict": {
            "filter_outliers": true, 
            "iterations": 1, 
            "std_devs": 2
        }, 
        "fit": "average", 
        "value": 0.0048863998614111954
    }, 
    "L2": {
        "error": 0.005428504525456186, 
        "filter_outliers_dict": {
            "filter_outliers": true, 
            "iterations": 1, 
            "std_devs": 2
        }, 
        "fit": "average", 
        "value": 0.1396059310823913
    }
}