{
    "Ar36": {
        "error": 0.00013787447471842761, 
        "filter_outliers_dict": {
            "filter_outliers": true, 
            "iterations": 1, 
            "std_devs": 2
        }, 
        "fit": "Parabolic", 
        "value": 0.002452025598831042
    }, 
    "Ar37": {
        "error": 0.005008723029438666, 
        "filter_outliers_dict": {
            "filter_outliers": true, 
            "iterations": 1, 
            "std_devs": 2
        }, 
        "fit": "linear", 
        "value": 0.15022177962150632
    }, 
    "Ar38": {
        "error": 0.00229671215099182, 
        "filter_outliers_dict": {
            "filter_outliers": true, 
            "iterations": 1, 
            "std_devs": 2
        }, 
        "fit": "linear", 
        "value": -0.0010893798434478857
    }, 
    "Ar39": {
        "error": 0.009228514446505564, 
        "filter_outliers_dict": {
            "filter_outliers": true, 
            "iterations": 1, 
            "std_devs": 2
        }, 
        "fit": "Parabolic", 
        "value": 0.062304820155292505
    }, 
    "Ar40": {
        "error": 0.006949026413894897, 
        "filter_outliers_dict": {
            "filter_outliers": true, 
            "iterations": 1, 
            "std_devs": 2
        }, 
        "fit": "Parabolic", 
        "value": 0.6134357288271126
    }, 
    "Ar41": {
        "error": 0.005551760001138732, 
        "filter_outliers_dict": {
            "filter_outliers": true, 
            "iterations": 1, 
            "std_devs": 2
        }, 
        "fit": "linear", 
        "value": 0.07194274698124536
    }
}