{
    "Ar36": {
        "error": 0.00012968090018698728, 
        "filter_outliers_dict": {
            "filter_outliers": true, 
            "iterations": 1, 
            "std_devs": 2
        }, 
        "fit": "Parabolic", 
        "value": 0.0016543694014175218
    }, 
    "Ar37": {
        "error": 0.005149596710839459, 
        "filter_outliers_dict": {
            "filter_outliers": true, 
            "iterations": 1, 
            "std_devs": 2
        }, 
        "fit": "linear", 
        "value": 0.15966718690165027
    }, 
    "Ar38": {
        "error": 0.0022204055062942213, 
        "filter_outliers_dict": {
            "filter_outliers": true, 
            "iterations": 1, 
            "std_devs": 2
        }, 
        "fit": "linear", 
        "value": -0.012158084482033316
    }, 
    "Ar39": {
        "error": 0.00895610002779465, 
        "filter_outliers_dict": {
            "filter_outliers": true, 
            "iterations": 1, 
            "std_devs": 2
        }, 
        "fit": "Parabolic", 
        "value": 0.061806329301256104
    }, 
    "Ar40": {
        "error": 0.0074860128350564305, 
        "filter_outliers_dict": {
            "filter_outliers": true, 
            "iterations": 1, 
            "std_devs": 2
        }, 
        "fit": "Parabolic", 
        "value": 0.34207891982705374
    }, 
    "Ar41": {
        "error": 0.005217826979909398, 
        "filter_outliers_dict": {
            "filter_outliers": true, 
            "iterations": 1, 
            "std_devs": 2
        }, 
        "fit": "linear", 
        "value": 0.08496605749663227
    }
}