{
    "Ar36": {
        "error": 0.00014410086891312738, 
        "filter_outliers_dict": {
            "filter_outliers": true, 
            "iterations": 1, 
            "std_devs": 2
        }, 
        "fit": "Parabolic", 
        "value": 0.003061442364200803
    }, 
    "Ar37": {
        "error": 0.004540465076059669, 
        "filter_outliers_dict": {
            "filter_outliers": true, 
            "iterations": 1, 
            "std_devs": 2
        }, 
        "fit": "linear", 
        "value": 0.16115639135326876
    }, 
    "Ar38": {
        "error": 0.002319222094109116, 
        "filter_outliers_dict": {
            "filter_outliers": true, 
            "iterations": 1, 
            "std_devs": 2
        }, 
        "fit": "linear", 
        "value": 0.0014258966397626936
    }, 
    "Ar39": {
        "error": 0.009032130694611961, 
        "filter_outliers_dict": {
            "filter_outliers": true, 
            "iterations": 1, 
            "std_devs": 2
        }, 
        "fit": "Parabolic", 
        "value": 0.06529922363127545
    }, 
    "Ar40": {
        "error": 0.007145351160272212, 
        "filter_outliers_dict": {
            "filter_outliers": true, 
            "iterations": 1, 
            "std_devs": 2
        }, 
        "fit": "Parabolic", 
        "value": 0.7354511812167608
    }, 
    "Ar41": {
        "error": 0.0058368821882709586, 
        "filter_outliers_dict": {
            "filter_outliers": true, 
            "iterations": 1, 
            "std_devs": 2
        }, 
        "fit": "linear", 
        "value": 0.07919373877638011
    }
}