{
    "Ar36": {
        "error": 0.00019206223636198823, 
        "filter_outliers_dict": {
            "filter_outliers": true, 
            "iterations": 1, 
            "std_devs": 2
        }, 
        "fit": "Parabolic", 
        "value": 0.00784885990190467
    }, 
    "Ar37": {
        "error": 0.005267491681428739, 
        "filter_outliers_dict": {
            "filter_outliers": true, 
            "iterations": 1, 
            "std_devs": 2
        }, 
        "fit": "linear", 
        "value": 0.1527797283112188
    }, 
    "Ar38": {
        "error": 0.002124924632449196, 
        "filter_outliers_dict": {
            "filter_outliers": true, 
            "iterations": 1, 
            "std_devs": 2
        }, 
        "fit": "linear", 
        "value": -0.012709840303236719
    }, 
    "Ar39": {
        "error": 0.008989360068922703, 
        "filter_outliers_dict": {
            "filter_outliers": true, 
            "iterations": 1, 
            "std_devs": 2
        }, 
        "fit": "Parabolic", 
        "value": 0.07725919856205346
    }, 
    "Ar40": {
        "error": 0.010039218941663748, 
        "filter_outliers_dict": {
            "filter_outliers": true, 
            "iterations": 1, 
            "std_devs": 2
        }, 
        "fit": "Parabolic", 
        "value": 2.2247256222179423
    }, 
    "Ar41": {
        "error": 0.005535376280773913, 
        "filter_outliers_dict": {
            "filter_outliers": true, 
            "iterations": 1, 
            "std_devs": 2
        }, 
        "fit": "linear", 
        "value": 0.07680958959915113
    }
}