{
    "Ar36": {
        "error": 0.0001334031948731352, 
        "filter_outliers_dict": {
            "filter_outliers": true, 
            "iterations": 1, 
            "std_devs": 2
        }, 
        "fit": "Parabolic", 
        "value": 0.0026635535751318206
    }, 
    "Ar37": {
        "error": 0.004925959139879609, 
        "filter_outliers_dict": {
            "filter_outliers": true, 
            "iterations": 1, 
            "std_devs": 2
        }, 
        "fit": "linear", 
        "value": 0.156557823601527
    }, 
    "Ar38": {
        "error": 0.0022276074659557353, 
        "filter_outliers_dict": {
            "filter_outliers": true, 
            "iterations": 1, 
            "std_devs": 2
        }, 
        "fit": "linear", 
        "value": -0.0027981911565785425
    }, 
    "Ar39": {
        "error": 0.008990790120018115, 
        "filter_outliers_dict": {
            "filter_outliers": true, 
            "iterations": 1, 
            "std_devs": 2
        }, 
        "fit": "Parabolic", 
        "value": 0.06907074830128822
    }, 
    "Ar40": {
        "error": 0.007059890640842944, 
        "filter_outliers_dict": {
            "filter_outliers": true, 
            "iterations": 1, 
            "std_devs": 2
        }, 
        "fit": "Parabolic", 
        "value": 0.6568712310555103
    }, 
    "Ar41": {
        "error": 0.0053800303374448395, 
        "filter_outliers_dict": {
            "filter_outliers": true, 
            "iterations": 1, 
            "std_devs": 2
        }, 
        "fit": "linear", 
        "value": 0.08996191221677186
    }
}