{
    "Ar36": {
        "error": 0.00013185622612275875, 
        "filter_outliers_dict": {
            "filter_outliers": true, 
            "iterations": 1, 
            "std_devs": 2
        }, 
        "fit": "Parabolic", 
        "value": 0.0026438329027193455
    }, 
    "Ar37": {
        "error": 0.004739418441321573, 
        "filter_outliers_dict": {
            "filter_outliers": true, 
            "iterations": 1, 
            "std_devs": 2
        }, 
        "fit": "linear", 
        "value": 0.15882588884956064
    }, 
    "Ar38": {
        "error": 0.002112836876860117, 
        "filter_outliers_dict": {
            "filter_outliers": true, 
            "iterations": 1, 
            "std_devs": 2
        }, 
        "fit": "linear", 
        "value": 0.0036680261698371795
    }, 
    "Ar39": {
        "error": 0.008601082005174877, 
        "filter_outliers_dict": {
            "filter_outliers": true, 
            "iterations": 1, 
            "std_devs": 2
        }, 
        "fit": "Parabolic", 
        "value": 0.06871254905431538
    }, 
    "Ar40": {
        "error": 0.007314912737520411, 
        "filter_outliers_dict": {
            "filter_outliers": true, 
            "iterations": 1, 
            "std_devs": 2
        }, 
        "fit": "Parabolic", 
        "value": 0.5124665659443519
    }, 
    "Ar41": {
        "error": 0.005225719841643692, 
        "filter_outliers_dict": {
            "filter_outliers": true, 
            "iterations": 1, 
            "std_devs": 2
        }, 
        "fit": "linear", 
        "value": 0.06334812541554015
    }
}