{
    "Ar36": {
        "error": 0.0002200350820153811, 
        "filter_outliers_dict": {
            "filter_outliers": true, 
            "iterations": 1, 
            "std_devs": 2
        }, 
        "fit": "Parabolic", 
        "value": 0.010208505572325274
    }, 
    "Ar37": {
        "error": 0.0050997775798731215, 
        "filter_outliers_dict": {
            "filter_outliers": true, 
            "iterations": 1, 
            "std_devs": 2
        }, 
        "fit": "linear", 
        "value": 0.15930481367865115
    }, 
    "Ar38": {
        "error": 0.0024008731590570757, 
        "filter_outliers_dict": {
            "filter_outliers": true, 
            "iterations": 1, 
            "std_devs": 2
        }, 
        "fit": "linear", 
        "value": -0.015125408273258605
    }, 
    "Ar39": {
        "error": 0.007995325046525791, 
        "filter_outliers_dict": {
            "filter_outliers": true, 
            "iterations": 1, 
            "std_devs": 2
        }, 
        "fit": "Parabolic", 
        "value": 0.08939735025710747
    }, 
    "Ar40": {
        "error": 0.010685735015674562, 
        "filter_outliers_dict": {
            "filter_outliers": true, 
            "iterations": 1, 
            "std_devs": 2
        }, 
        "fit": "Parabolic", 
        "value": 2.8650833760802734
    }, 
    "Ar41": {
        "error": 0.005290703847992934, 
        "filter_outliers_dict": {
            "filter_outliers": true, 
            "iterations": 1, 
            "std_devs": 2
        }, 
        "fit": "linear", 
        "value": 0.06401234442130863
    }
}