{
    "Ar36": {
        "error": 0.00022341370762126632, 
        "filter_outliers_dict": {
            "filter_outliers": true, 
            "iterations": 1, 
            "std_devs": 2
        }, 
        "fit": "Parabolic", 
        "value": 0.012664259671117069
    }, 
    "Ar37": {
        "error": 0.005188016676522464, 
        "filter_outliers_dict": {
            "filter_outliers": true, 
            "iterations": 1, 
            "std_devs": 2
        }, 
        "fit": "linear", 
        "value": 0.1618161363558869
    }, 
    "Ar38": {
        "error": 0.002100872604458259, 
        "filter_outliers_dict": {
            "filter_outliers": true, 
            "iterations": 1, 
            "std_devs": 2
        }, 
        "fit": "linear", 
        "value": -0.008915144246573515
    }, 
    "Ar39": {
        "error": 0.008514840877500459, 
        "filter_outliers_dict": {
            "filter_outliers": true, 
            "iterations": 1, 
            "std_devs": 2
        }, 
        "fit": "Parabolic", 
        "value": 0.09725988649903938
    }, 
    "Ar40": {
        "error": 0.013533313553201516, 
        "filter_outliers_dict": {
            "filter_outliers": true, 
            "iterations": 1, 
            "std_devs": 2
        }, 
        "fit": "Parabolic", 
        "value": 3.502056528116462
    }, 
    "Ar41": {
        "error": 0.005203963677494294, 
        "filter_outliers_dict": {
            "filter_outliers": true, 
            "iterations": 1, 
            "std_devs": 2
        }, 
        "fit": "linear", 
        "value": 0.07889134591590774
    }
}